abandonnât			abandonner	VER	VER		s		0	0	0																									
abandonnément			abandonnément	ADV	ADV				0	0	0																									
abasourdît			abasourdir	VER	VER		s		0	0	0																									
abcèdes			abcéder	VER	VER		s		0	0	0																									
abjurés			abjurer	VER	VER		p		0	0	0																									
ablués			abluer	VER	VER		p		0	0	0																									
abolît			abolir	VER	VER		s		0	0	0																									
abominé			abominer	VER	VER		s		0	0	0																									
abonnèrent			abonner	VER	VER		p		0	0	0																									
abornés			aborner	VER	VER		p		0	0	0																									
abottés			abotté	ADJ	ADJ		p		0	0	0																									
aboutît			aboutir	VER	VER		s		0	0	0																									
abraqués			abraquer	VER	VER		p		0	0	0																									
abritât			abriter	VER	VER		s		0	0	0																									
abrutît			abrutir	VER	VER		s		0	0	0																									
abrégement			abrégement	NOM	NOM	m	s		0	0	0																									
abrégements			abrégement	NOM	NOM		p		0	0	0																									
abrégeront			abréger	VER	VER		p		0	0	0																									
abrégément			abrégément	ADV	ADV				0	0	0																									
absinthés			absinther	VER	VER		p		0	0	0																									
absinthé			absinther	VER	VER		s		0	0	0																									
abutât			abuter	VER	VER		s		0	0	0																									
abutés			abuter	VER	VER		p		0	0	0																									
abâtardît			abâtardir	VER	VER		s		0	0	0																									
abéché			abécher	VER	VER		s		0	0	0																									
abéquât			abéquer	VER	VER		s		0	0	0																									
abîmai			abîmer	VER	VER		s		0	0	0																									
abîmas			abîmer	VER	VER		s		0	0	0																									
abîmerions			abîmer	VER	VER		p		0	0	0																									
abîmerons			abîmer	VER	VER		p		0	0	0																									
abîmions			abîmer	VER	VER		p		0	0	0																									
abîmât			abîmer	VER	VER		s		0	0	0																									
académisé			académiser	VER	VER		s		0	0	0																									
accointé			accointer	VER	VER		s		0	0	0																									
accoladés			accolader	VER	VER		p		0	0	0																									
accoladé			accolader	VER	VER		s		0	0	0																									
accompagnât			accompagner	VER	VER		s		0	0	0																									
accomplît			accomplir	VER	VER		s		0	0	0																									
accornés			accorné	ADJ	ADJ		p		0	0	0																									
accourcît			accourcir	VER	VER		s		0	0	0																									
accourût			accourir	VER	VER		s		0	0	0																									
accrédites			accréditer	VER	VER		s		0	0	0																									
accueillît			accueillir	VER	VER		s		0	0	0																									
accumulât			accumuler	VER	VER		s		0	0	0																									
accusât			accuser	VER	VER		s		0	0	0																									
accéderaient			accéder	VER	VER		p		0	0	0																									
achetât			acheter	VER	VER		s		0	0	0																									
acière			aciérer	VER	VER		s		0	0	0																									
aciéra			aciérer	VER	VER		s		0	0	0																									
aciérai			aciérer	VER	VER		s		0	0	0																									
aciéraient			aciérer	VER	VER		p		0	0	0																									
aciérais			aciérer	VER	VER		s		0	0	0																									
aciérait			aciérer	VER	VER		s		0	0	0																									
aciéras			aciérer	VER	VER		s		0	0	0																									
aciérez			aciérer	VER	VER		p		0	0	0																									
aciériez			aciérer	VER	VER		p		0	0	0																									
aciérions			aciérer	VER	VER		p		0	0	0																									
aciérons			aciérer	VER	VER		p		0	0	0																									
aciéré			aciérer	VER	VER		s		0	0	0																									
acotylédoné			acotylédoné	ADJ	ADJ		s		0	0	0																									
acotylédonés			acotylédoné	ADJ	ADJ		p		0	0	0																									
acquît			acquérir	VER	VER		s		0	0	0																									
acquîtes			acquérir	VER	VER		p		0	0	0																									
actât			acter	VER	VER		s		0	0	0																									
actâtes			acter	VER	VER		p		0	0	0																									
activâtes			activer	VER	VER		p		0	0	0																									
activèrent			activer	VER	VER		p		0	0	0																									
acutangulés			acutangulé	ADJ	ADJ		p		0	0	0																									
acéra			acérer	VER	VER		s		0	0	0																									
acétabule			acétabule	NOM	NOM	f	s		0	0	0																									
acétifie			acétifier	VER	VER		s		0	0	0																									
acétifié			acétifier	VER	VER		s		0	0	0																									
acétones			acétone	NOM	NOM		p		0	0	0																									
acétylé			acétyler	VER	VER		s		0	0	0																									
adaptât			adapter	VER	VER		s		0	0	0																									
adentés			adenter	VER	VER		p		0	0	0																									
adhérai			adhérer	VER	VER		s		0	0	0																									
adhéras			adhérer	VER	VER		s		0	0	0																									
adhéreraient			adhérer	VER	VER		p		0	0	0																									
adhéreras			adhérer	VER	VER		s		0	0	0																									
adhérerez			adhérer	VER	VER		p		0	0	0																									
adirât			adirer	VER	VER		s		0	0	0																									
adjectivés			adjectiver	VER	VER		p		0	0	0																									
adjectivé			adjectiver	VER	VER		s		0	0	0																									
adjoignît			adjoindre	VER	VER		s		0	0	0																									
adjuvât			adjuver	VER	VER		s		0	0	0																									
admît			admettre	VER	VER		s		0	0	0																									
admîtes			admettre	VER	VER		p		0	0	0																									
adornât			adorner	VER	VER		s		0	0	0																									
adornés			adorner	VER	VER		p		0	0	0																									
adoucît			adoucir	VER	VER		s		0	0	0																									
adulât			aduler	VER	VER		s		0	0	0																									
adulâtes			aduler	VER	VER		p		0	0	0																									
adultéra			adultérer	VER	VER		s		0	0	0																									
adultéreront			adultérer	VER	VER		p		0	0	0																									
adultérez			adultérer	VER	VER		p		0	0	0																									
advînt			advenir	VER	VER		s		0	0	0																									
affadît			affadir	VER	VER		s		0	0	0																									
affaiblît			affaiblir	VER	VER		s		0	0	0																									
affaités			affaiter	VER	VER		p		0	0	0																									
affaité			affaiter	VER	VER		s		0	0	0																									
affaîte			affaîter	VER	VER		s		0	0	0																									
affaîtes			affaîter	VER	VER		s		0	0	0																									
affaîté			affaîter	VER	VER		s		0	0	0																									
affermît			affermir	VER	VER		s		0	0	0																									
affouagé			affouager	VER	VER		s		0	0	0																									
affouagés			affouager	VER	VER		p		0	0	0																									
affourché			affourcher	VER	VER		s		0	0	0																									
affranchît			affranchir	VER	VER		s		0	0	0																									
affriandé			affriander	VER	VER		s		0	0	0																									
affriolé			affrioler	VER	VER		s		0	0	0																									
affrètes			affréter	VER	VER		s		0	0	0																									
affuré			affurer	VER	VER		s		0	0	0																									
afféagé			afféager	VER	VER		s		0	0	0																									
affété			affété	ADJ	ADJ		s		0	0	0																									
affétés			affété	ADJ	ADJ		p		0	0	0																									
affétée			affété	ADJ	ADJ		s		0	0	0																									
agaçât			agacer	VER	VER		s		0	0	0																									
agavés			agavé	NOM	NOM		p		0	0	0																									
agenças			agencer	VER	VER		s		0	0	0																									
agglomérât			agglomérer	VER	VER		s		0	0	0																									
agglomères			agglomérer	VER	VER		s		0	0	0																									
agglutinât			agglutiner	VER	VER		s		0	0	0																									
agîmes			agir	VER	VER		p		0	0	0																									
agminé			agminé	ADJ	ADJ		s		0	0	0																									
agminés			agminé	ADJ	ADJ		p		0	0	0																									
agnèle			agneler	VER	VER		s		0	0	0																									
agnelé			agneler	VER	VER		s		0	0	0																									
agonît			agonir	VER	VER		s		0	0	0																									
agrainés			agrainer	VER	VER		p		0	0	0																									
agrainé			agrainer	VER	VER		s		0	0	0																									
agrandît			agrandir	VER	VER		s		0	0	0																									
agrènes			agrener	VER	VER		s		0	0	0																									
agrenés			agrener	VER	VER		p		0	0	0																									
agrené			agrener	VER	VER		s		0	0	0																									
agriffés			agriffer	VER	VER		p		0	0	0																									
agréasse			agréer	VER	VER		s		0	0	0																									
agréassions			agréer	VER	VER		p		0	0	0																									
agrèges			agréger	VER	VER		s		0	0	0																									
aguerrît			aguerrir	VER	VER		s		0	0	0																									
aguettés			aguetter	VER	VER		p		0	0	0																									
aguetté			aguetter	VER	VER		s		0	0	0																									
ahanés			ahaner	VER	VER		p		0	0	0																									
ahurît			ahurir	VER	VER		s		0	0	0																									
aidât			aider	VER	VER		s		0	0	0																									
aigretté			aigretté	ADJ	ADJ		s		0	0	0																									
aigrettés			aigretté	ADJ	ADJ		p		0	0	0																									
aigrît			aigrir	VER	VER		s		0	0	0																									
aiguillât			aiguiller	VER	VER		s		0	0	0																									
aigûment			aigûment	ADV	ADV				0	0	0																									
ailâmes			ailer	VER	VER		p		0	0	0																									
aillât			ailler	VER	VER		s		0	0	0																									
airât			airer	VER	VER		s		0	0	0																									
airâtes			airer	VER	VER		p		0	0	0																									
ajustèrent			ajuster	VER	VER		p		0	0	0																									
ajutât			ajuter	VER	VER		s		0	0	0																									
alanguît			alanguir	VER	VER		s		0	0	0																									
albuminé			albuminé	ADJ	ADJ		s		0	0	0																									
albuminés			albuminé	ADJ	ADJ		p		0	0	0																									
alcalinisé			alcaliniser	VER	VER		s		0	0	0																									
alentît			alentir	VER	VER		s		0	0	0																									
alevinés			aleviner	VER	VER		p		0	0	0																									
aleviné			aleviner	VER	VER		s		0	0	0																									
alignèrent			aligner	VER	VER		p		0	0	0																									
aliéna			aliéner	VER	VER		s		0	0	0																									
aliénas			aliéner	VER	VER		s		0	0	0																									
allantoïdien			allantoïdien	NOM	NOM	m	s		0	0	0																									
allantoïdiens			allantoïdien	NOM	NOM		p		0	0	0																									
allantoïdienne			allantoïdien	ADJ	ADJ		s		0	0	0																									
allantoïdiennes			allantoïdien	ADJ	ADJ		p		0	0	0																									
alliacé			alliacé	ADJ	ADJ		s		0	0	0																									
alliacés			alliacé	ADJ	ADJ		p		0	0	0																									
alliât			allier	VER	VER		s		0	0	0																									
allène			allène	NOM	NOM	m	s		0	0	0																									
allènes			allène	NOM	NOM		p		0	0	0																									
allèches			allécher	VER	VER		s		0	0	0																									
allégerons			alléger	VER	VER		p		0	0	0																									
allégiez			alléger	VER	VER		p		0	0	0																									
allégîmes			allégir	VER	VER		p		0	0	0																									
allégîtes			allégir	VER	VER		p		0	0	0																									
allégies			allégir	VER	VER		p		0	0	0																									
allègues			alléguer	VER	VER		s		0	0	0																									
alourdît			alourdir	VER	VER		s		0	0	0																									
aloyés			aloyer	VER	VER		p		0	0	0																									
aloyé			aloyer	VER	VER		s		0	0	0																									
aloïne			aloïne	NOM	NOM	f	s		0	0	0																									
altératif			altératif	ADJ	ADJ		s		0	0	0																									
altérative			altératif	ADJ	ADJ		s		0	0	0																									
altératives			altératif	ADJ	ADJ		p		0	0	0																									
aluminâtes			aluminer	VER	VER		p		0	0	0																									
alunés			aluner	VER	VER		p		0	0	0																									
alunît			alunir	VER	VER		s		0	0	0																									
alvéolés			alvéolé	ADJ	ADJ		p		0	0	0																									
alênes			alêne	NOM	NOM		p		0	0	0																									
amaigrît			amaigrir	VER	VER		s		0	0	0																									
amariné			amariner	VER	VER		s		0	0	0																									
amarrât			amarrer	VER	VER		s		0	0	0																									
amatît			amatir	VER	VER		s		0	0	0																									
amblés			ambler	VER	VER		p		0	0	0																									
amblé			ambler	VER	VER		s		0	0	0																									
ambulât			ambuler	VER	VER		s		0	0	0																									
amendât			amender	VER	VER		s		0	0	0																									
amendèrent			amender	VER	VER		p		0	0	0																									
amerrît			amerrir	VER	VER		s		0	0	0																									
ameublît			ameublir	VER	VER		s		0	0	0																									
amiaulé			amiauler	VER	VER		s		0	0	0																									
amignonnés			amignonner	VER	VER		p		0	0	0																									
amignonné			amignonner	VER	VER		s		0	0	0																									
amincît			amincir	VER	VER		s		0	0	0																									
amoindrît			amoindrir	VER	VER		s		0	0	0																									
amollît			amollir	VER	VER		s		0	0	0																									
amortît			amortir	VER	VER		s		0	0	0																									
amourât			amourer	VER	VER		s		0	0	0																									
amurât			amurer	VER	VER		s		0	0	0																									
amusâtes			amuser	VER	VER		p		0	0	0																									
amènement			amènement	ADV	ADV				0	0	0																									
américanises			américaniser	VER	VER		s		0	0	0																									
anagrammés			anagrammer	VER	VER		p		0	0	0																									
anagrammé			anagrammer	VER	VER		s		0	0	0																									
analysât			analyser	VER	VER		s		0	0	0																									
analysâtes			analyser	VER	VER		p		0	0	0																									
anaphylactisé			anaphylactiser	VER	VER		s		0	0	0																									
anarchisât			anarchiser	VER	VER		s		0	0	0																									
anarchisés			anarchiser	VER	VER		p		0	0	0																									
anarchisé			anarchiser	VER	VER		s		0	0	0																									
anatomisé			anatomiser	VER	VER		s		0	0	0																									
angélisés			angéliser	VER	VER		p		0	0	0																									
angélisé			angéliser	VER	VER		s		0	0	0																									
animât			animer	VER	VER		s		0	0	0																									
annonçât			annoncer	VER	VER		s		0	0	0																									
anoblît			anoblir	VER	VER		s		0	0	0																									
antagonisé			antagoniser	VER	VER		s		0	0	0																									
anéantît			anéantir	VER	VER		s		0	0	0																									
aoûtai			aoûter	VER	VER		s		0	0	0																									
aoûtais			aoûter	VER	VER		s		0	0	0																									
aoûtant			aoûter	VER	VER				0	0	0																									
aoûtas			aoûter	VER	VER		s		0	0	0																									
aoûtes			aoûter	VER	VER		s		0	0	0																									
aoûtiez			aoûter	VER	VER		p		0	0	0																									
aoûtons			aoûter	VER	VER		p		0	0	0																									
aoûtât			aoûter	VER	VER		s		0	0	0																									
aoûtés			aoûter	VER	VER		p		0	0	0																									
aoûtée			aoûter	VER	VER		s		0	0	0																									
aoûtien			aoûtien	NOM	NOM	m	s		0	0	0																									
aoûtiens			aoûtien	NOM	NOM		p		0	0	0																									
apanagés			apanager	VER	VER		p		0	0	0																									
apanagé			apanager	VER	VER		s		0	0	0																									
aperçût			apercevoir	VER	VER		s		0	0	0																									
apiquât			apiquer	VER	VER		s		0	0	0																									
apiqués			apiquer	VER	VER		p		0	0	0																									
apiécés			apiécer	VER	VER		p		0	0	0																									
apiécé			apiécer	VER	VER		s		0	0	0																									
aplanît			aplanir	VER	VER		s		0	0	0																									
aplatît			aplatir	VER	VER		s		0	0	0																									
apocopé			apocopé	ADJ	ADJ		s		0	0	0																									
apologisé			apologiser	VER	VER		s		0	0	0																									
apostât			aposter	VER	VER		s		0	0	0																									
apostâtes			aposter	VER	VER		p		0	0	0																									
apostillé			apostiller	VER	VER		s		0	0	0																									
apostumé			apostumer	VER	VER		s		0	0	0																									
apothéosé			apothéoser	VER	VER		s		0	0	0																									
appairât			appairer	VER	VER		s		0	0	0																									
appariât			apparier	VER	VER		s		0	0	0																									
appartînt			appartenir	VER	VER		s		0	0	0																									
appaumé			appaumé	ADJ	ADJ		s		0	0	0																									
appauvrît			appauvrir	VER	VER		s		0	0	0																									
appesantît			appesantir	VER	VER		s		0	0	0																									
applaudît			applaudir	VER	VER		s		0	0	0																									
apportât			apporter	VER	VER		s		0	0	0																									
approchât			approcher	VER	VER		s		0	0	0																									
approfondît			approfondir	VER	VER		s		0	0	0																									
approvisionnèrent			approvisionner	VER	VER		p		0	0	0																									
apprêtât			apprêter	VER	VER		s		0	0	0																									
appuyât			appuyer	VER	VER		s		0	0	0																									
appâli			appâlir	VER	VER		s		0	0	0																									
appète			appéter	VER	VER		s		0	0	0																									
appétaient			appéter	VER	VER		p		0	0	0																									
appétais			appéter	VER	VER		s		0	0	0																									
appétant			appéter	VER	VER				0	0	0																									
appétez			appéter	VER	VER		p		0	0	0																									
appétiez			appéter	VER	VER		p		0	0	0																									
appétât			appéter	VER	VER		s		0	0	0																									
appétons			appéter	VER	VER		p		0	0	0																									
appètes			appéter	VER	VER		s		0	0	0																									
appétés			appéter	VER	VER		p		0	0	0																									
appété			appéter	VER	VER		s		0	0	0																									
appétée			appéter	VER	VER		s		0	0	0																									
appétées			appéter	VER	VER		p		0	0	0																									
apurât			apurer	VER	VER		s		0	0	0																									
apâlir			apâlir	VER	VER				0	0	0																									
apâlis			apâlir	VER	VER		s		0	0	0																									
apâlit			apâlir	VER	VER		s		0	0	0																									
apâlît			apâlir	VER	VER		s		0	0	0																									
apâli			apâlir	VER	VER		s		0	0	0																									
apâlie			apâlir	VER	VER		s		0	0	0																									
aquarellés			aquareller	VER	VER		p		0	0	0																									
aquarellé			aquareller	VER	VER		s		0	0	0																									
arabisé			arabiser	VER	VER		s		0	0	0																									
arasés			araser	VER	VER		p		0	0	0																									
arbitragés			arbitrager	VER	VER		p		0	0	0																									
arbitragé			arbitrager	VER	VER		s		0	0	0																									
archaïsa			archaïser	VER	VER		s		0	0	0																									
archaïse			archaïser	VER	VER		s		0	0	0																									
archaïsent			archaïser	VER	VER		p		0	0	0																									
archaïsé			archaïser	VER	VER		s		0	0	0																									
archiprêtré			archiprêtré	NOM	NOM	m	s		0	0	0																									
archiprêtrés			archiprêtré	NOM	NOM		p		0	0	0																									
architravé			architravé	ADJ	ADJ		s		0	0	0																									
arâmes			arer	VER	VER		p		0	0	0																									
arât			arer	VER	VER		s		0	0	0																									
arâtes			arer	VER	VER		p		0	0	0																									
arlequinés			arlequiner	VER	VER		p		0	0	0																									
arlequiné			arlequiner	VER	VER		s		0	0	0																									
armât			armer	VER	VER		s		0	0	0																									
armorié			armorier	VER	VER		s		0	0	0																									
armurés			armuré	ADJ	ADJ		p		0	0	0																									
arquebusés			arquebuser	VER	VER		p		0	0	0																									
arquebusé			arquebuser	VER	VER		s		0	0	0																									
arrangeât			arranger	VER	VER		s		0	0	0																									
arrentât			arrenter	VER	VER		s		0	0	0																									
arrentés			arrenter	VER	VER		p		0	0	0																									
arrentées			arrenter	VER	VER		p		0	0	0																									
arrhées			arrher	VER	VER		p		0	0	0																									
arriéra			arriérer	VER	VER		s		0	0	0																									
arriérai			arriérer	VER	VER		s		0	0	0																									
arriérais			arriérer	VER	VER		s		0	0	0																									
arriérait			arriérer	VER	VER		s		0	0	0																									
arriéras			arriérer	VER	VER		s		0	0	0																									
arriérer			arriérer	VER	VER				0	0	0																									
arriérez			arriérer	VER	VER		p		0	0	0																									
arriériez			arriérer	VER	VER		p		0	0	0																									
arriérions			arriérer	VER	VER		p		0	0	0																									
arriérât			arriérer	VER	VER		s		0	0	0																									
arriérons			arriérer	VER	VER		p		0	0	0																									
arrondît			arrondir	VER	VER		s		0	0	0																									
arréragés			arrérager	VER	VER		p		0	0	0																									
arréragé			arrérager	VER	VER		s		0	0	0																									
arrêtât			arrêter	VER	VER		s		0	0	0																									
arsouillés			arsouiller	VER	VER		p		0	0	0																									
arsouillé			arsouiller	VER	VER		s		0	0	0																									
arséniques			arsénique	ADJ	ADJ		p		0	0	0																									
arsénié			arsénié	ADJ	ADJ		s		0	0	0																									
arçonnais			arçonner	VER	VER		s		0	0	0																									
arçonnait			arçonner	VER	VER		s		0	0	0																									
arçonné			arçonner	VER	VER		s		0	0	0																									
arénaient			aréner	VER	VER		p		0	0	0																									
arénait			aréner	VER	VER		s		0	0	0																									
arénant			aréner	VER	VER				0	0	0																									
arénera			aréner	VER	VER		s		0	0	0																									
arénerai			aréner	VER	VER		s		0	0	0																									
arénez			aréner	VER	VER		p		0	0	0																									
aréniez			aréner	VER	VER		p		0	0	0																									
arénât			aréner	VER	VER		s		0	0	0																									
arénons			aréner	VER	VER		p		0	0	0																									
arénés			aréner	VER	VER		p		0	0	0																									
aréné			aréner	VER	VER		s		0	0	0																									
arénée			aréner	VER	VER		s		0	0	0																									
aréolé			aréolé	ADJ	ADJ		s		0	0	0																									
aréolés			aréolé	ADJ	ADJ		p		0	0	0																									
ascensionnés			ascensionner	VER	VER		p		0	0	0																									
aspirât			aspirer	VER	VER		s		0	0	0																									
assagît			assagir	VER	VER		s		0	0	0																									
assaillît			assaillir	VER	VER		s		0	0	0																									
assainît			assainir	VER	VER		s		0	0	0																									
assassinât			assassiner	VER	VER		s		0	0	0																									
assassinâtes			assassiner	VER	VER		p		0	0	0																									
assenât			assener	VER	VER		s		0	0	0																									
assît			asseoir	VER	VER		s		0	0	0																									
assîtes			asseoir	VER	VER		p		0	0	0																									
asservît			asservir	VER	VER		s		0	0	0																									
assibilé			assibiler	VER	VER		s		0	0	0																									
assistât			assister	VER	VER		s		0	0	0																									
assistâtes			assister	VER	VER		p		0	0	0																									
assiégeraient			assiéger	VER	VER		p		0	0	0																									
assièges			assiéger	VER	VER		s		0	0	0																									
assolé			assoler	VER	VER		s		0	0	0																									
assombrît			assombrir	VER	VER		s		0	0	0																									
assonancés			assonancer	VER	VER		p		0	0	0																									
assonancé			assonancer	VER	VER		s		0	0	0																									
assoné			assoner	VER	VER		s		0	0	0																									
assortît			assortir	VER	VER		s		0	0	0																									
assoupît			assoupir	VER	VER		s		0	0	0																									
assouplît			assouplir	VER	VER		s		0	0	0																									
assourdît			assourdir	VER	VER		s		0	0	0																									
assouvît			assouvir	VER	VER		s		0	0	0																									
assujettît			assujettir	VER	VER		s		0	0	0																									
assécherait			assécher	VER	VER		s		0	0	0																									
assécheras			assécher	VER	VER		s		0	0	0																									
astreignît			astreindre	VER	VER		s		0	0	0																									
astéride			astéride	NOM	NOM	m	s		0	0	0																									
astérides			astéride	NOM	NOM		p		0	0	0																									
atigés			atiger	VER	VER		p		0	0	0																									
atigé			atiger	VER	VER		s		0	0	0																									
atournât			atourner	VER	VER		s		0	0	0																									
attaquât			attaquer	VER	VER		s		0	0	0																									
atteignît			atteindre	VER	VER		s		0	0	0																									
attendrît			attendrir	VER	VER		s		0	0	0																									
attînt			attenir	VER	VER		s		0	0	0																									
attentât			attenter	VER	VER		s		0	0	0																									
attentâtes			attenter	VER	VER		p		0	0	0																									
atterrât			atterrer	VER	VER		s		0	0	0																									
atterrît			atterrir	VER	VER		s		0	0	0																									
attestât			attester	VER	VER		s		0	0	0																									
attirâtes			attirer	VER	VER		p		0	0	0																									
attitrât			attitrer	VER	VER		s		0	0	0																									
atténuais			atténuer	VER	VER		s		0	0	0																									
atténuas			atténuer	VER	VER		s		0	0	0																									
atténuions			atténuer	VER	VER		p		0	0	0																									
atténuât			atténuer	VER	VER		s		0	0	0																									
atténuâtes			atténuer	VER	VER		p		0	0	0																									
aubergés			auberger	VER	VER		p		0	0	0																									
aubinés			aubiner	VER	VER		p		0	0	0																									
aubiné			aubiner	VER	VER		s		0	0	0																									
augurât			augurer	VER	VER		s		0	0	0																									
augurés			augurer	VER	VER		p		0	0	0																									
augées			augée	NOM	NOM		p		0	0	0																									
aumônés			aumôner	VER	VER		p		0	0	0																									
aunât			auner	VER	VER		s		0	0	0																									
australoïde			australoïde	ADJ	ADJ		s		0	0	0																									
australoïdes			australoïde	ADJ	ADJ		p		0	0	0																									
autofécondes			autoféconder	VER	VER		s		0	0	0																									
autolysât			autolyser	VER	VER		s		0	0	0																									
autolysé			autolyser	VER	VER		s		0	0	0																									
avalât			avaler	VER	VER		s		0	0	0																									
avançât			avancer	VER	VER		s		0	0	0																									
aventuriné			aventuriné	ADJ	ADJ		s		0	0	0																									
avertît			avertir	VER	VER		s		0	0	0																									
aveuglèrent			aveugler	VER	VER		p		0	0	0																									
avilît			avilir	VER	VER		s		0	0	0																									
avironné			avironner	VER	VER		s		0	0	0																									
avivât			aviver	VER	VER		s		0	0	0																									
avivâtes			aviver	VER	VER		p		0	0	0																									
avoinés			avoiner	VER	VER		p		0	0	0																									
avoisinés			avoisiner	VER	VER		p		0	0	0																									
avoisiné			avoisiner	VER	VER		s		0	0	0																									
avortèrent			avorter	VER	VER		p		0	0	0																									
avouât			avouer	VER	VER		s		0	0	0																									
avoyât			avoyer	VER	VER		s		0	0	0																									
avoyés			avoyer	VER	VER		p		0	0	0																									
avérai			avérer	VER	VER		s		0	0	0																									
avéras			avérer	VER	VER		s		0	0	0																									
avériez			avérer	VER	VER		p		0	0	0																									
avérions			avérer	VER	VER		p		0	0	0																									
axât			axer	VER	VER		s		0	0	0																									
azurât			azurer	VER	VER		s		0	0	0																									
azurés			azurer	VER	VER		p		0	0	0																									
aéreras			aérer	VER	VER		s		0	0	0																									
aérâtes			aérer	VER	VER		p		0	0	0																									
aétite			aétite	NOM	NOM	f	s		0	0	0																									
aétites			aétite	NOM	NOM		p		0	0	0																									
badaudé			badauder	VER	VER		s		0	0	0																									
bagoté			bagoter	VER	VER		s		0	0	0																									
bagotté			bagotter	VER	VER		s		0	0	0																									
baisât			baiser	VER	VER		s		0	0	0																									
baissât			baisser	VER	VER		s		0	0	0																									
balanças			balancer	VER	VER		s		0	0	0																									
balisât			baliser	VER	VER		s		0	0	0																									
baliverné			baliverner	VER	VER		s		0	0	0																									
ballastés			ballaster	VER	VER		p		0	0	0																									
ballasté			ballaster	VER	VER		s		0	0	0																									
ballât			baller	VER	VER		s		0	0	0																									
balustrés			balustrer	VER	VER		p		0	0	0																									
balustré			balustrer	VER	VER		s		0	0	0																									
bandâmes			bander	VER	VER		p		0	0	0																									
bandât			bander	VER	VER		s		0	0	0																									
bandâtes			bander	VER	VER		p		0	0	0																									
banderillés			banderiller	VER	VER		p		0	0	0																									
banderillé			banderiller	VER	VER		s		0	0	0																									
banderolés			banderoler	VER	VER		p		0	0	0																									
banderolé			banderoler	VER	VER		s		0	0	0																									
bannît			bannir	VER	VER		s		0	0	0																									
banquât			banquer	VER	VER		s		0	0	0																									
banquetât			banqueter	VER	VER		s		0	0	0																									
banquète			banqueter	VER	VER		s		0	0	0																									
banquètes			banqueter	VER	VER		s		0	0	0																									
baptisât			baptiser	VER	VER		s		0	0	0																									
baquète			baqueter	VER	VER		s		0	0	0																									
baraudé			barauder	VER	VER		s		0	0	0																									
barbarisé			barbariser	VER	VER		s		0	0	0																									
barbèle			barbeler	VER	VER		s		0	0	0																									
barbâmes			barber	VER	VER		p		0	0	0																									
barbât			barber	VER	VER		s		0	0	0																									
barbâtes			barber	VER	VER		p		0	0	0																									
baronnés			baronner	VER	VER		p		0	0	0																									
barrâmes			barrer	VER	VER		p		0	0	0																									
barrâtes			barrer	VER	VER		p		0	0	0																									
barrît			barrir	VER	VER		s		0	0	0																									
basanât			basaner	VER	VER		s		0	0	0																									
basât			baser	VER	VER		s		0	0	0																									
bastât			baster	VER	VER		s		0	0	0																									
bastillé			bastillé	ADJ	ADJ		s		0	0	0																									
bastillés			bastillé	ADJ	ADJ		p		0	0	0																									
bastingué			bastinguer	VER	VER		s		0	0	0																									
bastringués			bastringuer	VER	VER		p		0	0	0																									
bastringué			bastringuer	VER	VER		s		0	0	0																									
batelé			bateler	VER	VER		s		0	0	0																									
battît			battre	VER	VER		s		0	0	0																									
baudît			baudir	VER	VER		s		0	0	0																									
baudîtes			baudir	VER	VER		p		0	0	0																									
bavardâmes			bavarder	VER	VER		p		0	0	0																									
bavardâtes			bavarder	VER	VER		p		0	0	0																									
bavât			baver	VER	VER		s		0	0	0																									
bayât			bayer	VER	VER		s		0	0	0																									
becquète			becqueter	VER	VER		s		0	0	0																									
becquètes			becqueter	VER	VER		s		0	0	0																									
beloté			beloter	VER	VER		s		0	0	0																									
belotté			belotter	VER	VER		s		0	0	0																									
berçai			bercer	VER	VER		s		0	0	0																									
berdiné			berdiner	VER	VER		s		0	0	0																									
berlurés			berlurer	VER	VER		p		0	0	0																									
berluré			berlurer	VER	VER		s		0	0	0																									
biaisât			biaiser	VER	VER		s		0	0	0																									
bibardé			bibarder	VER	VER		s		0	0	0																									
bicarbonatés			bicarbonaté	ADJ	ADJ		p		0	0	0																									
bicarré			bicarré	ADJ	ADJ		s		0	0	0																									
bicarrés			bicarré	ADJ	ADJ		p		0	0	0																									
bichés			bicher	VER	VER		p		0	0	0																									
biffèrent			biffer	VER	VER		p		0	0	0																									
bigés			biger	VER	VER		p		0	0	0																									
bigées			biger	VER	VER		p		0	0	0																									
bigornés			bigorner	VER	VER		p		0	0	0																									
bigorné			bigorner	VER	VER		s		0	0	0																									
bilié			bilié	ADJ	ADJ		s		0	0	0																									
biliés			bilié	ADJ	ADJ		p		0	0	0																									
billât			biller	VER	VER		s		0	0	0																									
binée			biner	VER	VER		s		0	0	0																									
binées			biner	VER	VER		p		0	0	0																									
biographiés			biographier	VER	VER		p		0	0	0																									
biogénèse			biogénèse	NOM	NOM	f	s		0	0	0																									
bipenné			bipenné	ADJ	ADJ		s		0	0	0																									
bistrât			bistrer	VER	VER		s		0	0	0																									
bittés			bitter	VER	VER		p		0	0	0																									
blaisât			blaiser	VER	VER		s		0	0	0																									
blanchît			blanchir	VER	VER		s		0	0	0																									
blasât			blaser	VER	VER		s		0	0	0																									
blatéré			blatérer	VER	VER		s		0	0	0																									
blessât			blesser	VER	VER		s		0	0	0																									
bleuît			bleuir	VER	VER		s		0	0	0																									
blondît			blondir	VER	VER		s		0	0	0																									
bluettés			bluetter	VER	VER		p		0	0	0																									
bluetté			bluetter	VER	VER		s		0	0	0																									
bléait			bléer	VER	VER		s		0	0	0																									
bléant			bléer	VER	VER				0	0	0																									
bléas			bléer	VER	VER		s		0	0	0																									
bléasse			bléer	VER	VER		s		0	0	0																									
bléassent			bléer	VER	VER		p		0	0	0																									
bléasses			bléer	VER	VER		s		0	0	0																									
bléent			bléer	VER	VER		p		0	0	0																									
bléera			bléer	VER	VER		s		0	0	0																									
bléez			bléer	VER	VER		p		0	0	0																									
bléât			bléer	VER	VER		s		0	0	0																									
bléâtes			bléer	VER	VER		p		0	0	0																									
bléée			bléer	VER	VER		s		0	0	0																									
bléées			bléer	VER	VER		p		0	0	0																									
blèsent			bléser	VER	VER		p		0	0	0																									
blésa			bléser	VER	VER		s		0	0	0																									
blésant			bléser	VER	VER				0	0	0																									
blésas			bléser	VER	VER		s		0	0	0																									
blésera			bléser	VER	VER		s		0	0	0																									
blésez			bléser	VER	VER		p		0	0	0																									
blésiez			bléser	VER	VER		p		0	0	0																									
blêmît			blêmir	VER	VER		s		0	0	0																									
bogués			boguer	VER	VER		p		0	0	0																									
bûtes			boire	VER	VER		p		0	0	0																									
bombancés			bombancer	VER	VER		p		0	0	0																									
bombancé			bombancer	VER	VER		s		0	0	0																									
bombât			bomber	VER	VER		s		0	0	0																									
bondît			bondir	VER	VER		s		0	0	0																									
bonimentés			bonimenter	VER	VER		p		0	0	0																									
bonnît			bonnir	VER	VER		s		0	0	0																									
boquillonné			boquillonner	VER	VER		s		0	0	0																									
boraté			boraté	ADJ	ADJ		s		0	0	0																									
boratés			boraté	ADJ	ADJ		p		0	0	0																									
boriqué			boriqué	ADJ	ADJ		s		0	0	0																									
boriqués			boriqué	ADJ	ADJ		p		0	0	0																									
bossèle			bosseler	VER	VER		s		0	0	0																									
bossèles			bosseler	VER	VER		s		0	0	0																									
bossât			bosser	VER	VER		s		0	0	0																									
bossuât			bossuer	VER	VER		s		0	0	0																									
bossués			bossuer	VER	VER		p		0	0	0																									
bottèle			botteler	VER	VER		s		0	0	0																									
bouboulés			boubouler	VER	VER		p		0	0	0																									
bouboulé			boubouler	VER	VER		s		0	0	0																									
bouchardés			boucharder	VER	VER		p		0	0	0																									
bouchardé			boucharder	VER	VER		s		0	0	0																									
bouffardé			bouffarder	VER	VER		s		0	0	0																									
bouffonnés			bouffonner	VER	VER		p		0	0	0																									
bougeât			bouger	VER	VER		s		0	0	0																									
bouillât			bouiller	VER	VER		s		0	0	0																									
bouillâtes			bouiller	VER	VER		p		0	0	0																									
bouillît			bouillir	VER	VER		s		0	0	0																									
bouillottés			bouillotter	VER	VER		p		0	0	0																									
bouillotté			bouillotter	VER	VER		s		0	0	0																									
boulangés			boulanger	VER	VER		p		0	0	0																									
boulangé			boulanger	VER	VER		s		0	0	0																									
boulât			bouler	VER	VER		s		0	0	0																									
bouletés			bouleté	ADJ	ADJ		p		0	0	0																									
bouleversât			bouleverser	VER	VER		s		0	0	0																									
boulinés			bouliner	VER	VER		p		0	0	0																									
bouliné			bouliner	VER	VER		s		0	0	0																									
boumés			boumer	VER	VER		p		0	0	0																									
bouquât			bouquer	VER	VER		s		0	0	0																									
bourdonnèrent			bourdonner	VER	VER		p		0	0	0																									
bourrèle			bourreler	VER	VER		s		0	0	0																									
bourrèles			bourreler	VER	VER		s		0	0	0																									
bourriqués			bourriquer	VER	VER		p		0	0	0																									
bousés			bouser	VER	VER		p		0	0	0																									
bousillât			bousiller	VER	VER		s		0	0	0																									
boustifaillé			boustifailler	VER	VER		s		0	0	0																									
bouturés			bouturer	VER	VER		p		0	0	0																									
bouturé			bouturer	VER	VER		s		0	0	0																									
bouvetés			bouveter	VER	VER		p		0	0	0																									
bouveté			bouveter	VER	VER		s		0	0	0																									
boïar			boïar	NOM	NOM	m	s		0	0	0																									
braillât			brailler	VER	VER		s		0	0	0																									
braillâtes			brailler	VER	VER		p		0	0	0																									
braisât			braiser	VER	VER		s		0	0	0																									
brandît			brandir	VER	VER		s		0	0	0																									
braquâmes			braquer	VER	VER		p		0	0	0																									
braquâtes			braquer	VER	VER		p		0	0	0																									
brasât			braser	VER	VER		s		0	0	0																									
brasillé			brasiller	VER	VER		s		0	0	0																									
brasqués			brasquer	VER	VER		p		0	0	0																									
bravâtes			braver	VER	VER		p		0	0	0																									
brayés			brayer	VER	VER		p		0	0	0																									
brellés			breller	VER	VER		p		0	0	0																									
brellé			breller	VER	VER		s		0	0	0																									
bretessé			bretessé	ADJ	ADJ		s		0	0	0																									
brettèles			bretteler	VER	VER		s		0	0	0																									
brettelés			bretteler	VER	VER		p		0	0	0																									
brettés			bretter	VER	VER		p		0	0	0																									
bretté			bretter	VER	VER		s		0	0	0																									
brevètes			breveter	VER	VER		s		0	0	0																									
brillantiné			brillantiner	VER	VER		s		0	0	0																									
brillât			briller	VER	VER		s		0	0	0																									
brillâtes			briller	VER	VER		p		0	0	0																									
brimâtes			brimer	VER	VER		p		0	0	0																									
bringués			bringuer	VER	VER		p		0	0	0																									
briolés			brioler	VER	VER		p		0	0	0																									
briquât			briquer	VER	VER		s		0	0	0																									
briquète			briqueter	VER	VER		s		0	0	0																									
brocantés			brocanter	VER	VER		p		0	0	0																									
brocanté			brocanter	VER	VER		s		0	0	0																									
bromé			bromé	ADJ	ADJ		s		0	0	0																									
brossât			brosser	VER	VER		s		0	0	0																									
brouettés			brouetter	VER	VER		p		0	0	0																									
brouetté			brouetter	VER	VER		s		0	0	0																									
brouillassé			brouillasser	VER	VER		s		0	0	0																									
brouillât			brouiller	VER	VER		s		0	0	0																									
brouillonnés			brouillonner	VER	VER		p		0	0	0																									
brouillonné			brouillonner	VER	VER		s		0	0	0																									
brouît			brouir	VER	VER		s		0	0	0																									
broussés			brousser	VER	VER		p		0	0	0																									
broyâmes			broyer	VER	VER		p		0	0	0																									
bruissé			bruisser	VER	VER		s		0	0	0																									
brumassé			brumasser	VER	VER		s		0	0	0																									
brumés			brumer	VER	VER		p		0	0	0																									
brumées			brumer	VER	VER		p		0	0	0																									
brunît			brunir	VER	VER		s		0	0	0																									
brusquèrent			brusquer	VER	VER		p		0	0	0																									
brêla			brêler	VER	VER		s		0	0	0																									
brêlai			brêler	VER	VER		s		0	0	0																									
brêlais			brêler	VER	VER		s		0	0	0																									
brêlait			brêler	VER	VER		s		0	0	0																									
brêlant			brêler	VER	VER				0	0	0																									
brêlas			brêler	VER	VER		s		0	0	0																									
brêlent			brêler	VER	VER		p		0	0	0																									
brêlera			brêler	VER	VER		s		0	0	0																									
brêlez			brêler	VER	VER		p		0	0	0																									
brêliez			brêler	VER	VER		p		0	0	0																									
brêlons			brêler	VER	VER		p		0	0	0																									
brêlés			brêler	VER	VER		p		0	0	0																									
brêlé			brêler	VER	VER		s		0	0	0																									
brêlée			brêler	VER	VER		s		0	0	0																									
brêlées			brêler	VER	VER		p		0	0	0																									
brûlâtes			brûler	VER	VER		p		0	0	0																									
bucciné			bucciner	VER	VER		s		0	0	0																									
budgéta			budgéter	VER	VER		s		0	0	0																									
budgètes			budgéter	VER	VER		s		0	0	0																									
budgétises			budgétiser	VER	VER		s		0	0	0																									
buâtes			buer	VER	VER		p		0	0	0																									
buissonné			buissonner	VER	VER		s		0	0	0																									
buqué			buquer	VER	VER		s		0	0	0																									
bureaucratisé			bureaucratiser	VER	VER		s		0	0	0																									
burinés			buriner	VER	VER		p		0	0	0																									
busât			buser	VER	VER		s		0	0	0																									
busqués			busquer	VER	VER		p		0	0	0																									
butât			buter	VER	VER		s		0	0	0																									
bâchaient			bâcher	VER	VER		p		0	0	0																									
bâchais			bâcher	VER	VER		s		0	0	0																									
bâchait			bâcher	VER	VER		s		0	0	0																									
bâchant			bâcher	VER	VER				0	0	0																									
bâchas			bâcher	VER	VER		s		0	0	0																									
bâchiez			bâcher	VER	VER		p		0	0	0																									
bâchions			bâcher	VER	VER		p		0	0	0																									
bâchât			bâcher	VER	VER		s		0	0	0																									
bâclai			bâcler	VER	VER		s		0	0	0																									
bâclais			bâcler	VER	VER		s		0	0	0																									
bâclas			bâcler	VER	VER		s		0	0	0																									
bâilleuse			bâilleuse	NOM	NOM	f	s		0	0	0																									
bâilleurs			bâilleur	NOM	NOM		p		0	0	0																									
bâillonnerez			bâillonner	VER	VER		p		0	0	0																									
bâtardeau			bâtardeau	NOM	NOM	m	s		0	0	0																									
bâtardeaux			bâtardeau	NOM	NOM		p		0	0	0																									
bâtarder			bâtarder	VER	VER				0	0	0																									
bâtais			bâter	VER	VER		s		0	0	0																									
bâtas			bâter	VER	VER		s		0	0	0																									
bâtera			bâter	VER	VER		s		0	0	0																									
bâterais			bâter	VER	VER		s		0	0	0																									
bâteriez			bâter	VER	VER		p		0	0	0																									
bâterons			bâter	VER	VER		p		0	0	0																									
bâtât			bâter	VER	VER		s		0	0	0																									
bâtâtes			bâter	VER	VER		p		0	0	0																									
bâtît			bâtir	VER	VER		s		0	0	0																									
bâtîtes			bâtir	VER	VER		p		0	0	0																									
bâtière			bâtière	NOM	NOM	f	s		0	0	0																									
bâtières			bâtière	NOM	NOM		p		0	0	0																									
bâtonnat			bâtonnat	NOM	NOM	m	s		0	0	0																									
bâtonnes			bâtonner	VER	VER		s		0	0	0																									
béatifies			béatifier	VER	VER		s		0	0	0																									
bécotté			bécotter	VER	VER		s		0	0	0																									
béassent			béer	VER	VER		p		0	0	0																									
béez			béer	VER	VER		p		0	0	0																									
béâtes			béer	VER	VER		p		0	0	0																									
béguë			béguë	NOM	NOM	f	s		0	0	0																									
béguës			bégu	ADJ	ADJ		p		0	0	0																									
bélougas			bélouga	NOM	NOM		p		0	0	0																									
bénards			bénard	ADJ	ADJ		p		0	0	0																									
bénîmes			bénir	VER	VER		p		0	0	0																									
bénîtes			bénir	VER	VER		p		0	0	0																									
béquetait			béqueter	VER	VER		s		0	0	0																									
béquetez			béqueter	VER	VER		p		0	0	0																									
béquetons			béqueter	VER	VER		p		0	0	0																									
béquète			béqueter	VER	VER		s		0	0	0																									
béquètent			béqueter	VER	VER		p		0	0	0																									
béquètes			béqueter	VER	VER		s		0	0	0																									
béquillé			béquiller	VER	VER		s		0	0	0																									
béroés			béroé	NOM	NOM		p		0	0	0																									
bétonnât			bétonner	VER	VER		s		0	0	0																									
bêchelons			bêchelon	NOM	NOM		p		0	0	0																									
bêcha			bêcher	VER	VER		s		0	0	0																									
bêlai			bêler	VER	VER		s		0	0	0																									
bêlais			bêler	VER	VER		s		0	0	0																									
bêlas			bêler	VER	VER		s		0	0	0																									
bêlasse			bêler	VER	VER		s		0	0	0																									
bêliez			bêler	VER	VER		p		0	0	0																									
bêlât			bêler	VER	VER		s		0	0	0																									
bêlâtes			bêler	VER	VER		p		0	0	0																									
bêlons			bêler	VER	VER		p		0	0	0																									
bêtifiés			bêtifier	VER	VER		p		0	0	0																									
bêtifié			bêtifier	VER	VER		s		0	0	0																									
bûcheriez			bûcher	VER	VER		p		0	0	0																									
bûchions			bûcher	VER	VER		p		0	0	0																									
bûchons			bûcher	VER	VER		p		0	0	0																									
bûcheronnés			bûcheronner	VER	VER		p		0	0	0																									
bûcheronné			bûcheronner	VER	VER		s		0	0	0																									
cabalés			cabaler	VER	VER		p		0	0	0																									
cabanés			cabaner	VER	VER		p		0	0	0																									
cabotés			caboter	VER	VER		p		0	0	0																									
cabotinés			cabotiner	VER	VER		p		0	0	0																									
cabotiné			cabotiner	VER	VER		s		0	0	0																									
cabrât			cabrer	VER	VER		s		0	0	0																									
cacardés			cacarder	VER	VER		p		0	0	0																									
cacardé			cacarder	VER	VER		s		0	0	0																									
cachât			cacher	VER	VER		s		0	0	0																									
cachetât			cacheter	VER	VER		s		0	0	0																									
cachotté			cachotter	VER	VER		s		0	0	0																									
cadastrés			cadastrer	VER	VER		p		0	0	0																									
cadotés			cadoter	VER	VER		p		0	0	0																									
cadottés			cadotter	VER	VER		p		0	0	0																									
cadotté			cadotter	VER	VER		s		0	0	0																									
cadrât			cadrer	VER	VER		s		0	0	0																									
cadène			cadène	NOM	NOM	f	s		0	0	0																									
cafètera			cafeter	VER	VER		s		0	0	0																									
cafèterai			cafeter	VER	VER		s		0	0	0																									
cafèteras			cafeter	VER	VER		s		0	0	0																									
cafèterez			cafeter	VER	VER		p		0	0	0																									
cagnardé			cagnarder	VER	VER		s		0	0	0																									
cagnât			cagner	VER	VER		s		0	0	0																									
caillebotté			caillebotter	VER	VER		s		0	0	0																									
caillât			cailler	VER	VER		s		0	0	0																									
calandrés			calandrer	VER	VER		p		0	0	0																									
calandré			calandrer	VER	VER		s		0	0	0																									
calâmes			caler	VER	VER		p		0	0	0																									
calât			caler	VER	VER		s		0	0	0																									
calète			caleter	VER	VER		s		0	0	0																									
calètes			caleter	VER	VER		s		0	0	0																									
calfaté			calfater	VER	VER		s		0	0	0																									
calmât			calmer	VER	VER		s		0	0	0																									
calmâtes			calmer	VER	VER		p		0	0	0																									
calorifugés			calorifuger	VER	VER		p		0	0	0																									
calorifugé			calorifuger	VER	VER		s		0	0	0																									
calorisés			caloriser	VER	VER		p		0	0	0																									
calottés			calotter	VER	VER		p		0	0	0																									
caltés			calter	VER	VER		p		0	0	0																									
cambriolâmes			cambrioler	VER	VER		p		0	0	0																									
cambriolâtes			cambrioler	VER	VER		p		0	0	0																									
camelotés			cameloter	VER	VER		p		0	0	0																									
camisolés			camisoler	VER	VER		p		0	0	0																									
camphrés			camphrer	VER	VER		p		0	0	0																									
canaliculé			canaliculé	ADJ	ADJ		s		0	0	0																									
cancellés			canceller	VER	VER		p		0	0	0																									
candît			candir	VER	VER		s		0	0	0																									
canâmes			caner	VER	VER		p		0	0	0																									
canât			caner	VER	VER		s		0	0	0																									
canâtes			caner	VER	VER		p		0	0	0																									
cannèle			canneler	VER	VER		s		0	0	0																									
cannèles			canneler	VER	VER		s		0	0	0																									
cannetillé			cannetiller	VER	VER		s		0	0	0																									
canonné			canonner	VER	VER		s		0	0	0																									
cantâtes			canter	VER	VER		p		0	0	0																									
canulât			canuler	VER	VER		s		0	0	0																									
capèle			capeler	VER	VER		s		0	0	0																									
capèlent			capeler	VER	VER		p		0	0	0																									
capèles			capeler	VER	VER		s		0	0	0																									
capitalisât			capitaliser	VER	VER		s		0	0	0																									
caponné			caponner	VER	VER		s		0	0	0																									
caquetâtes			caqueter	VER	VER		p		0	0	0																									
carambouillés			carambouiller	VER	VER		p		0	0	0																									
carambouillé			carambouiller	VER	VER		s		0	0	0																									
caramélises			caraméliser	VER	VER		s		0	0	0																									
caramélé			caramélé	ADJ	ADJ		s		0	0	0																									
carbonatés			carbonater	VER	VER		p		0	0	0																									
carburât			carburer	VER	VER		s		0	0	0																									
carburés			carburer	VER	VER		p		0	0	0																									
cardât			carder	VER	VER		s		0	0	0																									
carminés			carminer	VER	VER		p		0	0	0																									
caronculé			caronculé	ADJ	ADJ		s		0	0	0																									
caronculés			caronculé	ADJ	ADJ		p		0	0	0																									
carrât			carrer	VER	VER		s		0	0	0																									
carrèrent			carrer	VER	VER		p		0	0	0																									
carrossés			carrosser	VER	VER		p		0	0	0																									
carénas			caréner	VER	VER		s		0	0	0																									
carêmes			carême	NOM	NOM		p		0	0	0																									
casematés			casemater	VER	VER		p		0	0	0																									
casematé			casemater	VER	VER		s		0	0	0																									
casât			caser	VER	VER		s		0	0	0																									
cassât			casser	VER	VER		s		0	0	0																									
cassâtes			casser	VER	VER		p		0	0	0																									
castrât			castrer	VER	VER		s		0	0	0																									
catalysés			catalyser	VER	VER		p		0	0	0																									
cataractés			cataracter	VER	VER		p		0	0	0																									
cataracté			cataracter	VER	VER		s		0	0	0																									
catît			catir	VER	VER		s		0	0	0																									
catîtes			catir	VER	VER		p		0	0	0																									
causât			causer	VER	VER		s		0	0	0																									
cavalcadés			cavalcader	VER	VER		p		0	0	0																									
cavalcadé			cavalcader	VER	VER		s		0	0	0																									
cavât			caver	VER	VER		s		0	0	0																									
cavâtes			caver	VER	VER		p		0	0	0																									
caïeux			caïeu	NOM	NOM		p		0	0	0																									
ceignît			ceindre	VER	VER		s		0	0	0																									
ceintrés			ceintrer	VER	VER		p		0	0	0																									
ceintré			ceintrer	VER	VER		s		0	0	0																									
celât			celer	VER	VER		s		0	0	0																									
cèlera			celer	VER	VER		s		0	0	0																									
cèlerai			celer	VER	VER		s		0	0	0																									
cèlerait			celer	VER	VER		s		0	0	0																									
cèlerez			celer	VER	VER		p		0	0	0																									
cèlerions			celer	VER	VER		p		0	0	0																									
cèlerons			celer	VER	VER		p		0	0	0																									
centrâmes			centrer	VER	VER		p		0	0	0																									
centrât			centrer	VER	VER		s		0	0	0																									
centrâtes			centrer	VER	VER		p		0	0	0																									
centrifugés			centrifuger	VER	VER		p		0	0	0																									
centuplé			centupler	VER	VER		s		0	0	0																									
certifiât			certifier	VER	VER		s		0	0	0																									
certifiâtes			certifier	VER	VER		p		0	0	0																									
chablés			chabler	VER	VER		p		0	0	0																									
chablé			chabler	VER	VER		s		0	0	0																									
chambranlés			chambranler	VER	VER		p		0	0	0																									
chambranlé			chambranler	VER	VER		s		0	0	0																									
changeât			changer	VER	VER		s		0	0	0																									
chansonné			chansonner	VER	VER		s		0	0	0																									
chantât			chanter	VER	VER		s		0	0	0																									
chapelât			chapeler	VER	VER		s		0	0	0																									
chapèle			chapeler	VER	VER		s		0	0	0																									
chapèlent			chapeler	VER	VER		p		0	0	0																									
chapèles			chapeler	VER	VER		s		0	0	0																									
chapelés			chapeler	VER	VER		p		0	0	0																									
chapelé			chapeler	VER	VER		s		0	0	0																									
chardonnât			chardonner	VER	VER		s		0	0	0																									
chardonné			chardonner	VER	VER		s		0	0	0																									
charmât			charmer	VER	VER		s		0	0	0																									
charmâtes			charmer	VER	VER		p		0	0	0																									
charognés			charogner	VER	VER		p		0	0	0																									
charpît			charpir	VER	VER		s		0	0	0																									
charpîtes			charpir	VER	VER		p		0	0	0																									
charrués			charruer	VER	VER		p		0	0	0																									
chassât			chasser	VER	VER		s		0	0	0																									
chatonnés			chatonner	VER	VER		p		0	0	0																									
chatonné			chatonner	VER	VER		s		0	0	0																									
chaumés			chaumer	VER	VER		p		0	0	0																									
chaussât			chausser	VER	VER		s		0	0	0																									
chaînais			chaîner	VER	VER		s		0	0	0																									
chaînait			chaîner	VER	VER		s		0	0	0																									
chaînant			chaîner	VER	VER				0	0	0																									
chaînent			chaîner	VER	VER		p		0	0	0																									
chaînera			chaîner	VER	VER		s		0	0	0																									
chaînerai			chaîner	VER	VER		s		0	0	0																									
chaînerais			chaîner	VER	VER		s		0	0	0																									
chaînerait			chaîner	VER	VER		s		0	0	0																									
chaîneras			chaîner	VER	VER		s		0	0	0																									
chaînerez			chaîner	VER	VER		p		0	0	0																									
chaîneront			chaîner	VER	VER		p		0	0	0																									
chemisière			chemisière	NOM	NOM	f	s		0	0	0																									
chenillés			chenillé	ADJ	ADJ		p		0	0	0																									
cherchât			chercher	VER	VER		s		0	0	0																									
cherrés			cherrer	VER	VER		p		0	0	0																									
chevât			chever	VER	VER		s		0	0	0																									
chèvera			chever	VER	VER		s		0	0	0																									
chevît			chevir	VER	VER		s		0	0	0																									
chevrettés			chevretter	VER	VER		p		0	0	0																									
chevretté			chevretter	VER	VER		s		0	0	0																									
chevroté			chevroter	VER	VER		s		0	0	0																									
chicotés			chicoter	VER	VER		p		0	0	0																									
chicoté			chicoter	VER	VER		s		0	0	0																									
chiennés			chienner	VER	VER		p		0	0	0																									
chiâmes			chier	VER	VER		p		0	0	0																									
chiât			chier	VER	VER		s		0	0	0																									
chiâtes			chier	VER	VER		p		0	0	0																									
chignés			chigner	VER	VER		p		0	0	0																									
chigné			chigner	VER	VER		s		0	0	0																									
chimât			chimer	VER	VER		s		0	0	0																									
chimés			chimer	VER	VER		p		0	0	0																									
chimées			chimer	VER	VER		p		0	0	0																									
chinât			chiner	VER	VER		s		0	0	0																									
chipât			chiper	VER	VER		s		0	0	0																									
chiquenaudés			chiquenauder	VER	VER		p		0	0	0																									
chiquenaudé			chiquenauder	VER	VER		s		0	0	0																									
chirographiés			chirographier	VER	VER		p		0	0	0																									
chirographié			chirographier	VER	VER		s		0	0	0																									
chistéra			chistéra	NOM	NOM		s		0	0	0																									
chlorurés			chlorurer	VER	VER		p		0	0	0																									
chloruré			chlorurer	VER	VER		s		0	0	0																									
choisîtes			choisir	VER	VER		p		0	0	0																									
chopinés			chopiner	VER	VER		p		0	0	0																									
chopiné			chopiner	VER	VER		s		0	0	0																									
choquât			choquer	VER	VER		s		0	0	0																									
chouannés			chouanner	VER	VER		p		0	0	0																									
chouanné			chouanner	VER	VER		s		0	0	0																									
choulât			chouler	VER	VER		s		0	0	0																									
christianisés			christianiser	VER	VER		p		0	0	0																									
chromâtes			chromer	VER	VER		p		0	0	0																									
chrêmes			chrême	NOM	NOM		p		0	0	0																									
chuinté			chuinter	VER	VER		s		0	0	0																									
châteaubriants			châteaubriant	NOM	NOM		p		0	0	0																									
châtiait			châtier	VER	VER		s		0	0	0																									
châtrais			châtrer	VER	VER		s		0	0	0																									
châtrait			châtrer	VER	VER		s		0	0	0																									
châtrera			châtrer	VER	VER		s		0	0	0																									
châtrerai			châtrer	VER	VER		s		0	0	0																									
châtrons			châtrer	VER	VER		p		0	0	0																									
chébec			chébec	NOM	NOM	m	s		0	0	0																									
chérîmes			chérir	VER	VER		p		0	0	0																									
chérît			chérir	VER	VER		s		0	0	0																									
chérîtes			chérir	VER	VER		p		0	0	0																									
chêneaux			chêneau	NOM	NOM		p		0	0	0																									
chômas			chômer	VER	VER		s		0	0	0																									
chômât			chômer	VER	VER		s		0	0	0																									
cintrât			cintrer	VER	VER		s		0	0	0																									
circoncît			circoncire	VER	VER		s		0	0	0																									
circonstanciés			circonstancier	VER	VER		p		0	0	0																									
cirâmes			cirer	VER	VER		p		0	0	0																									
cirât			cirer	VER	VER		s		0	0	0																									
cirâtes			cirer	VER	VER		p		0	0	0																									
cisèles			ciseler	VER	VER		s		0	0	0																									
clabaudé			clabauder	VER	VER		s		0	0	0																									
clairsème			clairsemer	VER	VER		s		0	0	0																									
clairsèment			clairsemer	VER	VER		p		0	0	0																									
clairsèmes			clairsemer	VER	VER		s		0	0	0																									
clamât			clamer	VER	VER		s		0	0	0																									
clapît			clapir	VER	VER		s		0	0	0																									
claquetâtes			claqueter	VER	VER		p		0	0	0																									
claquètent			claqueter	VER	VER		p		0	0	0																									
claquètes			claqueter	VER	VER		s		0	0	0																									
claquetés			claqueter	VER	VER		p		0	0	0																									
classèrent			classer	VER	VER		p		0	0	0																									
clavâtes			claver	VER	VER		p		0	0	0																									
clavés			claver	VER	VER		p		0	0	0																									
clignotât			clignoter	VER	VER		s		0	0	0																									
cliquètes			cliqueter	VER	VER		s		0	0	0																									
clivât			cliver	VER	VER		s		0	0	0																									
clochardisé			clochardiser	VER	VER		s		0	0	0																									
clochât			clocher	VER	VER		s		0	0	0																									
clochetât			clocheter	VER	VER		s		0	0	0																									
clochetés			clocheter	VER	VER		p		0	0	0																									
clocheté			clocheter	VER	VER		s		0	0	0																									
cloutât			clouter	VER	VER		s		0	0	0																									
cobées			cobée	NOM	NOM		p		0	0	0																									
cocardés			cocarder	VER	VER		p		0	0	0																									
cocardé			cocarder	VER	VER		s		0	0	0																									
cochenillés			cocheniller	VER	VER		p		0	0	0																									
cochenillé			cocheniller	VER	VER		s		0	0	0																									
cochèrent			cocher	VER	VER		p		0	0	0																									
cocotât			cocoter	VER	VER		s		0	0	0																									
cocotés			cocoter	VER	VER		p		0	0	0																									
cocoté			cocoter	VER	VER		s		0	0	0																									
codèrent			coder	VER	VER		p		0	0	0																									
codéines			codéine	NOM	NOM		p		0	0	0																									
coffrât			coffrer	VER	VER		s		0	0	0																									
cognât			cogner	VER	VER		s		0	0	0																									
cogèrent			cogérer	VER	VER		p		0	0	0																									
cogéra			cogérer	VER	VER		s		0	0	0																									
cogérés			cogérer	VER	VER		p		0	0	0																									
cogéré			cogérer	VER	VER		s		0	0	0																									
cohobât			cohober	VER	VER		s		0	0	0																									
coincèrent			coincer	VER	VER		p		0	0	0																									
coinças			coincer	VER	VER		s		0	0	0																									
collationné			collationner	VER	VER		s		0	0	0																									
collât			coller	VER	VER		s		0	0	0																									
collâtes			coller	VER	VER		p		0	0	0																									
collètes			colleter	VER	VER		s		0	0	0																									
colletés			colleter	VER	VER		p		0	0	0																									
colloqués			colloquer	VER	VER		p		0	0	0																									
colloqué			colloquer	VER	VER		s		0	0	0																									
colèrent			colérer	VER	VER		p		0	0	0																									
colérez			colérer	VER	VER		p		0	0	0																									
colérât			colérer	VER	VER		s		0	0	0																									
colérés			colérer	VER	VER		p		0	0	0																									
colérée			colérer	VER	VER		s		0	0	0																									
combinât			combiner	VER	VER		s		0	0	0																									
comblât			combler	VER	VER		s		0	0	0																									
commandât			commander	VER	VER		s		0	0	0																									
commandâtes			commander	VER	VER		p		0	0	0																									
commandèrent			commander	VER	VER		p		0	0	0																									
commerças			commercer	VER	VER		s		0	0	0																									
commerçât			commercer	VER	VER		s		0	0	0																									
commerçâtes			commercer	VER	VER		p		0	0	0																									
commerçable			commerçable	ADJ	ADJ		s		0	0	0																									
commerçables			commerçable	ADJ	ADJ		p		0	0	0																									
commîmes			commettre	VER	VER		p		0	0	0																									
commîtes			commettre	VER	VER		p		0	0	0																									
comminés			comminer	VER	VER		p		0	0	0																									
communiâtes			communier	VER	VER		p		0	0	0																									
communisât			communiser	VER	VER		s		0	0	0																									
communisâtes			communiser	VER	VER		p		0	0	0																									
communisés			communiser	VER	VER		p		0	0	0																									
communisé			communiser	VER	VER		s		0	0	0																									
commémores			commémorer	VER	VER		s		0	0	0																									
commérâmes			commérer	VER	VER		p		0	0	0																									
commérâtes			commérer	VER	VER		p		0	0	0																									
comparût			comparaître	VER	VER		s		0	0	0																									
compatît			compatir	VER	VER		s		0	0	0																									
compissé			compisser	VER	VER		s		0	0	0																									
complût			complaire	VER	VER		s		0	0	0																									
complûtes			complaire	VER	VER		p		0	0	0																									
complémentés			complémenter	VER	VER		p		0	0	0																									
complémenté			complémenter	VER	VER		s		0	0	0																									
complétèrent			compléter	VER	VER		p		0	0	0																									
complétas			compléter	VER	VER		s		0	0	0																									
comportât			comporter	VER	VER		s		0	0	0																									
composât			composer	VER	VER		s		0	0	0																									
composâtes			composer	VER	VER		p		0	0	0																									
compostât			composter	VER	VER		s		0	0	0																									
comprîtes			comprendre	VER	VER		p		0	0	0																									
computât			computer	VER	VER		s		0	0	0																									
compétât			compéter	VER	VER		s		0	0	0																									
compétée			compéter	VER	VER		s		0	0	0																									
compétées			compéter	VER	VER		p		0	0	0																									
concernât			concerner	VER	VER		s		0	0	0																									
conçussions			concevoir	VER	VER		p		0	0	0																									
conclût			conclure	VER	VER		s		0	0	0																									
concordât			concorder	VER	VER		s		0	0	0																									
concréta			concréter	VER	VER		s		0	0	0																									
concrétés			concréter	VER	VER		p		0	0	0																									
concrété			concréter	VER	VER		s		0	0	0																									
concubinât			concubiner	VER	VER		s		0	0	0																									
concubinés			concubiner	VER	VER		p		0	0	0																									
concurrença			concurrencer	VER	VER		s		0	0	0																									
condensât			condenser	VER	VER		s		0	0	0																									
condescendît			condescendre	VER	VER		s		0	0	0																									
condoléanças			condoléancer	VER	VER		s		0	0	0																									
condoléancé			condoléancer	VER	VER		s		0	0	0																									
confiât			confier	VER	VER		s		0	0	0																									
confinât			confiner	VER	VER		s		0	0	0																									
confinèrent			confiner	VER	VER		p		0	0	0																									
confîmes			confire	VER	VER		p		0	0	0																									
confît			confire	VER	VER		s		0	0	0																									
confîtes			confire	VER	VER		p		0	0	0																									
conflué			confluer	VER	VER		s		0	0	0																									
confondît			confondre	VER	VER		s		0	0	0																									
conformèrent			conformer	VER	VER		p		0	0	0																									
confusionnés			confusionner	VER	VER		p		0	0	0																									
confédère			confédérer	VER	VER		s		0	0	0																									
confédères			confédérer	VER	VER		s		0	0	0																									
conglomère			conglomérer	VER	VER		s		0	0	0																									
conglomérât			conglomérer	VER	VER		s		0	0	0																									
conglomères			conglomérer	VER	VER		s		0	0	0																									
conglutiné			conglutiner	VER	VER		s		0	0	0																									
congrûment			congrûment	ADV	ADV				0	0	0																									
connûtes			connaître	VER	VER		p		0	0	0																									
connivé			conniver	VER	VER		s		0	0	0																									
conquît			conquérir	VER	VER		s		0	0	0																									
conquîtes			conquérir	VER	VER		p		0	0	0																									
conquêtant			conquêter	VER	VER				0	0	0																									
considérât			considérer	VER	VER		s		0	0	0																									
consistât			consister	VER	VER		s		0	0	0																									
consolât			consoler	VER	VER		s		0	0	0																									
consonés			consoner	VER	VER		p		0	0	0																									
consoné			consoner	VER	VER		s		0	0	0																									
consonnés			consonner	VER	VER		p		0	0	0																									
conspuât			conspuer	VER	VER		s		0	0	0																									
constât			conster	VER	VER		s		0	0	0																									
constâtes			conster	VER	VER		p		0	0	0																									
constés			conster	VER	VER		p		0	0	0																									
consté			conster	VER	VER		s		0	0	0																									
construisît			construire	VER	VER		s		0	0	0																									
consultât			consulter	VER	VER		s		0	0	0																									
consultâtes			consulter	VER	VER		p		0	0	0																									
consumât			consumer	VER	VER		s		0	0	0																									
consécrateurs			consécrateur	NOM	NOM		p		0	0	0																									
contemnât			contemner	VER	VER		s		0	0	0																									
contemnés			contemner	VER	VER		p		0	0	0																									
contemné			contemner	VER	VER		s		0	0	0																									
contînmes			contenir	VER	VER		p		0	0	0																									
contîntes			contenir	VER	VER		p		0	0	0																									
contentât			contenter	VER	VER		s		0	0	0																									
contât			conter	VER	VER		s		0	0	0																									
contâtes			conter	VER	VER		p		0	0	0																									
contracturés			contracturer	VER	VER		p		0	0	0																									
contraignît			contraindre	VER	VER		s		0	0	0																									
contredît			contredire	VER	VER		s		0	0	0																									
contredîtes			contredire	VER	VER		p		0	0	0																									
contrefît			contrefaire	VER	VER		s		0	0	0																									
contremandé			contremander	VER	VER		s		0	0	0																									
contreminés			contreminer	VER	VER		p		0	0	0																									
contreminé			contreminer	VER	VER		s		0	0	0																									
contrât			contrer	VER	VER		s		0	0	0																									
contrâtes			contrer	VER	VER		p		0	0	0																									
contretypé			contretyper	VER	VER		s		0	0	0																									
contristé			contrister	VER	VER		s		0	0	0																									
convînt			convenir	VER	VER		s		0	0	0																									
convertît			convertir	VER	VER		s		0	0	0																									
convoluté			convoluté	ADJ	ADJ		s		0	0	0																									
coopérai			coopérer	VER	VER		s		0	0	0																									
copaïer			copaïer	NOM	NOM	m	s		0	0	0																									
coptât			copter	VER	VER		s		0	0	0																									
copulât			copuler	VER	VER		s		0	0	0																									
coquetâtes			coqueter	VER	VER		p		0	0	0																									
coquète			coqueter	VER	VER		s		0	0	0																									
coquètes			coqueter	VER	VER		s		0	0	0																									
coquetés			coqueter	VER	VER		p		0	0	0																									
coqueté			coqueter	VER	VER		s		0	0	0																									
cordonnés			cordonner	VER	VER		p		0	0	0																									
cornemusés			cornemuser	VER	VER		p		0	0	0																									
cornemusé			cornemuser	VER	VER		s		0	0	0																									
cornât			corner	VER	VER		s		0	0	0																									
corniculé			corniculé	ADJ	ADJ		s		0	0	0																									
correspondît			correspondre	VER	VER		s		0	0	0																									
corrompît			corrompre	VER	VER		s		0	0	0																									
corrélât			corréler	VER	VER		s		0	0	0																									
corrèles			corréler	VER	VER		s		0	0	0																									
corsât			corser	VER	VER		s		0	0	0																									
corsète			corseter	VER	VER		s		0	0	0																									
corsètes			corseter	VER	VER		s		0	0	0																									
cortégea			cortéger	VER	VER		s		0	0	0																									
cortéger			cortéger	VER	VER				0	0	0																									
cortégez			cortéger	VER	VER		p		0	0	0																									
cortégés			cortéger	VER	VER		p		0	0	0																									
cortégé			cortéger	VER	VER		s		0	0	0																									
cortégée			cortéger	VER	VER		s		0	0	0																									
cosmétiqué			cosmétiquer	VER	VER		s		0	0	0																									
cotâtes			coter	VER	VER		p		0	0	0																									
cotèrent			coter	VER	VER		p		0	0	0																									
cotît			cotir	VER	VER		s		0	0	0																									
cotîtes			cotir	VER	VER		p		0	0	0																									
cotonnés			cotonner	VER	VER		p		0	0	0																									
cotonné			cotonner	VER	VER		s		0	0	0																									
couardés			couarder	VER	VER		p		0	0	0																									
couardé			couarder	VER	VER		s		0	0	0																									
couchât			coucher	VER	VER		s		0	0	0																									
couchoté			couchoter	VER	VER		s		0	0	0																									
couchotté			couchotter	VER	VER		s		0	0	0																									
cousît			coudre	VER	VER		s		0	0	0																									
coupaillé			coupailler	VER	VER		s		0	0	0																									
coupât			couper	VER	VER		s		0	0	0																									
couplât			coupler	VER	VER		s		0	0	0																									
coupletés			coupleter	VER	VER		p		0	0	0																									
couraillés			courailler	VER	VER		p		0	0	0																									
courbât			courber	VER	VER		s		0	0	0																									
courbettés			courbetter	VER	VER		p		0	0	0																									
courbetté			courbetter	VER	VER		s		0	0	0																									
courût			courir	VER	VER		s		0	0	0																									
coursât			courser	VER	VER		s		0	0	0																									
courtaudés			courtauder	VER	VER		p		0	0	0																									
courtaudé			courtauder	VER	VER		s		0	0	0																									
coutèle			couteler	VER	VER		s		0	0	0																									
coutelé			couteler	VER	VER		s		0	0	0																									
couturés			couturer	VER	VER		p		0	0	0																									
couvrît			couvrir	VER	VER		s		0	0	0																									
couvrîtes			couvrir	VER	VER		p		0	0	0																									
coïncidez			coïncider	VER	VER		p		0	0	0																									
coïta			coïter	VER	VER		s		0	0	0																									
coïtons			coïter	VER	VER		p		0	0	0																									
coûtants			coûtant	ADJ	ADJ		p		0	0	0																									
coûtante			coûtant	ADJ	ADJ		s		0	0	0																									
coûtiez			coûter	VER	VER		p		0	0	0																									
coûtions			coûter	VER	VER		p		0	0	0																									
coûtons			coûter	VER	VER		p		0	0	0																									
coûtâmes			coûter	VER	VER		p		0	0	0																									
coûtât			coûter	VER	VER		s		0	0	0																									
crachât			cracher	VER	VER		s		0	0	0																									
crachotés			crachoter	VER	VER		p		0	0	0																									
crachoté			crachoter	VER	VER		s		0	0	0																									
crachouillés			crachouiller	VER	VER		p		0	0	0																									
crachouillé			crachouiller	VER	VER		s		0	0	0																									
craillés			crailler	VER	VER		p		0	0	0																									
craillé			crailler	VER	VER		s		0	0	0																									
craignît			craindre	VER	VER		s		0	0	0																									
cramâtes			cramer	VER	VER		p		0	0	0																									
craquèles			craqueler	VER	VER		s		0	0	0																									
craquète			craqueter	VER	VER		s		0	0	0																									
craqueté			craqueter	VER	VER		s		0	0	0																									
crevât			crever	VER	VER		s		0	0	0																									
crevâtes			crever	VER	VER		p		0	0	0																									
criâmes			crier	VER	VER		p		0	0	0																									
criât			crier	VER	VER		s		0	0	0																									
criâtes			crier	VER	VER		p		0	0	0																									
criqués			criquer	VER	VER		p		0	0	0																									
crissèrent			crisser	VER	VER		p		0	0	0																									
crochât			crocher	VER	VER		s		0	0	0																									
croulât			crouler	VER	VER		s		0	0	0																									
croupît			croupir	VER	VER		s		0	0	0																									
croustillât			croustiller	VER	VER		s		0	0	0																									
croustillés			croustiller	VER	VER		p		0	0	0																									
croustillé			croustiller	VER	VER		s		0	0	0																									
croîts			croît	NOM	NOM		p		0	0	0																									
croîtrai			croître	VER	VER		s		0	0	0																									
croîtrais			croître	VER	VER		s		0	0	0																									
croîtras			croître	VER	VER		s		0	0	0																									
croîtrez			croître	VER	VER		p		0	0	0																									
croîtriez			croître	VER	VER		p		0	0	0																									
crûsse			croître	VER	VER		s		0	0	0																									
crûsses			croître	VER	VER		s		0	0	0																									
croûtais			croûter	VER	VER		s		0	0	0																									
croûtant			croûter	VER	VER				0	0	0																									
croûterais			croûter	VER	VER		s		0	0	0																									
croûtiez			croûter	VER	VER		p		0	0	0																									
croûtât			croûter	VER	VER		s		0	0	0																									
croûteuse			croûteux	ADJ	ADJ		s		0	0	0																									
crânai			crâner	VER	VER		s		0	0	0																									
crânât			crâner	VER	VER		s		0	0	0																									
crânâtes			crâner	VER	VER		p		0	0	0																									
crânons			crâner	VER	VER		p		0	0	0																									
créancer			créancer	VER	VER				0	0	0																									
créancés			créancer	VER	VER		p		0	0	0																									
créancé			créancer	VER	VER		s		0	0	0																									
crécha			crécher	VER	VER		s		0	0	0																									
créasses			créer	VER	VER		s		0	0	0																									
créâmes			créer	VER	VER		p		0	0	0																									
crémas			crémer	VER	VER		s		0	0	0																									
crémeriez			crémer	VER	VER		p		0	0	0																									
crémerions			crémer	VER	VER		p		0	0	0																									
crémât			crémer	VER	VER		s		0	0	0																									
crémeries			crémerie	NOM	NOM		p		0	0	0																									
crémones			crémone	NOM	NOM		p		0	0	0																									
crénaient			créner	VER	VER		p		0	0	0																									
crénais			créner	VER	VER		s		0	0	0																									
crénait			créner	VER	VER		s		0	0	0																									
créniez			créner	VER	VER		p		0	0	0																									
crénât			créner	VER	VER		s		0	0	0																									
créosotés			créosoter	VER	VER		p		0	0	0																									
créosoté			créosoter	VER	VER		s		0	0	0																									
crépie			crépi	ADJ	ADJ		s		0	0	0																									
crépirait			crépir	VER	VER		s		0	0	0																									
crépirent			crépir	VER	VER		p		0	0	0																									
crépirez			crépir	VER	VER		p		0	0	0																									
crépît			crépir	VER	VER		s		0	0	0																									
crépîtes			crépir	VER	VER		p		0	0	0																									
crépités			crépiter	VER	VER		p		0	0	0																									
crépité			crépiter	VER	VER		s		0	0	0																									
crêpant			crêper	VER	VER				0	0	0																									
crêpasse			crêper	VER	VER		s		0	0	0																									
crêpât			crêper	VER	VER		s		0	0	0																									
crêpons			crêper	VER	VER		p		0	0	0																									
crêtai			crêter	VER	VER		s		0	0	0																									
crêtaient			crêter	VER	VER		p		0	0	0																									
crêtais			crêter	VER	VER		s		0	0	0																									
crêtait			crêter	VER	VER		s		0	0	0																									
crêtant			crêter	VER	VER				0	0	0																									
crêtent			crêter	VER	VER		p		0	0	0																									
crêtera			crêter	VER	VER		s		0	0	0																									
crêterai			crêter	VER	VER		s		0	0	0																									
crêterais			crêter	VER	VER		s		0	0	0																									
crêterait			crêter	VER	VER		s		0	0	0																									
crêteras			crêter	VER	VER		s		0	0	0																									
crêterez			crêter	VER	VER		p		0	0	0																									
crêterons			crêter	VER	VER		p		0	0	0																									
crêteront			crêter	VER	VER		p		0	0	0																									
crêtiez			crêter	VER	VER		p		0	0	0																									
crêtions			crêter	VER	VER		p		0	0	0																									
crêtons			crêter	VER	VER		p		0	0	0																									
crêtât			crêter	VER	VER		s		0	0	0																									
crêtés			crêter	VER	VER		p		0	0	0																									
crêtées			crêter	VER	VER		p		0	0	0																									
cubât			cuber	VER	VER		s		0	0	0																									
cueillît			cueillir	VER	VER		s		0	0	0																									
cuisîmes			cuire	VER	VER		p		0	0	0																									
cuisîtes			cuire	VER	VER		p		0	0	0																									
culât			culer	VER	VER		s		0	0	0																									
curâmes			curer	VER	VER		p		0	0	0																									
curât			curer	VER	VER		s		0	0	0																									
curâtes			curer	VER	VER		p		0	0	0																									
curetés			cureter	VER	VER		p		0	0	0																									
cyanurés			cyanurer	VER	VER		p		0	0	0																									
cyanées			cyanée	NOM	NOM		p		0	0	0																									
cyclisât			cycliser	VER	VER		s		0	0	0																									
cyclisés			cycliser	VER	VER		p		0	0	0																									
cyclisé			cycliser	VER	VER		s		0	0	0																									
câbleau			câbleau	NOM	NOM	m	s		0	0	0																									
câbleaux			câbleau	NOM	NOM		p		0	0	0																									
câblant			câbler	VER	VER				0	0	0																									
câblot			câblot	NOM	NOM	m	s		0	0	0																									
câpresse			câpresse	NOM	NOM	f	s		0	0	0																									
célébras			célébrer	VER	VER		s		0	0	0																									
célébrât			célébrer	VER	VER		s		0	0	0																									
célébrâtes			célébrer	VER	VER		p		0	0	0																									
cénure			cénure	NOM	NOM	m	s		0	0	0																									
cénures			cénure	NOM	NOM		p		0	0	0																									
céphalés			céphalé	ADJ	ADJ		p		0	0	0																									
cératine			cératine	NOM	NOM	f	s		0	0	0																									
cératines			cératine	NOM	NOM		p		0	0	0																									
cérulé			cérulé	ADJ	ADJ		s		0	0	0																									
cérulés			cérulé	ADJ	ADJ		p		0	0	0																									
cérusés			cérusé	ADJ	ADJ		p		0	0	0																									
césures			césure	NOM	NOM		p		0	0	0																									
côcha			côcher	VER	VER		s		0	0	0																									
côchaient			côcher	VER	VER		p		0	0	0																									
côchais			côcher	VER	VER		s		0	0	0																									
côchait			côcher	VER	VER		s		0	0	0																									
côchant			côcher	VER	VER				0	0	0																									
côchent			côcher	VER	VER		p		0	0	0																									
côcher			côcher	VER	VER				0	0	0																									
côchera			côcher	VER	VER		s		0	0	0																									
côcherai			côcher	VER	VER		s		0	0	0																									
côcherais			côcher	VER	VER		s		0	0	0																									
côcherait			côcher	VER	VER		s		0	0	0																									
côcheras			côcher	VER	VER		s		0	0	0																									
côcherions			côcher	VER	VER		p		0	0	0																									
côcherons			côcher	VER	VER		p		0	0	0																									
côches			côcher	VER	VER		s		0	0	0																									
côchez			côcher	VER	VER		p		0	0	0																									
côchiez			côcher	VER	VER		p		0	0	0																									
côchions			côcher	VER	VER		p		0	0	0																									
côchons			côcher	VER	VER		p		0	0	0																									
côchèrent			côcher	VER	VER		p		0	0	0																									
côchés			côcher	VER	VER		p		0	0	0																									
côché			côcher	VER	VER		s		0	0	0																									
côchée			côcher	VER	VER		s		0	0	0																									
côchées			côcher	VER	VER		p		0	0	0																									
daguerréotypés			daguerréotyper	VER	VER		p		0	0	0																									
daguerréotypé			daguerréotyper	VER	VER		s		0	0	0																									
daillés			dailler	VER	VER		p		0	0	0																									
dallât			daller	VER	VER		s		0	0	0																									
damasquiné			damasquiner	VER	VER		s		0	0	0																									
damât			damer	VER	VER		s		0	0	0																									
dansât			danser	VER	VER		s		0	0	0																									
datât			dater	VER	VER		s		0	0	0																									
datâtes			dater	VER	VER		p		0	0	0																									
descendît			descendre	VER	VER		s		0	0	0																									
dessaisît			dessaisir	VER	VER		s		0	0	0																									
dessolés			dessoler	VER	VER		p		0	0	0																									
devinât			deviner	VER	VER		s		0	0	0																									
dûtes			devoir	VER	VER		p		0	0	0																									
dextrochère			dextrochère	NOM	NOM	m	s		0	0	0																									
dextrochères			dextrochère	NOM	NOM		p		0	0	0																									
dialysât			dialyser	VER	VER		s		0	0	0																									
dialysés			dialyser	VER	VER		p		0	0	0																									
diaphragmés			diaphragmer	VER	VER		p		0	0	0																									
difformés			difformer	VER	VER		p		0	0	0																									
difformé			difformer	VER	VER		s		0	0	0																									
différentiés			différentier	VER	VER		p		0	0	0																									
différentié			différentier	VER	VER		s		0	0	0																									
dignifié			dignifier	VER	VER		s		0	0	0																									
digués			diguer	VER	VER		p		0	0	0																									
dilacère			dilacérer	VER	VER		s		0	0	0																									
diluâtes			diluer	VER	VER		p		0	0	0																									
diogènes			diogène	NOM	NOM		p		0	0	0																									
diphtongués			diphtonguer	VER	VER		p		0	0	0																									
diphtongué			diphtonguer	VER	VER		s		0	0	0																									
diploé			diploé	NOM	NOM	m	s		0	0	0																									
diploés			diploé	NOM	NOM		p		0	0	0																									
diplômait			diplômer	VER	VER		s		0	0	0																									
diplômâmes			diplômer	VER	VER		p		0	0	0																									
diplômât			diplômer	VER	VER		s		0	0	0																									
dirigeât			diriger	VER	VER		s		0	0	0																									
dirigeâtes			diriger	VER	VER		p		0	0	0																									
discordés			discorder	VER	VER		p		0	0	0																									
discordé			discorder	VER	VER		s		0	0	0																									
disparûtes			disparaître	VER	VER		p		0	0	0																									
disputât			disputer	VER	VER		s		0	0	0																									
dissémines			disséminer	VER	VER		s		0	0	0																									
distança			distancer	VER	VER		s		0	0	0																									
distillât			distiller	VER	VER		s		0	0	0																									
divertît			divertir	VER	VER		s		0	0	0																									
divorças			divorcer	VER	VER		s		0	0	0																									
diésa			diéser	VER	VER		s		0	0	0																									
diésât			diéser	VER	VER		s		0	0	0																									
diésés			diéser	VER	VER		p		0	0	0																									
diésé			diéser	VER	VER		s		0	0	0																									
diésée			diéser	VER	VER		s		0	0	0																									
doctrinés			doctriner	VER	VER		p		0	0	0																									
dominât			dominer	VER	VER		s		0	0	0																									
dominâtes			dominer	VER	VER		p		0	0	0																									
dorâmes			dorer	VER	VER		p		0	0	0																									
dorât			dorer	VER	VER		s		0	0	0																									
dormît			dormir	VER	VER		s		0	0	0																									
dossière			dossière	NOM	NOM	f	s		0	0	0																									
dossières			dossière	NOM	NOM		p		0	0	0																									
douâmes			douer	VER	VER		p		0	0	0																									
douâtes			douer	VER	VER		p		0	0	0																									
douillât			douiller	VER	VER		s		0	0	0																									
doutât			douter	VER	VER		s		0	0	0																									
doyennés			doyenné	NOM	NOM		p		0	0	0																									
dragonnés			dragonner	VER	VER		p		0	0	0																									
dragonné			dragonner	VER	VER		s		0	0	0																									
dravâtes			draver	VER	VER		p		0	0	0																									
dravés			draver	VER	VER		p		0	0	0																									
droguât			droguer	VER	VER		s		0	0	0																									
dropés			droper	VER	VER		p		0	0	0																									
drèches			drèche	NOM	NOM		p		0	0	0																									
drêches			drêche	NOM	NOM		p		0	0	0																									
drôlatique			drôlatique	ADJ	ADJ		s		0	0	0																									
drôlettes			drôlet	ADJ	ADJ		p		0	0	0																									
duisît			duire	VER	VER		s		0	0	0																									
durcît			durcir	VER	VER		s		0	0	0																									
durâmes			durer	VER	VER		p		0	0	0																									
duvète			duveter	VER	VER		s		0	0	0																									
duvètes			duveter	VER	VER		s		0	0	0																									
débanda			débander	VER	VER		s		0	0	0																									
débandaient			débander	VER	VER		p		0	0	0																									
débanderais			débander	VER	VER		s		0	0	0																									
débanderez			débander	VER	VER		p		0	0	0																									
débanderont			débander	VER	VER		p		0	0	0																									
débandez			débander	VER	VER		p		0	0	0																									
débandiez			débander	VER	VER		p		0	0	0																									
débandons			débander	VER	VER		p		0	0	0																									
débandée			débander	VER	VER		s		0	0	0																									
débanqués			débanquer	VER	VER		p		0	0	0																									
débaptisés			débaptiser	VER	VER		p		0	0	0																									
débarbouilles			débarbouiller	VER	VER		s		0	0	0																									
débardes			débarder	VER	VER		s		0	0	0																									
débarrât			débarrer	VER	VER		s		0	0	0																									
débattît			débattre	VER	VER		s		0	0	0																									
débilite			débiliter	VER	VER		s		0	0	0																									
débilites			débiliter	VER	VER		s		0	0	0																									
déblatérerai			déblatérer	VER	VER		s		0	0	0																									
déblatéreront			déblatérer	VER	VER		p		0	0	0																									
débobine			débobiner	VER	VER		s		0	0	0																									
débondes			débonder	VER	VER		s		0	0	0																									
débossèle			débosseler	VER	VER		s		0	0	0																									
débotte			débotter	VER	VER		s		0	0	0																									
débottes			débotter	VER	VER		s		0	0	0																									
débouqué			débouquer	VER	VER		s		0	0	0																									
débourbés			débourber	VER	VER		p		0	0	0																									
débouta			débouter	VER	VER		s		0	0	0																									
déboutât			débouter	VER	VER		s		0	0	0																									
déboîtait			déboîter	VER	VER		s		0	0	0																									
déboîtera			déboîter	VER	VER		s		0	0	0																									
débrailles			débrailler	VER	VER		s		0	0	0																									
débraient			débrayer	VER	VER		p		0	0	0																									
débrayés			débrayer	VER	VER		p		0	0	0																									
débrochés			débrocher	VER	VER		p		0	0	0																									
débuché			débucher	VER	VER		s		0	0	0																									
débuchés			débucher	VER	VER		p		0	0	0																									
débutât			débuter	VER	VER		s		0	0	0																									
débutâtes			débuter	VER	VER		p		0	0	0																									
débâche			débâcher	VER	VER		s		0	0	0																									
débâcher			débâcher	VER	VER				0	0	0																									
débâches			débâcher	VER	VER		s		0	0	0																									
débâchés			débâcher	VER	VER		p		0	0	0																									
débâché			débâcher	VER	VER		s		0	0	0																									
débâchée			débâcher	VER	VER		s		0	0	0																									
débâchées			débâcher	VER	VER		p		0	0	0																									
débâclés			débâcler	VER	VER		p		0	0	0																									
débâclé			débâcler	VER	VER		s		0	0	0																									
débâillonné			débâillonner	VER	VER		s		0	0	0																									
débâta			débâter	VER	VER		s		0	0	0																									
débâtas			débâter	VER	VER		s		0	0	0																									
débâter			débâter	VER	VER				0	0	0																									
débâtes			débâter	VER	VER		s		0	0	0																									
débâtés			débâter	VER	VER		p		0	0	0																									
débâté			débâter	VER	VER		s		0	0	0																									
débâtis			débâtir	VER	VER		s		0	0	0																									
débâti			débâtir	VER	VER		s		0	0	0																									
décaféines			décaféiner	VER	VER		s		0	0	0																									
décagés			décager	VER	VER		p		0	0	0																									
décalcifie			décalcifier	VER	VER		s		0	0	0																									
décalcifies			décalcifier	VER	VER		s		0	0	0																									
décalottes			décalotter	VER	VER		s		0	0	0																									
décantes			décanter	VER	VER		s		0	0	0																									
décapiez			décaper	VER	VER		p		0	0	0																									
décapotes			décapoter	VER	VER		s		0	0	0																									
décarême			décarêmer	VER	VER		s		0	0	0																									
décarêmé			décarêmer	VER	VER		s		0	0	0																									
décave			décaver	VER	VER		s		0	0	0																									
décaves			décaver	VER	VER		s		0	0	0																									
décelèrent			déceler	VER	VER		p		0	0	0																									
décentralise			décentraliser	VER	VER		s		0	0	0																									
décentralises			décentraliser	VER	VER		s		0	0	0																									
décentres			décentrer	VER	VER		s		0	0	0																									
décercle			décercler	VER	VER		s		0	0	0																									
décercles			décercler	VER	VER		s		0	0	0																									
décerclés			décercler	VER	VER		p		0	0	0																									
décerclé			décercler	VER	VER		s		0	0	0																									
décernes			décerner	VER	VER		s		0	0	0																									
décervèles			décerveler	VER	VER		s		0	0	0																									
déçûtes			décevoir	VER	VER		p		0	0	0																									
déçurent			décevoir	VER	VER		p		0	0	0																									
déçût			décevoir	VER	VER		s		0	0	0																									
déchois			déchoir	VER	VER		s		0	0	0																									
déchristianise			déchristianiser	VER	VER		s		0	0	0																									
déchristianises			déchristianiser	VER	VER		s		0	0	0																									
déclassifie			déclassifier	VER	VER		s		0	0	0																									
déclassifies			déclassifier	VER	VER		s		0	0	0																									
décliqués			décliquer	VER	VER		p		0	0	0																									
décliqué			décliquer	VER	VER		s		0	0	0																									
décliquète			décliqueter	VER	VER		s		0	0	0																									
déclives			déclive	NOM	NOM		p		0	0	0																									
décloisonne			décloisonner	VER	VER		s		0	0	0																									
décloisonnes			décloisonner	VER	VER		s		0	0	0																									
décloues			déclouer	VER	VER		s		0	0	0																									
décléricalisé			décléricaliser	VER	VER		s		0	0	0																									
décolletez			décolleter	VER	VER		p		0	0	0																									
décollette			décolleter	VER	VER		s		0	0	0																									
décollète			décolleter	VER	VER		s		0	0	0																									
décollètes			décolleter	VER	VER		s		0	0	0																									
décolonise			décoloniser	VER	VER		s		0	0	0																									
décolonises			décoloniser	VER	VER		s		0	0	0																									
décoléra			décolérer	VER	VER		s		0	0	0																									
décolères			décolérer	VER	VER		s		0	0	0																									
décomprimes			décomprimer	VER	VER		s		0	0	0																									
déconfît			déconfire	VER	VER		s		0	0	0																									
déconfîtes			déconfire	VER	VER		p		0	0	0																									
déconforté			déconforter	VER	VER		s		0	0	0																									
décongestionnes			décongestionner	VER	VER		s		0	0	0																									
déconsacre			déconsacrer	VER	VER		s		0	0	0																									
déconsidérerais			déconsidérer	VER	VER		s		0	0	0																									
déconsidères			déconsidérer	VER	VER		s		0	0	0																									
déconsigne			déconsigner	VER	VER		s		0	0	0																									
déconsignes			déconsigner	VER	VER		s		0	0	0																									
décordes			décorder	VER	VER		s		0	0	0																									
décornés			décorner	VER	VER		p		0	0	0																									
découples			découpler	VER	VER		s		0	0	0																									
découvrîtes			découvrir	VER	VER		p		0	0	0																									
décramponné			décramponner	VER	VER		s		0	0	0																									
décriât			décrier	VER	VER		s		0	0	0																									
décrivît			décrire	VER	VER		s		0	0	0																									
décrispes			décrisper	VER	VER		s		0	0	0																									
décroises			décroiser	VER	VER		s		0	0	0																									
décrottés			décrotter	VER	VER		p		0	0	0																									
décrotté			décrotter	VER	VER		s		0	0	0																									
décroûte			décroûter	VER	VER		s		0	0	0																									
décroûtât			décroûter	VER	VER		s		0	0	0																									
décroûté			décroûter	VER	VER		s		0	0	0																									
décrués			décruer	VER	VER		p		0	0	0																									
décruée			décruer	VER	VER		s		0	0	0																									
décréments			décrément	NOM	NOM		p		0	0	0																									
décrépît			décrépir	VER	VER		s		0	0	0																									
décrépîtes			décrépir	VER	VER		p		0	0	0																									
décrépités			décrépiter	VER	VER		p		0	0	0																									
décrépité			décrépiter	VER	VER		s		0	0	0																									
décrétions			décréter	VER	VER		p		0	0	0																									
décrêpions			décrêper	VER	VER		p		0	0	0																									
décrêpé			décrêper	VER	VER		s		0	0	0																									
décuises			décuire	VER	VER		s		0	0	0																									
décédant			décéder	VER	VER				0	0	0																									
décérèbres			décérébrer	VER	VER		s		0	0	0																									
dédiât			dédier	VER	VER		s		0	0	0																									
dédît			dédire	VER	VER		s		0	0	0																									
dédîtes			dédire	VER	VER		p		0	0	0																									
dédommagèrent			dédommager	VER	VER		p		0	0	0																									
déduises			déduire	VER	VER		s		0	0	0																									
déduisît			déduire	VER	VER		s		0	0	0																									
défaillît			défaillir	VER	VER		s		0	0	0																									
défît			défaire	VER	VER		s		0	0	0																									
défîtes			défaire	VER	VER		p		0	0	0																									
défalqué			défalquer	VER	VER		s		0	0	0																									
défardé			défarder	VER	VER		s		0	0	0																									
défausses			défausser	VER	VER		s		0	0	0																									
défavorises			défavoriser	VER	VER		s		0	0	0																									
défendît			défendre	VER	VER		s		0	0	0																									
défets			défet	NOM	NOM		p		0	0	0																									
défibrilles			défibriller	VER	VER		s		0	0	0																									
défiâtes			défier	VER	VER		p		0	0	0																									
défigures			défigurer	VER	VER		s		0	0	0																									
défleurît			défleurir	VER	VER		s		0	0	0																									
défléchît			défléchir	VER	VER		s		0	0	0																									
défonças			défoncer	VER	VER		s		0	0	0																									
défonceuses			défonceuse	NOM	NOM		p		0	0	0																									
défrayant			défrayer	VER	VER				0	0	0																									
défrayes			défrayer	VER	VER		s		0	0	0																									
défraîchit			défraîchir	VER	VER		s		0	0	0																									
défraîchît			défraîchir	VER	VER		s		0	0	0																									
défripe			défriper	VER	VER		s		0	0	0																									
défripes			défriper	VER	VER		s		0	0	0																									
défroissés			défroisser	VER	VER		p		0	0	0																									
défroissé			défroisser	VER	VER		s		0	0	0																									
défronces			défroncer	VER	VER		s		0	0	0																									
défâche			défâcher	VER	VER		s		0	0	0																									
défâcher			défâcher	VER	VER				0	0	0																									
défâchez			défâcher	VER	VER		p		0	0	0																									
défâché			défâcher	VER	VER		s		0	0	0																									
défâchée			défâcher	VER	VER		s		0	0	0																									
défâchées			défâcher	VER	VER		p		0	0	0																									
déféra			déférer	VER	VER		s		0	0	0																									
déféraient			déférer	VER	VER		p		0	0	0																									
déférais			déférer	VER	VER		s		0	0	0																									
déférait			déférer	VER	VER		s		0	0	0																									
déféras			déférer	VER	VER		s		0	0	0																									
défères			déférer	VER	VER		s		0	0	0																									
dégantes			déganter	VER	VER		s		0	0	0																									
dégarnît			dégarnir	VER	VER		s		0	0	0																									
dégerme			dégermer	VER	VER		s		0	0	0																									
dégivres			dégivrer	VER	VER		s		0	0	0																									
déglués			dégluer	VER	VER		p		0	0	0																									
déglué			dégluer	VER	VER		s		0	0	0																									
déglutît			déglutir	VER	VER		s		0	0	0																									
dégobilles			dégobiller	VER	VER		s		0	0	0																									
dégondé			dégonder	VER	VER		s		0	0	0																									
dégorges			dégorger	VER	VER		s		0	0	0																									
dégourdît			dégourdir	VER	VER		s		0	0	0																									
dégouttât			dégoutter	VER	VER		s		0	0	0																									
dégoûtât			dégoûter	VER	VER		s		0	0	0																									
dégoûtâtes			dégoûter	VER	VER		p		0	0	0																									
dégradât			dégrader	VER	VER		s		0	0	0																									
dégrainé			dégrainer	VER	VER		s		0	0	0																									
dégras			dégras	NOM	NOM	m			0	0	0																									
dégrève			dégrever	VER	VER		s		0	0	0																									
dégrèves			dégrever	VER	VER		s		0	0	0																									
dégrossît			dégrossir	VER	VER		s		0	0	0																									
dégroupe			dégrouper	VER	VER		s		0	0	0																									
dégroupes			dégrouper	VER	VER		s		0	0	0																									
dégréa			dégréer	VER	VER		s		0	0	0																									
dégréas			dégréer	VER	VER		s		0	0	0																									
dégréés			dégréer	VER	VER		p		0	0	0																									
dégréé			dégréer	VER	VER		s		0	0	0																									
déguenille			dégueniller	VER	VER		s		0	0	0																									
déguenilles			dégueniller	VER	VER		s		0	0	0																									
déguerpît			déguerpir	VER	VER		s		0	0	0																									
dégénéreraient			dégénérer	VER	VER		p		0	0	0																									
dégénéreront			dégénérer	VER	VER		p		0	0	0																									
déhaler			déhaler	VER	VER				0	0	0																									
déhales			déhaler	VER	VER		s		0	0	0																									
déhalés			déhaler	VER	VER		p		0	0	0																									
déhalé			déhaler	VER	VER		s		0	0	0																									
déharnaches			déharnacher	VER	VER		s		0	0	0																									
déhâle			déhâler	VER	VER		s		0	0	0																									
déhâler			déhâler	VER	VER				0	0	0																									
déhâles			déhâler	VER	VER		s		0	0	0																									
déhâlés			déhâler	VER	VER		p		0	0	0																									
déhâlé			déhâler	VER	VER		s		0	0	0																									
déjauge			déjauger	VER	VER		s		0	0	0																									
déjette			déjeter	VER	VER		s		0	0	0																									
déjetés			déjeter	VER	VER		p		0	0	0																									
déjoigne			déjoindre	VER	VER		s		0	0	0																									
déjoignent			déjoindre	VER	VER		p		0	0	0																									
déjoignez			déjoindre	VER	VER		p		0	0	0																									
déjoignons			déjoindre	VER	VER		p		0	0	0																									
déjoindra			déjoindre	VER	VER		s		0	0	0																									
déjoindrai			déjoindre	VER	VER		s		0	0	0																									
déjoindre			déjoindre	VER	VER				0	0	0																									
déjoins			déjoindre	VER	VER		s		0	0	0																									
déjuges			déjuger	VER	VER		s		0	0	0																									
délabres			délabrer	VER	VER		s		0	0	0																									
délaçât			délacer	VER	VER		s		0	0	0																									
délaçâtes			délacer	VER	VER		p		0	0	0																									
délaves			délaver	VER	VER		s		0	0	0																									
délaient			délayer	VER	VER		p		0	0	0																									
délayes			délayer	VER	VER		s		0	0	0																									
délibérerait			délibérer	VER	VER		s		0	0	0																									
délibères			délibérer	VER	VER		s		0	0	0																									
déliât			délier	VER	VER		s		0	0	0																									
déliâtes			délier	VER	VER		p		0	0	0																									
délinquât			délinquer	VER	VER		s		0	0	0																									
délinquâtes			délinquer	VER	VER		p		0	0	0																									
délirât			délirer	VER	VER		s		0	0	0																									
délirâtes			délirer	VER	VER		p		0	0	0																									
délissés			délisser	VER	VER		p		0	0	0																									
délitât			déliter	VER	VER		s		0	0	0																									
délitâtes			déliter	VER	VER		p		0	0	0																									
délivrât			délivrer	VER	VER		s		0	0	0																									
déluta			déluter	VER	VER		s		0	0	0																									
délutes			déluter	VER	VER		s		0	0	0																									
déléguerait			déléguer	VER	VER		s		0	0	0																									
délégueras			déléguer	VER	VER		s		0	0	0																									
démagnétises			démagnétiser	VER	VER		s		0	0	0																									
démanchés			démancher	VER	VER		p		0	0	0																									
démangerai			démanger	VER	VER		s		0	0	0																									
démangeras			démanger	VER	VER		s		0	0	0																									
démangerez			démanger	VER	VER		p		0	0	0																									
démangiez			démanger	VER	VER		p		0	0	0																									
démantibules			démantibuler	VER	VER		s		0	0	0																									
démariée			démarier	VER	VER		s		0	0	0																									
démenâmes			démener	VER	VER		p		0	0	0																									
démenât			démener	VER	VER		s		0	0	0																									
démenâtes			démener	VER	VER		p		0	0	0																									
démènera			démener	VER	VER		s		0	0	0																									
démentît			démentir	VER	VER		s		0	0	0																									
démesures			démesure	NOM	NOM		p		0	0	0																									
démettent			démettre	VER	VER		p		0	0	0																									
démettra			démettre	VER	VER		s		0	0	0																									
démettras			démettre	VER	VER		s		0	0	0																									
démît			démettre	VER	VER		s		0	0	0																									
démiellé			démieller	VER	VER		s		0	0	0																									
démilitarises			démilitariser	VER	VER		s		0	0	0																									
démina			déminer	VER	VER		s		0	0	0																									
démines			déminer	VER	VER		s		0	0	0																									
déminez			déminer	VER	VER		p		0	0	0																									
déminéralise			déminéraliser	VER	VER		s		0	0	0																									
déminéralises			déminéraliser	VER	VER		s		0	0	0																									
démobilises			démobiliser	VER	VER		s		0	0	0																									
démocratises			démocratiser	VER	VER		s		0	0	0																									
démodes			démoder	VER	VER		s		0	0	0																									
démodez			démoder	VER	VER		p		0	0	0																									
démodex			démodex	NOM	NOM	m			0	0	0																									
démolît			démolir	VER	VER		s		0	0	0																									
démonétise			démonétiser	VER	VER		s		0	0	0																									
démonétises			démonétiser	VER	VER		s		0	0	0																									
démordes			démordre	VER	VER		s		0	0	0																									
démouchète			démoucheter	VER	VER		s		0	0	0																									
démoules			démouler	VER	VER		s		0	0	0																									
démultiplies			démultiplier	VER	VER		s		0	0	0																									
démystifies			démystifier	VER	VER		s		0	0	0																									
démâte			démâter	VER	VER		s		0	0	0																									
démâtes			démâter	VER	VER		s		0	0	0																									
démêlages			démêlage	NOM	NOM		p		0	0	0																									
démêlure			démêlure	NOM	NOM	f	s		0	0	0																									
dénaturalise			dénaturaliser	VER	VER		s		0	0	0																									
dénaturalises			dénaturaliser	VER	VER		s		0	0	0																									
dénicotinises			dénicotiniser	VER	VER		s		0	0	0																									
dénieras			dénier	VER	VER		s		0	0	0																									
dénierez			dénier	VER	VER		p		0	0	0																									
dénommes			dénommer	VER	VER		s		0	0	0																									
dénoues			dénouer	VER	VER		s		0	0	0																									
dénouèrent			dénouer	VER	VER		p		0	0	0																									
dénoyautes			dénoyauter	VER	VER		s		0	0	0																									
dénoûment			dénoûment	NOM	NOM	m	s		0	0	0																									
dénucléarise			dénucléariser	VER	VER		s		0	0	0																									
dénucléarises			dénucléariser	VER	VER		s		0	0	0																									
dénues			dénuer	VER	VER		s		0	0	0																									
dépareilles			dépareiller	VER	VER		s		0	0	0																									
déparât			déparer	VER	VER		s		0	0	0																									
déparle			déparler	VER	VER		s		0	0	0																									
déparlera			déparler	VER	VER		s		0	0	0																									
déparlerons			déparler	VER	VER		p		0	0	0																									
déparlés			déparler	VER	VER		p		0	0	0																									
déparlé			déparler	VER	VER		s		0	0	0																									
départez			départir	VER	VER		p		0	0	0																									
départira			départir	VER	VER		s		0	0	0																									
départît			départir	VER	VER		s		0	0	0																									
départie			départir	VER	VER		s		0	0	0																									
dépassât			dépasser	VER	VER		s		0	0	0																									
dépassionne			dépassionner	VER	VER		s		0	0	0																									
dépaves			dépaver	VER	VER		s		0	0	0																									
dépeciez			dépecer	VER	VER		p		0	0	0																									
dépecions			dépecer	VER	VER		p		0	0	0																									
dépeignît			dépeindre	VER	VER		s		0	0	0																									
dépendît			dépendre	VER	VER		s		0	0	0																									
dépersonnalises			dépersonnaliser	VER	VER		s		0	0	0																									
dépeuples			dépeupler	VER	VER		s		0	0	0																									
dépilai			dépiler	VER	VER		s		0	0	0																									
dépilait			dépiler	VER	VER		s		0	0	0																									
dépilât			dépiler	VER	VER		s		0	0	0																									
dépilés			dépiler	VER	VER		p		0	0	0																									
dépiqué			dépiquer	VER	VER		s		0	0	0																									
dépistes			dépister	VER	VER		s		0	0	0																									
dépièce			dépiécer	VER	VER		s		0	0	0																									
dépiécer			dépiécer	VER	VER				0	0	0																									
dépiécez			dépiécer	VER	VER		p		0	0	0																									
dépiéçons			dépiécer	VER	VER		p		0	0	0																									
dépièces			dépiécer	VER	VER		s		0	0	0																									
dépiécés			dépiécer	VER	VER		p		0	0	0																									
dépiécé			dépiécer	VER	VER		s		0	0	0																									
déplaças			déplacer	VER	VER		s		0	0	0																									
déplafonné			déplafonner	VER	VER		s		0	0	0																									
déplûmes			déplaire	VER	VER		p		0	0	0																									
déplût			déplaire	VER	VER		s		0	0	0																									
déplûtes			déplaire	VER	VER		p		0	0	0																									
déplantes			déplanter	VER	VER		s		0	0	0																									
dépliai			déplier	VER	VER		s		0	0	0																									
dépliât			déplier	VER	VER		s		0	0	0																									
dépliâtes			déplier	VER	VER		p		0	0	0																									
déplorés			déplorer	VER	VER		p		0	0	0																									
dépoitraille			dépoitrailler	VER	VER		s		0	0	0																									
dépoitrailles			dépoitrailler	VER	VER		s		0	0	0																									
dépolarises			dépolariser	VER	VER		s		0	0	0																									
dépolitise			dépolitiser	VER	VER		s		0	0	0																									
dépolitises			dépolitiser	VER	VER		s		0	0	0																									
déposséderaient			déposséder	VER	VER		p		0	0	0																									
déposséderons			déposséder	VER	VER		p		0	0	0																									
dépossèdes			déposséder	VER	VER		s		0	0	0																									
dépota			dépoter	VER	VER		s		0	0	0																									
dépotas			dépoter	VER	VER		s		0	0	0																									
dépourvût			dépourvoir	VER	VER		s		0	0	0																									
dépoussiérerai			dépoussiérer	VER	VER		s		0	0	0																									
dépoussiérerait			dépoussiérer	VER	VER		s		0	0	0																									
dépoétise			dépoétiser	VER	VER		s		0	0	0																									
dépoétises			dépoétiser	VER	VER		s		0	0	0																									
déprendrai			déprendre	VER	VER		s		0	0	0																									
déprendrons			déprendre	VER	VER		p		0	0	0																									
déprenne			déprendre	VER	VER		s		0	0	0																									
déprennent			déprendre	VER	VER		p		0	0	0																									
déprenons			déprendre	VER	VER		p		0	0	0																									
déprîmes			déprendre	VER	VER		p		0	0	0																									
déprît			déprendre	VER	VER		s		0	0	0																									
déprises			déprendre	VER	VER		p		0	0	0																									
déprimât			déprimer	VER	VER		s		0	0	0																									
déprisés			dépriser	VER	VER		p		0	0	0																									
dépure			dépurer	VER	VER		s		0	0	0																									
dépures			dépurer	VER	VER		s		0	0	0																									
députez			députer	VER	VER		p		0	0	0																									
dépérît			dépérir	VER	VER		s		0	0	0																									
dépêtre			dépêtrer	VER	VER		s		0	0	0																									
dérangeât			déranger	VER	VER		s		0	0	0																									
dérasa			déraser	VER	VER		s		0	0	0																									
dérates			dérater	VER	VER		s		0	0	0																									
dératises			dératiser	VER	VER		s		0	0	0																									
déraies			dérayer	VER	VER		s		0	0	0																									
dérougît			dérougir	VER	VER		s		0	0	0																									
déroutât			dérouter	VER	VER		s		0	0	0																									
désabuse			désabuser	VER	VER		s		0	0	0																									
désabuses			désabuser	VER	VER		s		0	0	0																									
désaccordes			désaccorder	VER	VER		s		0	0	0																									
désaccouples			désaccoupler	VER	VER		s		0	0	0																									
désaccoutumé			désaccoutumer	VER	VER		s		0	0	0																									
désadapte			désadapter	VER	VER		s		0	0	0																									
désaffectes			désaffecter	VER	VER		s		0	0	0																									
désaime			désaimer	VER	VER		s		0	0	0																									
désaltères			désaltérer	VER	VER		s		0	0	0																									
désancre			désancrer	VER	VER		s		0	0	0																									
désancres			désancrer	VER	VER		s		0	0	0																									
désappointe			désappointer	VER	VER		s		0	0	0																									
désargente			désargenter	VER	VER		s		0	0	0																									
désargentes			désargenter	VER	VER		s		0	0	0																									
désarticules			désarticuler	VER	VER		s		0	0	0																									
désarçonnes			désarçonner	VER	VER		s		0	0	0																									
désaxes			désaxer	VER	VER		s		0	0	0																									
désembourbe			désembourber	VER	VER		s		0	0	0																									
désempares			désemparer	VER	VER		s		0	0	0																									
désemplît			désemplir	VER	VER		s		0	0	0																									
désenchantes			désenchanter	VER	VER		s		0	0	0																									
désenchaîné			désenchaîner	VER	VER		s		0	0	0																									
désenflés			désenfler	VER	VER		p		0	0	0																									
désensibilises			désensibiliser	VER	VER		s		0	0	0																									
désespérèrent			désespérer	VER	VER		p		0	0	0																									
déshabitues			déshabituer	VER	VER		s		0	0	0																									
déshumanises			déshumaniser	VER	VER		s		0	0	0																									
désillusionne			désillusionner	VER	VER		s		0	0	0																									
désillusionnes			désillusionner	VER	VER		s		0	0	0																									
désincarnes			désincarner	VER	VER		s		0	0	0																									
désinfectât			désinfecter	VER	VER		s		0	0	0																									
désirât			désirer	VER	VER		s		0	0	0																									
désobstrué			désobstruer	VER	VER		s		0	0	0																									
désodorises			désodoriser	VER	VER		s		0	0	0																									
désorbite			désorbiter	VER	VER		s		0	0	0																									
désorbites			désorbiter	VER	VER		s		0	0	0																									
désordonnes			désordonner	VER	VER		s		0	0	0																									
désorganises			désorganiser	VER	VER		s		0	0	0																									
désorientes			désorienter	VER	VER		s		0	0	0																									
désoxygène			désoxygéner	VER	VER		s		0	0	0																									
désoxygènes			désoxygéner	VER	VER		s		0	0	0																									
désunît			désunir	VER	VER		s		0	0	0																									
détartres			détartrer	VER	VER		s		0	0	0																									
détèles			dételer	VER	VER		s		0	0	0																									
détendît			détendre	VER	VER		s		0	0	0																									
détînmes			détenir	VER	VER		p		0	0	0																									
détînt			détenir	VER	VER		s		0	0	0																									
détîntes			détenir	VER	VER		p		0	0	0																									
déterge			déterger	VER	VER		s		0	0	0																									
détonnât			détonner	VER	VER		s		0	0	0																									
détordes			détordre	VER	VER		s		0	0	0																									
détorse			détors	ADJ	ADJ		s		0	0	0																									
détractés			détracter	VER	VER		p		0	0	0																									
détracté			détracter	VER	VER		s		0	0	0																									
détrempes			détrempe	NOM	NOM		p		0	0	0																									
détressés			détresser	VER	VER		p		0	0	0																									
détruisît			détruire	VER	VER		s		0	0	0																									
dévaliez			dévaler	VER	VER		p		0	0	0																									
déverni			déverni	ADJ	ADJ		s		0	0	0																									
dévernir			dévernir	VER	VER				0	0	0																									
dévernit			dévernir	VER	VER		s		0	0	0																									
dévernît			dévernir	VER	VER		s		0	0	0																									
dévideras			dévider	VER	VER		s		0	0	0																									
déviai			dévier	VER	VER		s		0	0	0																									
déviais			dévier	VER	VER		s		0	0	0																									
dévias			dévier	VER	VER		s		0	0	0																									
dévierais			dévier	VER	VER		s		0	0	0																									
dévieras			dévier	VER	VER		s		0	0	0																									
déviiez			dévier	VER	VER		p		0	0	0																									
déviions			dévier	VER	VER		p		0	0	0																									
déviât			dévier	VER	VER		s		0	0	0																									
dévirai			dévirer	VER	VER		s		0	0	0																									
déviraient			dévirer	VER	VER		p		0	0	0																									
déviras			dévirer	VER	VER		s		0	0	0																									
dévireras			dévirer	VER	VER		s		0	0	0																									
déviriez			dévirer	VER	VER		p		0	0	0																									
dévirions			dévirer	VER	VER		p		0	0	0																									
dévirât			dévirer	VER	VER		s		0	0	0																									
dévirons			dévirer	VER	VER		p		0	0	0																									
dévirés			dévirer	VER	VER		p		0	0	0																									
dévirilise			déviriliser	VER	VER		s		0	0	0																									
dévitalises			dévitaliser	VER	VER		s		0	0	0																									
dévoras			dévorer	VER	VER		s		0	0	0																									
dévorât			dévorer	VER	VER		s		0	0	0																									
dévouèrent			dévouer	VER	VER		p		0	0	0																									
dévoient			dévoyer	VER	VER		p		0	0	0																									
dévoieras			dévoyer	VER	VER		s		0	0	0																									
dévoya			dévoyer	VER	VER		s		0	0	0																									
dévoyais			dévoyer	VER	VER		s		0	0	0																									
dévrillé			dévriller	VER	VER		s		0	0	0																									
dévêtement			dévêtement	NOM	NOM	m	s		0	0	0																									
dévêtait			dévêtir	VER	VER		s		0	0	0																									
dévêtons			dévêtir	VER	VER		p		0	0	0																									
dévêtît			dévêtir	VER	VER		s		0	0	0																									
dîma			dîmer	VER	VER		s		0	0	0																									
dîmai			dîmer	VER	VER		s		0	0	0																									
dîmaient			dîmer	VER	VER		p		0	0	0																									
dîmais			dîmer	VER	VER		s		0	0	0																									
dîmait			dîmer	VER	VER		s		0	0	0																									
dîmant			dîmer	VER	VER				0	0	0																									
dîmas			dîmer	VER	VER		s		0	0	0																									
dîmasse			dîmer	VER	VER		s		0	0	0																									
dîment			dîmer	VER	VER		p		0	0	0																									
dîmera			dîmer	VER	VER		s		0	0	0																									
dîmerai			dîmer	VER	VER		s		0	0	0																									
dîmeraient			dîmer	VER	VER		p		0	0	0																									
dîmerais			dîmer	VER	VER		s		0	0	0																									
dîmerait			dîmer	VER	VER		s		0	0	0																									
dîmeras			dîmer	VER	VER		s		0	0	0																									
dîmerez			dîmer	VER	VER		p		0	0	0																									
dîmeriez			dîmer	VER	VER		p		0	0	0																									
dîmerions			dîmer	VER	VER		p		0	0	0																									
dîmeront			dîmer	VER	VER		p		0	0	0																									
dîmez			dîmer	VER	VER		p		0	0	0																									
dîmiez			dîmer	VER	VER		p		0	0	0																									
dîmions			dîmer	VER	VER		p		0	0	0																									
dîmés			dîmer	VER	VER		p		0	0	0																									
dîmée			dîmer	VER	VER		s		0	0	0																									
dînas			dîner	VER	VER		s		0	0	0																									
dînât			dîner	VER	VER		s		0	0	0																									
ectasiés			ectasier	VER	VER		p		0	0	0																									
ectasié			ectasier	VER	VER		s		0	0	0																									
effaças			effacer	VER	VER		s		0	0	0																									
effluvés			effluver	VER	VER		p		0	0	0																									
effluvé			effluver	VER	VER		s		0	0	0																									
effrayât			effrayer	VER	VER		s		0	0	0																									
effrayâtes			effrayer	VER	VER		p		0	0	0																									
effusés			effuser	VER	VER		p		0	0	0																									
efféminement			efféminement	NOM	NOM	m	s		0	0	0																									
effémines			efféminer	VER	VER		s		0	0	0																									
embarrassât			embarrasser	VER	VER		s		0	0	0																									
embarrassâtes			embarrasser	VER	VER		p		0	0	0																									
embarrât			embarrer	VER	VER		s		0	0	0																									
emblavé			emblaver	VER	VER		s		0	0	0																									
embût			emboire	VER	VER		s		0	0	0																									
embûtes			emboire	VER	VER		p		0	0	0																									
emboisé			emboiser	VER	VER		s		0	0	0																									
emboucané			emboucaner	VER	VER		s		0	0	0																									
embouteillâmes			embouteiller	VER	VER		p		0	0	0																									
embouteillâtes			embouteiller	VER	VER		p		0	0	0																									
emboutît			emboutir	VER	VER		s		0	0	0																									
embranché			embrancher	VER	VER		s		0	0	0																									
embrayés			embrayer	VER	VER		p		0	0	0																									
embrève			embrever	VER	VER		s		0	0	0																									
embâtant			embâter	VER	VER				0	0	0																									
embâte			embâter	VER	VER		s		0	0	0																									
embâterait			embâter	VER	VER		s		0	0	0																									
embâtes			embâter	VER	VER		s		0	0	0																									
embâtés			embâter	VER	VER		p		0	0	0																									
embâté			embâter	VER	VER		s		0	0	0																									
embêtât			embêter	VER	VER		s		0	0	0																									
emmenât			emmener	VER	VER		s		0	0	0																									
emmêlais			emmêler	VER	VER		s		0	0	0																									
empaquètes			empaqueter	VER	VER		s		0	0	0																									
empesât			empeser	VER	VER		s		0	0	0																									
empèse			empeser	VER	VER		s		0	0	0																									
empèses			empeser	VER	VER		s		0	0	0																									
empiètements			empiètement	NOM	NOM		p		0	0	0																									
empiéterais			empiéter	VER	VER		s		0	0	0																									
empiéterez			empiéter	VER	VER		p		0	0	0																									
emplîmes			emplir	VER	VER		p		0	0	0																									
emplît			emplir	VER	VER		s		0	0	0																									
emplîtes			emplir	VER	VER		p		0	0	0																									
empoissé			empoisser	VER	VER		s		0	0	0																									
empoussières			empoussiérer	VER	VER		s		0	0	0																									
empuantît			empuantir	VER	VER		s		0	0	0																									
empâtant			empâter	VER	VER				0	0	0																									
empâtiez			empâter	VER	VER		p		0	0	0																									
empâtât			empâter	VER	VER		s		0	0	0																									
empêchât			empêcher	VER	VER		s		0	0	0																									
enamourées			enamourer	VER	VER		p		0	0	0																									
encaustiqué			encaustiquer	VER	VER		s		0	0	0																									
enchantèrent			enchanter	VER	VER		p		0	0	0																									
enchevêtres			enchevêtrer	VER	VER		s		0	0	0																									
enchâsser			enchâsser	VER	VER				0	0	0																									
enchâsses			enchâsser	VER	VER		s		0	0	0																									
enchérît			enchérir	VER	VER		s		0	0	0																									
enchéries			enchérir	VER	VER		p		0	0	0																									
encloué			enclouer	VER	VER		s		0	0	0																									
encoléré			encolérer	VER	VER		s		0	0	0																									
encourageât			encourager	VER	VER		s		0	0	0																									
endettât			endetter	VER	VER		s		0	0	0																									
endurcît			endurcir	VER	VER		s		0	0	0																									
endémies			endémie	NOM	NOM		p		0	0	0																									
endêvant			endêver	VER	VER				0	0	0																									
endêve			endêver	VER	VER		s		0	0	0																									
endêvent			endêver	VER	VER		p		0	0	0																									
endêvera			endêver	VER	VER		s		0	0	0																									
endêverai			endêver	VER	VER		s		0	0	0																									
endêves			endêver	VER	VER		s		0	0	0																									
endêvez			endêver	VER	VER		p		0	0	0																									
endêvons			endêver	VER	VER		p		0	0	0																									
endêvés			endêver	VER	VER		p		0	0	0																									
endêvé			endêver	VER	VER		s		0	0	0																									
endêvée			endêver	VER	VER		s		0	0	0																									
endêvées			endêver	VER	VER		p		0	0	0																									
enfaîtes			enfaîter	VER	VER		s		0	0	0																									
enfaîtés			enfaîter	VER	VER		p		0	0	0																									
enfaîté			enfaîter	VER	VER		s		0	0	0																									
enfièvres			enfiévrer	VER	VER		s		0	0	0																									
enflâmes			enfler	VER	VER		p		0	0	0																									
enflât			enfler	VER	VER		s		0	0	0																									
enfouît			enfouir	VER	VER		s		0	0	0																									
enfreignît			enfreindre	VER	VER		s		0	0	0																									
enfûta			enfûter	VER	VER		s		0	0	0																									
enfûte			enfûter	VER	VER		s		0	0	0																									
enfûtent			enfûter	VER	VER		p		0	0	0																									
enfûter			enfûter	VER	VER				0	0	0																									
enfûté			enfûter	VER	VER		s		0	0	0																									
engeancés			engeancer	VER	VER		p		0	0	0																									
engeancé			engeancer	VER	VER		s		0	0	0																									
engloutît			engloutir	VER	VER		s		0	0	0																									
engourdît			engourdir	VER	VER		s		0	0	0																									
engrêlée			engrêlé	ADJ	ADJ		s		0	0	0																									
engrêlé			engrêlé	ADJ	ADJ		s		0	0	0																									
enhardît			enhardir	VER	VER		s		0	0	0																									
enherbés			enherber	VER	VER		p		0	0	0																									
enherbé			enherber	VER	VER		s		0	0	0																									
enjoignît			enjoindre	VER	VER		s		0	0	0																									
enjolivés			enjoliver	VER	VER		p		0	0	0																									
enjôle			enjôler	VER	VER		s		0	0	0																									
enjôlent			enjôler	VER	VER		p		0	0	0																									
enjôles			enjôler	VER	VER		s		0	0	0																									
enlaidît			enlaidir	VER	VER		s		0	0	0																									
enlevât			enlever	VER	VER		s		0	0	0																									
enlignée			enligner	VER	VER		s		0	0	0																									
ennoblît			ennoblir	VER	VER		s		0	0	0																									
enorgueillît			enorgueillir	VER	VER		s		0	0	0																									
enquillés			enquiller	VER	VER		p		0	0	0																									
enquillé			enquiller	VER	VER		s		0	0	0																									
enquérait			enquérir	VER	VER		s		0	0	0																									
enquérons			enquérir	VER	VER		p		0	0	0																									
enquît			enquérir	VER	VER		s		0	0	0																									
enquîtes			enquérir	VER	VER		p		0	0	0																									
enquêtât			enquêter	VER	VER		s		0	0	0																									
enrichît			enrichir	VER	VER		s		0	0	0																									
enrégimentes			enrégimenter	VER	VER		s		0	0	0																									
enrêne			enrêner	VER	VER		s		0	0	0																									
enrênes			enrêner	VER	VER		s		0	0	0																									
enrênât			enrêner	VER	VER		s		0	0	0																									
enrênés			enrêner	VER	VER		p		0	0	0																									
enrêné			enrêner	VER	VER		s		0	0	0																									
enseignât			enseigner	VER	VER		s		0	0	0																									
enseignâtes			enseigner	VER	VER		p		0	0	0																									
ensevelît			ensevelir	VER	VER		s		0	0	0																									
ensilé			ensiler	VER	VER		s		0	0	0																									
ensimés			ensimer	VER	VER		p		0	0	0																									
entât			enter	VER	VER		s		0	0	0																									
entâtes			enter	VER	VER		p		0	0	0																									
entoilés			entoiler	VER	VER		p		0	0	0																									
entoilé			entoiler	VER	VER		s		0	0	0																									
entonnât			entonner	VER	VER		s		0	0	0																									
entrebâilles			entrebâiller	VER	VER		s		0	0	0																									
entreprît			entreprendre	VER	VER		s		0	0	0																									
entreprîtes			entreprendre	VER	VER		p		0	0	0																									
entrâtes			entrer	VER	VER		p		0	0	0																									
entretînt			entretenir	VER	VER		s		0	0	0																									
entretoisés			entretoiser	VER	VER		p		0	0	0																									
entretoisé			entretoiser	VER	VER		s		0	0	0																									
entrevît			entrevoir	VER	VER		s		0	0	0																									
entrouvrît			entrouvrir	VER	VER		s		0	0	0																									
enténèbres			enténébrer	VER	VER		s		0	0	0																									
entêtaient			entêter	VER	VER		p		0	0	0																									
entôlent			entôler	VER	VER		p		0	0	0																									
entôles			entôler	VER	VER		s		0	0	0																									
entôlés			entôler	VER	VER		p		0	0	0																									
entôlée			entôler	VER	VER		s		0	0	0																									
envahît			envahir	VER	VER		s		0	0	0																									
envergés			enverger	VER	VER		p		0	0	0																									
envergé			enverger	VER	VER		s		0	0	0																									
envergués			enverguer	VER	VER		p		0	0	0																									
envergué			enverguer	VER	VER		s		0	0	0																									
envidés			envider	VER	VER		p		0	0	0																									
envidé			envider	VER	VER		s		0	0	0																									
envinés			enviné	ADJ	ADJ		p		0	0	0																									
environnèrent			environner	VER	VER		p		0	0	0																									
envoyât			envoyer	VER	VER		s		0	0	0																									
envoûteront			envoûter	VER	VER		p		0	0	0																									
errâtes			errer	VER	VER		p		0	0	0																									
esbigné			esbigner	VER	VER		s		0	0	0																									
esbrouffé			esbrouffer	VER	VER		s		0	0	0																									
escagassés			escagasser	VER	VER		p		0	0	0																									
escagassé			escagasser	VER	VER		s		0	0	0																									
escarmouchés			escarmoucher	VER	VER		p		0	0	0																									
escarmouché			escarmoucher	VER	VER		s		0	0	0																									
esclavagés			esclavager	VER	VER		p		0	0	0																									
espaça			espacer	VER	VER		s		0	0	0																									
espaças			espacer	VER	VER		s		0	0	0																									
espalmé			espalmer	VER	VER		s		0	0	0																									
espionnât			espionner	VER	VER		s		0	0	0																									
espérât			espérer	VER	VER		s		0	0	0																									
esquivât			esquiver	VER	VER		s		0	0	0																									
essangés			essanger	VER	VER		p		0	0	0																									
essangé			essanger	VER	VER		s		0	0	0																									
essorât			essorer	VER	VER		s		0	0	0																									
essorillé			essoriller	VER	VER		s		0	0	0																									
estocadés			estocader	VER	VER		p		0	0	0																									
estocadé			estocader	VER	VER		s		0	0	0																									
estrapadés			estrapader	VER	VER		p		0	0	0																									
estrapadé			estrapader	VER	VER		s		0	0	0																									
estropiât			estropier	VER	VER		s		0	0	0																									
euphorisé			euphoriser	VER	VER		s		0	0	0																									
exagéras			exagérer	VER	VER		s		0	0	0																									
exaltât			exalter	VER	VER		s		0	0	0																									
excitâtes			exciter	VER	VER		p		0	0	0																									
exclût			exclure	VER	VER		s		0	0	0																									
exclûtes			exclure	VER	VER		p		0	0	0																									
excréta			excréter	VER	VER		s		0	0	0																									
exhérède			exhéréder	VER	VER		s		0	0	0																									
exigeât			exiger	VER	VER		s		0	0	0																									
exigeâtes			exiger	VER	VER		p		0	0	0																									
exonères			exonérer	VER	VER		s		0	0	0																									
exorcisât			exorciser	VER	VER		s		0	0	0																									
expliquât			expliquer	VER	VER		s		0	0	0																									
expérimentât			expérimenter	VER	VER		s		0	0	0																									
exsudât			exsuder	VER	VER		s		0	0	0																									
extravaguât			extravaguer	VER	VER		s		0	0	0																									
extravagué			extravaguer	VER	VER		s		0	0	0																									
exténues			exténuer	VER	VER		s		0	0	0																									
fabriquât			fabriquer	VER	VER		s		0	0	0																									
faça			facer	VER	VER		s		0	0	0																									
façais			facer	VER	VER		s		0	0	0																									
faças			facer	VER	VER		s		0	0	0																									
façasse			facer	VER	VER		s		0	0	0																									
façasses			facer	VER	VER		s		0	0	0																									
façât			facer	VER	VER		s		0	0	0																									
facetté			facetter	VER	VER		s		0	0	0																									
faiblît			faiblir	VER	VER		s		0	0	0																									
faillît			faillir	VER	VER		s		0	0	0																									
faillîtes			faillir	VER	VER		p		0	0	0																									
faluné			faluner	VER	VER		s		0	0	0																									
fanfreluchés			fanfrelucher	VER	VER		p		0	0	0																									
fanfreluché			fanfrelucher	VER	VER		s		0	0	0																									
fantasiés			fantasier	VER	VER		p		0	0	0																									
fantasié			fantasier	VER	VER		s		0	0	0																									
farandolés			farandoler	VER	VER		p		0	0	0																									
farandolé			farandoler	VER	VER		s		0	0	0																									
farcît			farcir	VER	VER		s		0	0	0																									
faribolés			fariboler	VER	VER		p		0	0	0																									
faribolé			fariboler	VER	VER		s		0	0	0																									
farinés			fariner	VER	VER		p		0	0	0																									
fasciculé			fasciculé	ADJ	ADJ		s		0	0	0																									
fasciculés			fasciculé	ADJ	ADJ		p		0	0	0																									
fascinât			fasciner	VER	VER		s		0	0	0																									
fascinâtes			fasciner	VER	VER		p		0	0	0																									
fascisât			fasciser	VER	VER		s		0	0	0																									
fascisâtes			fasciser	VER	VER		p		0	0	0																									
fascisés			fasciser	VER	VER		p		0	0	0																									
fascé			fascé	ADJ	ADJ		s		0	0	0																									
fascés			fascé	ADJ	ADJ		p		0	0	0																									
fascée			fascé	ADJ	ADJ		s		0	0	0																									
faséyait			faséyer	VER	VER		s		0	0	0																									
faséyer			faséyer	VER	VER				0	0	0																									
faséyez			faséyer	VER	VER		p		0	0	0																									
faséyons			faséyer	VER	VER		p		0	0	0																									
faséyé			faséyer	VER	VER		s		0	0	0																									
faucillés			fauciller	VER	VER		p		0	0	0																									
faucillé			fauciller	VER	VER		s		0	0	0																									
fautât			fauter	VER	VER		s		0	0	0																									
faîtier			faîtier	ADJ	ADJ		s		0	0	0																									
faïencé			faïencé	ADJ	ADJ		s		0	0	0																									
faïencés			faïencé	ADJ	ADJ		p		0	0	0																									
feignît			feindre	VER	VER		s		0	0	0																									
fendît			fendre	VER	VER		s		0	0	0																									
fenestrés			fenestrer	VER	VER		p		0	0	0																									
ferlât			ferler	VER	VER		s		0	0	0																									
fermât			fermer	VER	VER		s		0	0	0																									
fermetés			fermeté	NOM	NOM		p		0	0	0																									
feuillagé			feuillagé	ADJ	ADJ		s		0	0	0																									
feuillagés			feuillagé	ADJ	ADJ		p		0	0	0																									
feulés			feuler	VER	VER		p		0	0	0																									
fianças			fiancer	VER	VER		s		0	0	0																									
fichât			fiche	VER	VER		s		0	0	0																									
fientés			fienter	VER	VER		p		0	0	0																									
fiâmes			fier	VER	VER		p		0	0	0																									
fiâtes			fier	VER	VER		p		0	0	0																									
figurâtes			figurer	VER	VER		p		0	0	0																									
filât			filer	VER	VER		s		0	0	0																									
filâtes			filer	VER	VER		p		0	0	0																									
filetâtes			fileter	VER	VER		p		0	0	0																									
filmât			filmer	VER	VER		s		0	0	0																									
filtrât			filtrer	VER	VER		s		0	0	0																									
finanças			financer	VER	VER		s		0	0	0																									
finîtes			finir	VER	VER		p		0	0	0																									
fixât			fixer	VER	VER		s		0	0	0																									
fiérote			fiérot	ADJ	ADJ		s		0	0	0																									
flabellé			flabellé	ADJ	ADJ		s		0	0	0																									
flagorné			flagorner	VER	VER		s		0	0	0																									
flambât			flamber	VER	VER		s		0	0	0																									
flaqués			flaquer	VER	VER		p		0	0	0																									
fleurît			fleurir	VER	VER		s		0	0	0																									
fleurîtes			fleurir	VER	VER		p		0	0	0																									
flibustés			flibuster	VER	VER		p		0	0	0																									
flibusté			flibuster	VER	VER		s		0	0	0																									
flippât			flipper	VER	VER		s		0	0	0																									
floconné			floconner	VER	VER		s		0	0	0																									
florencés			florencé	ADJ	ADJ		p		0	0	0																									
flottât			flotter	VER	VER		s		0	0	0																									
fluâmes			fluer	VER	VER		p		0	0	0																									
fluât			fluer	VER	VER		s		0	0	0																									
flâna			flâner	VER	VER		s		0	0	0																									
flécha			flécher	VER	VER		s		0	0	0																									
fléchas			flécher	VER	VER		s		0	0	0																									
fléchez			flécher	VER	VER		p		0	0	0																									
flétrît			flétrir	VER	VER		s		0	0	0																									
flûtais			flûter	VER	VER		s		0	0	0																									
flûtait			flûter	VER	VER		s		0	0	0																									
flûtant			flûter	VER	VER				0	0	0																									
flûtons			flûter	VER	VER		p		0	0	0																									
flûtés			flûter	VER	VER		p		0	0	0																									
foirât			foirer	VER	VER		s		0	0	0																									
foisonné			foisonner	VER	VER		s		0	0	0																									
folichonnés			folichonner	VER	VER		p		0	0	0																									
folichonné			folichonner	VER	VER		s		0	0	0																									
fonctionnât			fonctionner	VER	VER		s		0	0	0																									
fonctionnèrent			fonctionner	VER	VER		p		0	0	0																									
foraminé			foraminé	ADJ	ADJ		s		0	0	0																									
forcenât			forcener	VER	VER		s		0	0	0																									
forcène			forcener	VER	VER		s		0	0	0																									
forcènent			forcener	VER	VER		p		0	0	0																									
forcènes			forcener	VER	VER		s		0	0	0																									
forçasse			forcer	VER	VER		s		0	0	0																									
forcît			forcir	VER	VER		s		0	0	0																									
forâmes			forer	VER	VER		p		0	0	0																									
forât			forer	VER	VER		s		0	0	0																									
forâtes			forer	VER	VER		p		0	0	0																									
forlongé			forlonger	VER	VER		s		0	0	0																									
formât			former	VER	VER		s		0	0	0																									
formâtes			former	VER	VER		p		0	0	0																									
formuât			formuer	VER	VER		s		0	0	0																									
fouaillât			fouailler	VER	VER		s		0	0	0																									
fouaillés			fouailler	VER	VER		p		0	0	0																									
fougés			fouger	VER	VER		p		0	0	0																									
fouillât			fouiller	VER	VER		s		0	0	0																									
fouît			fouir	VER	VER		s		0	0	0																									
fouîtes			fouir	VER	VER		p		0	0	0																									
fourbît			fourbir	VER	VER		s		0	0	0																									
foutît			foutre	VER	VER		s		0	0	0																									
foènes			foène	NOM	NOM		p		0	0	0																									
fraisât			fraiser	VER	VER		s		0	0	0																									
framboisés			framboiser	VER	VER		p		0	0	0																									
franchît			franchir	VER	VER		s		0	0	0																									
frappât			frapper	VER	VER		s		0	0	0																									
frasés			fraser	VER	VER		p		0	0	0																									
fraîchît			fraîchir	VER	VER		s		0	0	0																									
frettés			fretter	VER	VER		p		0	0	0																									
frimât			frimer	VER	VER		s		0	0	0																									
frimâtes			frimer	VER	VER		p		0	0	0																									
fringalé			fringaler	VER	VER		s		0	0	0																									
friponnés			friponner	VER	VER		p		0	0	0																									
friponné			friponner	VER	VER		s		0	0	0																									
frisèle			friseler	VER	VER		s		0	0	0																									
friselé			friseler	VER	VER		s		0	0	0																									
froidît			froidir	VER	VER		s		0	0	0																									
froufrouté			froufrouter	VER	VER		s		0	0	0																									
frustrât			frustrer	VER	VER		s		0	0	0																									
frémît			frémir	VER	VER		s		0	0	0																									
frémie			frémir	VER	VER		s		0	0	0																									
frémies			frémir	VER	VER		p		0	0	0																									
fréquentât			fréquenter	VER	VER		s		0	0	0																									
fréta			fréter	VER	VER		s		0	0	0																									
frétaient			fréter	VER	VER		p		0	0	0																									
frétais			fréter	VER	VER		s		0	0	0																									
frétait			fréter	VER	VER		s		0	0	0																									
frétant			fréter	VER	VER				0	0	0																									
frétas			fréter	VER	VER		s		0	0	0																									
fréter			fréter	VER	VER				0	0	0																									
frétera			fréter	VER	VER		s		0	0	0																									
fréterai			fréter	VER	VER		s		0	0	0																									
fréterais			fréter	VER	VER		s		0	0	0																									
fréterait			fréter	VER	VER		s		0	0	0																									
fréteras			fréter	VER	VER		s		0	0	0																									
fréterez			fréter	VER	VER		p		0	0	0																									
fréterons			fréter	VER	VER		p		0	0	0																									
fréteront			fréter	VER	VER		p		0	0	0																									
frétez			fréter	VER	VER		p		0	0	0																									
frétiez			fréter	VER	VER		p		0	0	0																									
frétons			fréter	VER	VER		p		0	0	0																									
frétés			fréter	VER	VER		p		0	0	0																									
frété			fréter	VER	VER		s		0	0	0																									
frétée			fréter	VER	VER		s		0	0	0																									
frétées			fréter	VER	VER		p		0	0	0																									
fuîmes			fuir	VER	VER		p		0	0	0																									
fumât			fumer	VER	VER		s		0	0	0																									
furètes			fureter	VER	VER		s		0	0	0																									
fusèle			fuseler	VER	VER		s		0	0	0																									
fusèles			fuseler	VER	VER		s		0	0	0																									
fusillâmes			fusiller	VER	VER		p		0	0	0																									
fusillâtes			fusiller	VER	VER		p		0	0	0																									
futilisât			futiliser	VER	VER		s		0	0	0																									
fâchasse			fâcher	VER	VER		s		0	0	0																									
fâchât			fâcher	VER	VER		s		0	0	0																									
féauté			féauté	NOM	NOM	f	s		0	0	0																									
féautés			féauté	NOM	NOM		p		0	0	0																									
fédéralise			fédéraliser	VER	VER		s		0	0	0																									
fédéralises			fédéraliser	VER	VER		s		0	0	0																									
fédérâmes			fédérer	VER	VER		p		0	0	0																									
fédérât			fédérer	VER	VER		s		0	0	0																									
fédérâtes			fédérer	VER	VER		p		0	0	0																									
fédères			fédérer	VER	VER		s		0	0	0																									
féminisât			féminiser	VER	VER		s		0	0	0																									
féminisâtes			féminiser	VER	VER		p		0	0	0																									
férial			férial	ADJ	ADJ		s		0	0	0																									
fériale			férial	ADJ	ADJ		s		0	0	0																									
férines			férin	ADJ	ADJ		p		0	0	0																									
féverole			féverole	NOM	NOM	f	s		0	0	0																									
féveroles			féverole	NOM	NOM		p		0	0	0																									
fêlai			fêler	VER	VER		s		0	0	0																									
fêlaient			fêler	VER	VER		p		0	0	0																									
fêlais			fêler	VER	VER		s		0	0	0																									
fêlait			fêler	VER	VER		s		0	0	0																									
fêlant			fêler	VER	VER				0	0	0																									
fêlas			fêler	VER	VER		s		0	0	0																									
fêlasse			fêler	VER	VER		s		0	0	0																									
fêliez			fêler	VER	VER		p		0	0	0																									
fêlions			fêler	VER	VER		p		0	0	0																									
fêlâmes			fêler	VER	VER		p		0	0	0																									
fêlât			fêler	VER	VER		s		0	0	0																									
fêtasse			fêter	VER	VER		s		0	0	0																									
fêtasses			fêter	VER	VER		s		0	0	0																									
fêtât			fêter	VER	VER		s		0	0	0																									
gabât			gaber	VER	VER		s		0	0	0																									
gabés			gaber	VER	VER		p		0	0	0																									
gaffâmes			gaffer	VER	VER		p		0	0	0																									
gageât			gager	VER	VER		s		0	0	0																									
gagnâtes			gagner	VER	VER		p		0	0	0																									
galantisé			galantiser	VER	VER		s		0	0	0																									
galbât			galber	VER	VER		s		0	0	0																									
galopiné			galopiner	VER	VER		s		0	0	0																									
galéjés			galéjer	VER	VER		p		0	0	0																									
galéjé			galéjer	VER	VER		s		0	0	0																									
gambiés			gambier	VER	VER		p		0	0	0																									
gambié			gambier	VER	VER		s		0	0	0																									
gambillés			gambiller	VER	VER		p		0	0	0																									
gambillé			gambiller	VER	VER		s		0	0	0																									
gammés			gammé	ADJ	ADJ		p		0	0	0																									
gangrenées			gangrener	VER	VER		p		0	0	0																									
garantîmes			garantir	VER	VER		p		0	0	0																									
garantît			garantir	VER	VER		s		0	0	0																									
garantîtes			garantir	VER	VER		p		0	0	0																									
gardât			garder	VER	VER		s		0	0	0																									
garâmes			garer	VER	VER		p		0	0	0																									
garât			garer	VER	VER		s		0	0	0																									
garnît			garnir	VER	VER		s		0	0	0																									
gasconnés			gasconner	VER	VER		p		0	0	0																									
gasconné			gasconner	VER	VER		s		0	0	0																									
gauchît			gauchir	VER	VER		s		0	0	0																									
gaudît			gaudir	VER	VER		s		0	0	0																									
gaudîtes			gaudir	VER	VER		p		0	0	0																									
gaulât			gauler	VER	VER		s		0	0	0																									
gavât			gaver	VER	VER		s		0	0	0																									
gazéifie			gazéifier	VER	VER		s		0	0	0																									
gazéifies			gazéifier	VER	VER		s		0	0	0																									
gaîtés			gaîté	NOM	NOM		p		0	0	0																									
gelât			geler	VER	VER		s		0	0	0																									
gelâtes			geler	VER	VER		p		0	0	0																									
gemmât			gemmer	VER	VER		s		0	0	0																									
gemmés			gemmer	VER	VER		p		0	0	0																									
gemmée			gemmer	VER	VER		s		0	0	0																									
gemmées			gemmer	VER	VER		p		0	0	0																									
gerbât			gerber	VER	VER		s		0	0	0																									
gerçât			gercer	VER	VER		s		0	0	0																									
germât			germer	VER	VER		s		0	0	0																									
giclés			gicler	VER	VER		p		0	0	0																									
girâmes			girer	VER	VER		p		0	0	0																									
girât			girer	VER	VER		s		0	0	0																									
girâtes			girer	VER	VER		p		0	0	0																									
glaças			glacer	VER	VER		s		0	0	0																									
glairés			glairer	VER	VER		p		0	0	0																									
glairé			glairer	VER	VER		s		0	0	0																									
glanât			glaner	VER	VER		s		0	0	0																									
glapît			glapir	VER	VER		s		0	0	0																									
gluât			gluer	VER	VER		s		0	0	0																									
glycérinés			glycériner	VER	VER		p		0	0	0																									
godaillé			godailler	VER	VER		s		0	0	0																									
godés			goder	VER	VER		p		0	0	0																									
godillés			godiller	VER	VER		p		0	0	0																									
godillé			godiller	VER	VER		s		0	0	0																									
goguenardés			goguenarder	VER	VER		p		0	0	0																									
goguenardé			goguenarder	VER	VER		s		0	0	0																									
gorgère			gorgère	NOM	NOM	f	s		0	0	0																									
gouachés			gouacher	VER	VER		p		0	0	0																									
gouaché			gouacher	VER	VER		s		0	0	0																									
gouaillé			gouailler	VER	VER		s		0	0	0																									
gouapé			gouaper	VER	VER		s		0	0	0																									
goupiné			goupiner	VER	VER		s		0	0	0																									
gouvernât			gouverner	VER	VER		s		0	0	0																									
gouvernâtes			gouverner	VER	VER		p		0	0	0																									
goûtât			goûter	VER	VER		s		0	0	0																									
goûtâtes			goûter	VER	VER		p		0	0	0																									
goûtèrent			goûter	VER	VER		p		0	0	0																									
graciât			gracier	VER	VER		s		0	0	0																									
graduât			graduer	VER	VER		s		0	0	0																									
graffigné			graffigner	VER	VER		s		0	0	0																									
grafignés			grafigner	VER	VER		p		0	0	0																									
granulât			granuler	VER	VER		s		0	0	0																									
graticulé			graticuler	VER	VER		s		0	0	0																									
gratifiât			gratifier	VER	VER		s		0	0	0																									
gravât			graver	VER	VER		s		0	0	0																									
gravâtes			graver	VER	VER		p		0	0	0																									
gravît			gravir	VER	VER		s		0	0	0																									
gravîtes			gravir	VER	VER		p		0	0	0																									
grenâmes			grener	VER	VER		p		0	0	0																									
grenât			grener	VER	VER		s		0	0	0																									
grenâtes			grener	VER	VER		p		0	0	0																									
grènent			grener	VER	VER		p		0	0	0																									
grènera			grener	VER	VER		s		0	0	0																									
grènerai			grener	VER	VER		s		0	0	0																									
grènerait			grener	VER	VER		s		0	0	0																									
grenés			grener	VER	VER		p		0	0	0																									
grevât			grever	VER	VER		s		0	0	0																									
grèvera			grever	VER	VER		s		0	0	0																									
grèverai			grever	VER	VER		s		0	0	0																									
grèverais			grever	VER	VER		s		0	0	0																									
grèveras			grever	VER	VER		s		0	0	0																									
grèverez			grever	VER	VER		p		0	0	0																									
grèverons			grever	VER	VER		p		0	0	0																									
grevillés			greviller	VER	VER		p		0	0	0																									
grevillé			greviller	VER	VER		s		0	0	0																									
grevillée			greviller	VER	VER		s		0	0	0																									
grevillées			greviller	VER	VER		p		0	0	0																									
grignés			grigner	VER	VER		p		0	0	0																									
grigné			grigner	VER	VER		s		0	0	0																									
grimâtes			grimer	VER	VER		p		0	0	0																									
grincèrent			grincer	VER	VER		p		0	0	0																									
grinchés			grincher	VER	VER		p		0	0	0																									
grisaillés			grisailler	VER	VER		p		0	0	0																									
grisaillé			grisailler	VER	VER		s		0	0	0																									
grisollé			grisoller	VER	VER		s		0	0	0																									
grognèrent			grogner	VER	VER		p		0	0	0																									
grognonnés			grognonner	VER	VER		p		0	0	0																									
grognonné			grognonner	VER	VER		s		0	0	0																									
grossît			grossir	VER	VER		s		0	0	0																									
grécisés			gréciser	VER	VER		p		0	0	0																									
grécité			grécité	NOM	NOM	f	s		0	0	0																									
gréassions			gréer	VER	VER		p		0	0	0																									
gréera			gréer	VER	VER		s		0	0	0																									
gréerai			gréer	VER	VER		s		0	0	0																									
gréerais			gréer	VER	VER		s		0	0	0																									
gréerait			gréer	VER	VER		s		0	0	0																									
gréâmes			gréer	VER	VER		p		0	0	0																									
gréât			gréer	VER	VER		s		0	0	0																									
gréâtes			gréer	VER	VER		p		0	0	0																									
grêlai			grêler	VER	VER		s		0	0	0																									
grêlais			grêler	VER	VER		s		0	0	0																									
grêlant			grêler	VER	VER				0	0	0																									
grêlas			grêler	VER	VER		s		0	0	0																									
grêlera			grêler	VER	VER		s		0	0	0																									
grêliez			grêler	VER	VER		p		0	0	0																									
gueusés			gueuser	VER	VER		p		0	0	0																									
gueusé			gueuser	VER	VER		s		0	0	0																									
guillâmes			guiller	VER	VER		p		0	0	0																									
guilloché			guillocher	VER	VER		s		0	0	0																									
guimpés			guimper	VER	VER		p		0	0	0																									
guipés			guiper	VER	VER		p		0	0	0																									
guèbres			guèbre	NOM	NOM		p		0	0	0																									
guéa			guéer	VER	VER		s		0	0	0																									
guéent			guéer	VER	VER		p		0	0	0																									
guéerait			guéer	VER	VER		s		0	0	0																									
guéât			guéer	VER	VER		s		0	0	0																									
guéâtes			guéer	VER	VER		p		0	0	0																									
guéés			guéer	VER	VER		p		0	0	0																									
guéée			guéer	VER	VER		s		0	0	0																									
guéées			guéer	VER	VER		p		0	0	0																									
guérîtes			guérir	VER	VER		p		0	0	0																									
guêpés			guêper	VER	VER		p		0	0	0																									
guêtrés			guêtrer	VER	VER		p		0	0	0																									
guêtré			guêtrer	VER	VER		s		0	0	0																									
gâchât			gâcher	VER	VER		s		0	0	0																									
gâtions			gâter	VER	VER		p		0	0	0																									
gâtâtes			gâter	VER	VER		p		0	0	0																									
gâtine			gâtine	NOM	NOM	f	s		0	0	0																									
gâtines			gâtine	NOM	NOM		p		0	0	0																									
gélifies			gélifier	VER	VER		s		0	0	0																									
gémelle			gémeau	ADJ	ADJ		s		0	0	0																									
gémelles			gémeau	ADJ	ADJ		p		0	0	0																									
géminés			géminer	VER	VER		p		0	0	0																									
géminé			géminer	VER	VER		s		0	0	0																									
gémît			gémir	VER	VER		s		0	0	0																									
générât			générer	VER	VER		s		0	0	0																									
géochronologies			géochronologie	NOM	NOM		p		0	0	0																									
géographiés			géographier	VER	VER		p		0	0	0																									
géomanciens			géomancien	NOM	NOM		p		0	0	0																									
géométrisé			géométriser	VER	VER		s		0	0	0																									
gérâmes			gérer	VER	VER		p		0	0	0																									
gérât			gérer	VER	VER		s		0	0	0																									
gérâtes			gérer	VER	VER		p		0	0	0																									
géromé			géromé	NOM	NOM	m	s		0	0	0																									
géromés			géromé	NOM	NOM		p		0	0	0																									
gênèrent			gêner	VER	VER		p		0	0	0																									
gênât			gêner	VER	VER		s		0	0	0																									
gênâtes			gêner	VER	VER		p		0	0	0																									
gîtai			gîter	VER	VER		s		0	0	0																									
gîtais			gîter	VER	VER		s		0	0	0																									
gîtas			gîter	VER	VER		s		0	0	0																									
gîtez			gîter	VER	VER		p		0	0	0																									
gîtât			gîter	VER	VER		s		0	0	0																									
gîtons			gîter	VER	VER		p		0	0	0																									
gîté			gîter	VER	VER		s		0	0	0																									
gîtée			gîter	VER	VER		s		0	0	0																									
gîtées			gîter	VER	VER		p		0	0	0																									
habitâtes			habiter	VER	VER		p		0	0	0																									
habituât			habituer	VER	VER		s		0	0	0																									
hachât			hacher	VER	VER		s		0	0	0																									
halènes			halener	VER	VER		s		0	0	0																									
halenés			halener	VER	VER		p		0	0	0																									
halené			halener	VER	VER		s		0	0	0																									
halâmes			haler	VER	VER		p		0	0	0																									
halât			haler	VER	VER		s		0	0	0																									
haletât			haleter	VER	VER		s		0	0	0																									
haletèrent			haleter	VER	VER		p		0	0	0																									
hallucinât			halluciner	VER	VER		s		0	0	0																									
hameçonnes			hameçonner	VER	VER		s		0	0	0																									
harcelât			harceler	VER	VER		s		0	0	0																									
harcelèrent			harceler	VER	VER		p		0	0	0																									
harmoniât			harmonier	VER	VER		s		0	0	0																									
harmoniés			harmonier	VER	VER		p		0	0	0																									
harpés			harper	VER	VER		p		0	0	0																									
haubané			haubaner	VER	VER		s		0	0	0																									
havât			haver	VER	VER		s		0	0	0																									
havés			haver	VER	VER		p		0	0	0																									
havît			havir	VER	VER		s		0	0	0																									
havîtes			havir	VER	VER		p		0	0	0																									
haïks			haïk	NOM	NOM		p		0	0	0																									
haïmes			haïr	VER	VER		p		0	0	0																									
hellénise			helléniser	VER	VER		s		0	0	0																									
hellénises			helléniser	VER	VER		s		0	0	0																									
hennît			hennir	VER	VER		s		0	0	0																									
hennés			henné	NOM	NOM		p		0	0	0																									
herbagés			herbager	VER	VER		p		0	0	0																									
herbagé			herbager	VER	VER		s		0	0	0																									
herschés			herscher	VER	VER		p		0	0	0																									
hersés			herser	VER	VER		p		0	0	0																									
historié			historier	VER	VER		s		0	0	0																									
hiérarchises			hiérarchiser	VER	VER		s		0	0	0																									
homogénéise			homogénéiser	VER	VER		s		0	0	0																									
homogénéises			homogénéiser	VER	VER		s		0	0	0																									
honnît			honnir	VER	VER		s		0	0	0																									
honnîtes			honnir	VER	VER		p		0	0	0																									
hoquètes			hoqueter	VER	VER		s		0	0	0																									
houppés			houpper	VER	VER		p		0	0	0																									
houppé			houpper	VER	VER		s		0	0	0																									
hourdés			hourder	VER	VER		p		0	0	0																									
houssiné			houssiner	VER	VER		s		0	0	0																									
huchés			hucher	VER	VER		p		0	0	0																									
huché			hucher	VER	VER		s		0	0	0																									
huâtes			huer	VER	VER		p		0	0	0																									
humiliât			humilier	VER	VER		s		0	0	0																									
hurlât			hurler	VER	VER		s		0	0	0																									
hussardé			hussarder	VER	VER		s		0	0	0																									
huîtrières			huîtrière	NOM	NOM		p		0	0	0																									
hydrogéna			hydrogéner	VER	VER		s		0	0	0																									
hydrogéner			hydrogéner	VER	VER				0	0	0																									
hydrogénez			hydrogéner	VER	VER		p		0	0	0																									
hydrolysât			hydrolyser	VER	VER		s		0	0	0																									
hydrolysé			hydrolyser	VER	VER		s		0	0	0																									
hylé			hylé	NOM	NOM	f	s		0	0	0																									
hylés			hylé	NOM	NOM		p		0	0	0																									
hypostasié			hypostasier	VER	VER		s		0	0	0																									
hypothéqua			hypothéquer	VER	VER		s		0	0	0																									
hystérisé			hystériser	VER	VER		s		0	0	0																									
hâblas			hâbler	VER	VER		s		0	0	0																									
hâbler			hâbler	VER	VER				0	0	0																									
hâblez			hâbler	VER	VER		p		0	0	0																									
hâbliez			hâbler	VER	VER		p		0	0	0																									
hâblés			hâbler	VER	VER		p		0	0	0																									
hâblé			hâbler	VER	VER		s		0	0	0																									
hâblée			hâbler	VER	VER		s		0	0	0																									
hâla			hâler	VER	VER		s		0	0	0																									
hâlai			hâler	VER	VER		s		0	0	0																									
hâlaient			hâler	VER	VER		p		0	0	0																									
hâlais			hâler	VER	VER		s		0	0	0																									
hâlait			hâler	VER	VER		s		0	0	0																									
hâlant			hâler	VER	VER				0	0	0																									
hâlas			hâler	VER	VER		s		0	0	0																									
hâlent			hâler	VER	VER		p		0	0	0																									
hâlerez			hâler	VER	VER		p		0	0	0																									
hâliez			hâler	VER	VER		p		0	0	0																									
hâlions			hâler	VER	VER		p		0	0	0																									
hâlâmes			hâler	VER	VER		p		0	0	0																									
hâlât			hâler	VER	VER		s		0	0	0																									
hâlons			hâler	VER	VER		p		0	0	0																									
hâlèrent			hâler	VER	VER		p		0	0	0																									
hâloir			hâloir	NOM	NOM	m	s		0	0	0																									
hâtas			hâter	VER	VER		s		0	0	0																									
hâtions			hâter	VER	VER		p		0	0	0																									
hâtâtes			hâter	VER	VER		p		0	0	0																									
hâves			hâve	ADJ	ADJ		p		0	0	0																									
hébète			hébéter	VER	VER		s		0	0	0																									
hébétant			hébéter	VER	VER				0	0	0																									
hébéterait			hébéter	VER	VER		s		0	0	0																									
hébétez			hébéter	VER	VER		p		0	0	0																									
hébètes			hébéter	VER	VER		s		0	0	0																									
hélât			héler	VER	VER		s		0	0	0																									
hélons			héler	VER	VER		p		0	0	0																									
hémines			hémine	NOM	NOM		p		0	0	0																									
hérissonnés			hérissonner	VER	VER		p		0	0	0																									
hérissonné			hérissonner	VER	VER		s		0	0	0																									
idiotisés			idiotiser	VER	VER		p		0	0	0																									
idéalisât			idéaliser	VER	VER		s		0	0	0																									
idéaient			idéer	VER	VER		p		0	0	0																									
idéions			idéer	VER	VER		p		0	0	0																									
ignorâtes			ignorer	VER	VER		p		0	0	0																									
imaginât			imaginer	VER	VER		s		0	0	0																									
immigrâtes			immigrer	VER	VER		p		0	0	0																									
imperméabilises			imperméabiliser	VER	VER		s		0	0	0																									
impliquât			impliquer	VER	VER		s		0	0	0																									
implosât			imploser	VER	VER		s		0	0	0																									
importât			importer	VER	VER		s		0	0	0																									
importâtes			importer	VER	VER		p		0	0	0																									
impressionnât			impressionner	VER	VER		s		0	0	0																									
impressionnâtes			impressionner	VER	VER		p		0	0	0																									
imprimâtes			imprimer	VER	VER		p		0	0	0																									
improuvé			improuver	VER	VER		s		0	0	0																									
imprégnations			imprégnation	NOM	NOM		p		0	0	0																									
impulsé			impulser	VER	VER		s		0	0	0																									
impédimenta			impédimenta	NOM	NOM	m	s		0	0	0																									
inalpés			inalper	VER	VER		p		0	0	0																									
inalpé			inalper	VER	VER		s		0	0	0																									
incarnât			incarner	VER	VER		s		0	0	0																									
inclût			inclure	VER	VER		s		0	0	0																									
incongrûment			incongrûment	ADV	ADV				0	0	0																									
incubât			incuber	VER	VER		s		0	0	0																									
incéra			incérer	VER	VER		s		0	0	0																									
incérai			incérer	VER	VER		s		0	0	0																									
incérerai			incérer	VER	VER		s		0	0	0																									
incérez			incérer	VER	VER		p		0	0	0																									
incérés			incérer	VER	VER		p		0	0	0																									
incéré			incérer	VER	VER		s		0	0	0																									
incérée			incérer	VER	VER		s		0	0	0																									
incérées			incérer	VER	VER		p		0	0	0																									
indigérés			indigérer	VER	VER		p		0	0	0																									
indigéré			indigérer	VER	VER		s		0	0	0																									
infléchît			infléchir	VER	VER		s		0	0	0																									
infréquenté			infréquenté	ADJ	ADJ		s		0	0	0																									
infréquentés			infréquenté	ADJ	ADJ		p		0	0	0																									
inféodes			inféoder	VER	VER		s		0	0	0																									
inférai			inférer	VER	VER		s		0	0	0																									
infères			inférer	VER	VER		s		0	0	0																									
infériorise			inférioriser	VER	VER		s		0	0	0																									
ingérai			ingérer	VER	VER		s		0	0	0																									
ingérât			ingérer	VER	VER		s		0	0	0																									
initiâmes			initier	VER	VER		p		0	0	0																									
initiât			initier	VER	VER		s		0	0	0																									
initiâtes			initier	VER	VER		p		0	0	0																									
innervé			innerver	VER	VER		s		0	0	0																									
inquiétât			inquiéter	VER	VER		s		0	0	0																									
inquiétâtes			inquiéter	VER	VER		p		0	0	0																									
inscrivît			inscrire	VER	VER		s		0	0	0																									
inspirât			inspirer	VER	VER		s		0	0	0																									
instigués			instiguer	VER	VER		p		0	0	0																									
instituât			instituer	VER	VER		s		0	0	0																									
instruisît			instruire	VER	VER		s		0	0	0																									
insupportés			insupporter	VER	VER		p		0	0	0																									
insupporté			insupporter	VER	VER		s		0	0	0																									
intentât			intenter	VER	VER		s		0	0	0																									
interagît			interagir	VER	VER		s		0	0	0																									
interclassés			interclasser	VER	VER		p		0	0	0																									
interclassé			interclasser	VER	VER		s		0	0	0																									
interdîmes			interdire	VER	VER		p		0	0	0																									
interdît			interdire	VER	VER		s		0	0	0																									
interdîtes			interdire	VER	VER		p		0	0	0																									
interlignés			interligner	VER	VER		p		0	0	0																									
interligné			interligner	VER	VER		s		0	0	0																									
internationalisé			internationaliser	VER	VER		s		0	0	0																									
internât			interner	VER	VER		s		0	0	0																									
interpolé			interpoler	VER	VER		s		0	0	0																									
interrogeât			interroger	VER	VER		s		0	0	0																									
interrompît			interrompre	VER	VER		s		0	0	0																									
intersectés			intersecter	VER	VER		p		0	0	0																									
intersecté			intersecter	VER	VER		s		0	0	0																									
intervertît			intervertir	VER	VER		s		0	0	0																									
intimèrent			intimer	VER	VER		p		0	0	0																									
intimidât			intimider	VER	VER		s		0	0	0																									
introduisît			introduire	VER	VER		s		0	0	0																									
introspecté			introspecter	VER	VER		s		0	0	0																									
intégrât			intégrer	VER	VER		s		0	0	0																									
intéressâtes			intéresser	VER	VER		p		0	0	0																									
invengés			invengé	ADJ	ADJ		p		0	0	0																									
invertît			invertir	VER	VER		s		0	0	0																									
ioduré			ioduré	ADJ	ADJ		s		0	0	0																									
iodurés			ioduré	ADJ	ADJ		p		0	0	0																									
irréalise			irréaliser	VER	VER		s		0	0	0																									
irréalises			irréaliser	VER	VER		s		0	0	0																									
isolât			isoler	VER	VER		s		0	0	0																									
itèrent			itérer	VER	VER		p		0	0	0																									
itérai			itérer	VER	VER		s		0	0	0																									
itéraient			itérer	VER	VER		p		0	0	0																									
itérais			itérer	VER	VER		s		0	0	0																									
itérait			itérer	VER	VER		s		0	0	0																									
itéras			itérer	VER	VER		s		0	0	0																									
itérasse			itérer	VER	VER		s		0	0	0																									
itérez			itérer	VER	VER		p		0	0	0																									
itérés			itérer	VER	VER		p		0	0	0																									
itéré			itérer	VER	VER		s		0	0	0																									
jachéra			jachérer	VER	VER		s		0	0	0																									
jachérai			jachérer	VER	VER		s		0	0	0																									
jachérés			jachérer	VER	VER		p		0	0	0																									
jachéré			jachérer	VER	VER		s		0	0	0																									
jaffâmes			jaffer	VER	VER		p		0	0	0																									
jaffât			jaffer	VER	VER		s		0	0	0																									
jaillît			jaillir	VER	VER		s		0	0	0																									
jarretât			jarreter	VER	VER		s		0	0	0																									
jarrète			jarreter	VER	VER		s		0	0	0																									
jarrètent			jarreter	VER	VER		p		0	0	0																									
jarrètera			jarreter	VER	VER		s		0	0	0																									
jarrèterai			jarreter	VER	VER		s		0	0	0																									
jarrèterais			jarreter	VER	VER		s		0	0	0																									
jarrèterait			jarreter	VER	VER		s		0	0	0																									
jarrèteras			jarreter	VER	VER		s		0	0	0																									
jarrèterez			jarreter	VER	VER		p		0	0	0																									
jarrèterons			jarreter	VER	VER		p		0	0	0																									
jarrèteront			jarreter	VER	VER		p		0	0	0																									
jarrètes			jarreter	VER	VER		s		0	0	0																									
jarretés			jarreter	VER	VER		p		0	0	0																									
jarreté			jarreter	VER	VER		s		0	0	0																									
jarretée			jarreter	VER	VER		s		0	0	0																									
jarretées			jarreter	VER	VER		p		0	0	0																									
jarrées			jarré	ADJ	ADJ		p		0	0	0																									
jaspés			jasper	VER	VER		p		0	0	0																									
jaspé			jasper	VER	VER		s		0	0	0																									
jaunît			jaunir	VER	VER		s		0	0	0																									
jetâtes			jeter	VER	VER		p		0	0	0																									
jeûnas			jeûner	VER	VER		s		0	0	0																									
jeûnasse			jeûner	VER	VER		s		0	0	0																									
jeûnés			jeûner	VER	VER		p		0	0	0																									
jeûnées			jeûner	VER	VER		p		0	0	0																									
jobardés			jobarder	VER	VER		p		0	0	0																									
jobardé			jobarder	VER	VER		s		0	0	0																									
jodlés			jodler	VER	VER		p		0	0	0																									
jodlé			jodler	VER	VER		s		0	0	0																									
joignît			joindre	VER	VER		s		0	0	0																									
jouât			jouer	VER	VER		s		0	0	0																									
jouît			jouir	VER	VER		s		0	0	0																									
joutât			jouter	VER	VER		s		0	0	0																									
judaïsé			judaïser	VER	VER		s		0	0	0																									
jumèle			jumeler	VER	VER		s		0	0	0																									
jumèles			jumeler	VER	VER		s		0	0	0																									
jurât			jurer	VER	VER		s		0	0	0																									
justiciés			justicier	VER	VER		p		0	0	0																									
jérémiadé			jérémiader	VER	VER		s		0	0	0																									
kilométra			kilométrer	VER	VER		s		0	0	0																									
kilométras			kilométrer	VER	VER		s		0	0	0																									
kilométrer			kilométrer	VER	VER				0	0	0																									
kilométrez			kilométrer	VER	VER		p		0	0	0																									
kilométré			kilométrer	VER	VER		s		0	0	0																									
kilométrée			kilométrer	VER	VER		s		0	0	0																									
kilométrées			kilométrer	VER	VER		p		0	0	0																									
koinè			koinè	NOM	NOM	f	s		0	0	0																									
koinès			koinè	NOM	NOM		p		0	0	0																									
korês			korê	NOM	NOM		p		0	0	0																									
labiés			labié	ADJ	ADJ		p		0	0	0																									
laças			lacer	VER	VER		s		0	0	0																									
laçât			lacer	VER	VER		s		0	0	0																									
lacérai			lacérer	VER	VER		s		0	0	0																									
lacéras			lacérer	VER	VER		s		0	0	0																									
lacérera			lacérer	VER	VER		s		0	0	0																									
lacériez			lacérer	VER	VER		p		0	0	0																									
lacérât			lacérer	VER	VER		s		0	0	0																									
lainât			lainer	VER	VER		s		0	0	0																									
lainâtes			lainer	VER	VER		p		0	0	0																									
laités			laité	ADJ	ADJ		p		0	0	0																									
lamellés			lamellé	ADJ	ADJ		p		0	0	0																									
lamâmes			lamer	VER	VER		p		0	0	0																									
lamât			lamer	VER	VER		s		0	0	0																									
lanças			lancer	VER	VER		s		0	0	0																									
lançât			lancer	VER	VER		s		0	0	0																									
lanciné			lanciner	VER	VER		s		0	0	0																									
languît			languir	VER	VER		s		0	0	0																									
lansquiné			lansquiner	VER	VER		s		0	0	0																									
lardonnés			lardonner	VER	VER		p		0	0	0																									
larronnés			larronner	VER	VER		p		0	0	0																									
larronné			larronner	VER	VER		s		0	0	0																									
lassât			lasser	VER	VER		s		0	0	0																									
laurât			laurer	VER	VER		s		0	0	0																									
laurés			laurer	VER	VER		p		0	0	0																									
lavât			laver	VER	VER		s		0	0	0																									
layât			layer	VER	VER		s		0	0	0																									
laîches			laîche	NOM	NOM		p		0	0	0																									
laïcise			laïciser	VER	VER		s		0	0	0																									
laïcises			laïciser	VER	VER		s		0	0	0																									
levurés			levurer	VER	VER		p		0	0	0																									
libéralises			libéraliser	VER	VER		s		0	0	0																									
libérât			libérer	VER	VER		s		0	0	0																									
libérâtes			libérer	VER	VER		p		0	0	0																									
licencièrent			licencier	VER	VER		p		0	0	0																									
liât			lier	VER	VER		s		0	0	0																									
liâtes			lier	VER	VER		p		0	0	0																									
ligulé			ligulé	ADJ	ADJ		s		0	0	0																									
limât			limer	VER	VER		s		0	0	0																									
limâtes			limer	VER	VER		p		0	0	0																									
limonés			limoner	VER	VER		p		0	0	0																									
limoné			limoner	VER	VER		s		0	0	0																									
lingés			lingé	ADJ	ADJ		p		0	0	0																									
lisèrera			liserer	VER	VER		s		0	0	0																									
lisères			liserer	VER	VER		s		0	0	0																									
liserée			liserer	VER	VER		s		0	0	0																									
liserés			liserer	VER	VER		p		0	0	0																									
lissât			lisser	VER	VER		s		0	0	0																									
listât			lister	VER	VER		s		0	0	0																									
liséra			lisérer	VER	VER		s		0	0	0																									
lisérons			lisérer	VER	VER		p		0	0	0																									
lithiné			lithiné	ADJ	ADJ		s		0	0	0																									
lithographié			lithographier	VER	VER		s		0	0	0																									
lobulé			lobulé	ADJ	ADJ		s		0	0	0																									
lobulés			lobulé	ADJ	ADJ		p		0	0	0																									
lofât			lofer	VER	VER		s		0	0	0																									
lofés			lofer	VER	VER		p		0	0	0																									
logèrent			loger	VER	VER		p		0	0	0																									
loquetés			loqueter	VER	VER		p		0	0	0																									
loqueté			loqueter	VER	VER		s		0	0	0																									
losangés			losanger	VER	VER		p		0	0	0																									
losangé			losanger	VER	VER		s		0	0	0																									
lotît			lotir	VER	VER		s		0	0	0																									
louvât			louver	VER	VER		s		0	0	0																									
louvés			louver	VER	VER		p		0	0	0																									
louvète			louveter	VER	VER		s		0	0	0																									
louvètes			louveter	VER	VER		s		0	0	0																									
louvetés			louveter	VER	VER		p		0	0	0																									
louveté			louveter	VER	VER		s		0	0	0																									
lubrifiât			lubrifier	VER	VER		s		0	0	0																									
luisît			luire	VER	VER		s		0	0	0																									
lunchés			luncher	VER	VER		p		0	0	0																									
lutât			luter	VER	VER		s		0	0	0																									
lutâtes			luter	VER	VER		p		0	0	0																									
luttât			lutter	VER	VER		s		0	0	0																									
lycènes			lycène	NOM	NOM		p		0	0	0																									
lyré			lyré	ADJ	ADJ		s		0	0	0																									
lyrés			lyré	ADJ	ADJ		p		0	0	0																									
lysât			lyser	VER	VER		s		0	0	0																									
lysés			lyser	VER	VER		p		0	0	0																									
lâchât			lâcher	VER	VER		s		0	0	0																									
légifères			légiférer	VER	VER		s		0	0	0																									
léguâmes			léguer	VER	VER		p		0	0	0																									
lénifies			lénifier	VER	VER		s		0	0	0																									
lénifié			lénifier	VER	VER		s		0	0	0																									
lésai			léser	VER	VER		s		0	0	0																									
lésera			léser	VER	VER		s		0	0	0																									
léserai			léser	VER	VER		s		0	0	0																									
léserais			léser	VER	VER		s		0	0	0																									
léserait			léser	VER	VER		s		0	0	0																									
léserez			léser	VER	VER		p		0	0	0																									
léseriez			léser	VER	VER		p		0	0	0																									
léserions			léser	VER	VER		p		0	0	0																									
léserons			léser	VER	VER		p		0	0	0																									
lésèrent			léser	VER	VER		p		0	0	0																									
lévige			léviger	VER	VER		s		0	0	0																									
léviger			léviger	VER	VER				0	0	0																									
lévigé			léviger	VER	VER		s		0	0	0																									
lévita			léviter	VER	VER		s		0	0	0																									
lévitât			léviter	VER	VER		s		0	0	0																									
lônes			lône	NOM	NOM		p		0	0	0																									
maclés			macler	VER	VER		p		0	0	0																									
maclé			macler	VER	VER		s		0	0	0																									
macéra			macérer	VER	VER		s		0	0	0																									
macérons			macérer	VER	VER		p		0	0	0																									
macères			macérer	VER	VER		s		0	0	0																									
maganât			maganer	VER	VER		s		0	0	0																									
magnétises			magnétiser	VER	VER		s		0	0	0																									
maigrît			maigrir	VER	VER		s		0	0	0																									
maillât			mailler	VER	VER		s		0	0	0																									
mailleté			mailleter	VER	VER		s		0	0	0																									
maillochés			maillocher	VER	VER		p		0	0	0																									
mailloché			maillocher	VER	VER		s		0	0	0																									
maintînt			maintenir	VER	VER		s		0	0	0																									
majorât			majorer	VER	VER		s		0	0	0																									
malléiné			malléiner	VER	VER		s		0	0	0																									
manageât			manager	VER	VER		s		0	0	0																									
managèrent			manager	VER	VER		p		0	0	0																									
mandât			mander	VER	VER		s		0	0	0																									
mandâtes			mander	VER	VER		p		0	0	0																									
mangeât			manger	VER	VER		s		0	0	0																									
maniât			manier	VER	VER		s		0	0	0																									
manifestâtes			manifester	VER	VER		p		0	0	0																									
manigança			manigancer	VER	VER		s		0	0	0																									
maniganças			manigancer	VER	VER		s		0	0	0																									
manillés			maniller	VER	VER		p		0	0	0																									
manillé			maniller	VER	VER		s		0	0	0																									
maniéra			maniérer	VER	VER		s		0	0	0																									
maniérai			maniérer	VER	VER		s		0	0	0																									
maniéraient			maniérer	VER	VER		p		0	0	0																									
maniérais			maniérer	VER	VER		s		0	0	0																									
maniérait			maniérer	VER	VER		s		0	0	0																									
maniéras			maniérer	VER	VER		s		0	0	0																									
maniérer			maniérer	VER	VER				0	0	0																									
maniérez			maniérer	VER	VER		p		0	0	0																									
maniériez			maniérer	VER	VER		p		0	0	0																									
maniérons			maniérer	VER	VER		p		0	0	0																									
mannité			mannité	ADJ	ADJ		s		0	0	0																									
manoquât			manoquer	VER	VER		s		0	0	0																									
manoquâtes			manoquer	VER	VER		p		0	0	0																									
manquât			manquer	VER	VER		s		0	0	0																									
manégeât			manéger	VER	VER		s		0	0	0																									
maquereautés			maquereauter	VER	VER		p		0	0	0																									
maquerellés			maquereller	VER	VER		p		0	0	0																									
maquerellé			maquereller	VER	VER		s		0	0	0																									
maquignonnés			maquignonner	VER	VER		p		0	0	0																									
maquignonné			maquignonner	VER	VER		s		0	0	0																									
marbrât			marbrer	VER	VER		s		0	0	0																									
marchât			marcher	VER	VER		s		0	0	0																									
marcottés			marcotter	VER	VER		p		0	0	0																									
marcotté			marcotter	VER	VER		s		0	0	0																									
marginés			marginer	VER	VER		p		0	0	0																									
mariâtes			marier	VER	VER		p		0	0	0																									
marinât			mariner	VER	VER		s		0	0	0																									
marmités			marmiter	VER	VER		p		0	0	0																									
marmottés			marmotter	VER	VER		p		0	0	0																									
marnât			marner	VER	VER		s		0	0	0																									
maronnés			maronner	VER	VER		p		0	0	0																									
maronné			maronner	VER	VER		s		0	0	0																									
marouflé			maroufler	VER	VER		s		0	0	0																									
marquète			marqueter	VER	VER		s		0	0	0																									
marquètes			marqueter	VER	VER		s		0	0	0																									
marronnés			marronner	VER	VER		p		0	0	0																									
marronné			marronner	VER	VER		s		0	0	0																									
massâmes			masser	VER	VER		p		0	0	0																									
massât			masser	VER	VER		s		0	0	0																									
massâtes			masser	VER	VER		p		0	0	0																									
matâtes			mater	VER	VER		p		0	0	0																									
mathématisé			mathématiser	VER	VER		s		0	0	0																									
matît			matir	VER	VER		s		0	0	0																									
matités			matité	NOM	NOM		p		0	0	0																									
matriça			matricer	VER	VER		s		0	0	0																									
matricés			matricer	VER	VER		p		0	0	0																									
maudîmes			maudire	VER	VER		p		0	0	0																									
maudît			maudire	VER	VER		s		0	0	0																									
maudîtes			maudire	VER	VER		p		0	0	0																									
maugrées			maugréer	VER	VER		s		0	0	0																									
maximalisé			maximaliser	VER	VER		s		0	0	0																									
maximés			maximer	VER	VER		p		0	0	0																									
mazés			mazer	VER	VER		p		0	0	0																									
maçonnes			maçon	ADJ	ADJ		p		0	0	0																									
maçonnais			maçonner	VER	VER		s		0	0	0																									
maçonné			maçonner	VER	VER		s		0	0	0																									
menaças			menacer	VER	VER		s		0	0	0																									
mendiât			mendier	VER	VER		s		0	0	0																									
mendiâtes			mendier	VER	VER		p		0	0	0																									
mendigoté			mendigoter	VER	VER		s		0	0	0																									
menâmes			mener	VER	VER		p		0	0	0																									
menât			mener	VER	VER		s		0	0	0																									
menâtes			mener	VER	VER		p		0	0	0																									
mensurés			mensurer	VER	VER		p		0	0	0																									
mentît			mentir	VER	VER		s		0	0	0																									
mentîtes			mentir	VER	VER		p		0	0	0																									
merdâmes			merder	VER	VER		p		0	0	0																									
merdouillés			merdouiller	VER	VER		p		0	0	0																									
messiéra			messeoir	VER	VER		s		0	0	0																									
messiérait			messeoir	VER	VER		s		0	0	0																									
meuglés			meugler	VER	VER		p		0	0	0																									
meurtrîmes			meurtrir	VER	VER		p		0	0	0																									
meurtrît			meurtrir	VER	VER		s		0	0	0																									
meurtrîtes			meurtrir	VER	VER		p		0	0	0																									
miellés			miellé	ADJ	ADJ		p		0	0	0																									
mignardés			mignarder	VER	VER		p		0	0	0																									
mignardé			mignarder	VER	VER		s		0	0	0																									
mignoté			mignoter	VER	VER		s		0	0	0																									
migrât			migrer	VER	VER		s		0	0	0																									
militât			militer	VER	VER		s		0	0	0																									
militâtes			militer	VER	VER		p		0	0	0																									
millimétrée			millimétré	ADJ	ADJ		s		0	0	0																									
millimétrées			millimétré	ADJ	ADJ		p		0	0	0																									
minças			mincer	VER	VER		s		0	0	0																									
mincît			mincir	VER	VER		s		0	0	0																									
minât			miner	VER	VER		s		0	0	0																									
minâtes			miner	VER	VER		p		0	0	0																									
miniaturés			miniaturer	VER	VER		p		0	0	0																									
minorâtes			minorer	VER	VER		p		0	0	0																									
minéralises			minéraliser	VER	VER		s		0	0	0																									
mirât			mirer	VER	VER		s		0	0	0																									
mirâtes			mirer	VER	VER		p		0	0	0																									
misât			miser	VER	VER		s		0	0	0																									
miséréré			miséréré	NOM	NOM	m			0	0	0																									
mitâtes			miter	VER	VER		p		0	0	0																									
mixât			mixer	VER	VER		s		0	0	0																									
modèlera			modeler	VER	VER		s		0	0	0																									
modulât			moduler	VER	VER		s		0	0	0																									
moflés			mofler	VER	VER		p		0	0	0																									
moflé			mofler	VER	VER		s		0	0	0																									
moirât			moirer	VER	VER		s		0	0	0																									
moirés			moirer	VER	VER		p		0	0	0																									
moisît			moisir	VER	VER		s		0	0	0																									
moitît			moitir	VER	VER		s		0	0	0																									
molardé			molarder	VER	VER		s		0	0	0																									
molètes			moleter	VER	VER		s		0	0	0																									
mollît			mollir	VER	VER		s		0	0	0																									
monarchisé			monarchiser	VER	VER		s		0	0	0																									
mondât			monder	VER	VER		s		0	0	0																									
monohydraté			monohydraté	ADJ	ADJ		s		0	0	0																									
montât			monter	VER	VER		s		0	0	0																									
montâtes			monter	VER	VER		p		0	0	0																									
monétises			monétiser	VER	VER		s		0	0	0																									
moquât			moquer	VER	VER		s		0	0	0																									
mordît			mordre	VER	VER		s		0	0	0																									
morfalés			morfaler	VER	VER		p		0	0	0																									
morfalé			morfaler	VER	VER		s		0	0	0																									
morgués			morguer	VER	VER		p		0	0	0																									
mortaisés			mortaiser	VER	VER		p		0	0	0																									
mortaisé			mortaiser	VER	VER		s		0	0	0																									
mosaïqué			mosaïqué	ADJ	ADJ		s		0	0	0																									
mosaïqués			mosaïqué	ADJ	ADJ		p		0	0	0																									
mouchète			moucheter	VER	VER		s		0	0	0																									
mouchètes			moucheter	VER	VER		s		0	0	0																									
moulût			moudre	VER	VER		s		0	0	0																									
mouflât			moufler	VER	VER		s		0	0	0																									
mouflés			moufler	VER	VER		p		0	0	0																									
mouflé			moufler	VER	VER		s		0	0	0																									
mouillère			mouillère	NOM	NOM	f	s		0	0	0																									
mouillères			mouillère	NOM	NOM		p		0	0	0																									
moulât			mouler	VER	VER		s		0	0	0																									
moulurés			moulurer	VER	VER		p		0	0	0																									
mouluré			moulurer	VER	VER		s		0	0	0																									
moutonné			moutonner	VER	VER		s		0	0	0																									
mouvèrent			mouver	VER	VER		p		0	0	0																									
mouvés			mouver	VER	VER		p		0	0	0																									
muâtes			muer	VER	VER		p		0	0	0																									
mugît			mugir	VER	VER		s		0	0	0																									
munît			munir	VER	VER		s		0	0	0																									
munîtes			munir	VER	VER		p		0	0	0																									
muraillés			murailler	VER	VER		p		0	0	0																									
muraillé			murailler	VER	VER		s		0	0	0																									
murât			murer	VER	VER		s		0	0	0																									
musât			muser	VER	VER		s		0	0	0																									
mutât			muter	VER	VER		s		0	0	0																									
mutâtes			muter	VER	VER		p		0	0	0																									
mâchas			mâcher	VER	VER		s		0	0	0																									
mâchions			mâcher	VER	VER		p		0	0	0																									
mâchât			mâcher	VER	VER		s		0	0	0																									
mâchure			mâchure	NOM	NOM	f	s		0	0	0																									
mâcon			mâcon	NOM	NOM	m	s		0	0	0																									
mâcons			mâcon	NOM	NOM		p		0	0	0																									
mâconnaise			mâconnaise	NOM	NOM	f	s		0	0	0																									
mâtage			mâtage	NOM	NOM	m	s		0	0	0																									
mâtages			mâtage	NOM	NOM		p		0	0	0																									
mâtai			mâter	VER	VER		s		0	0	0																									
mâtaient			mâter	VER	VER		p		0	0	0																									
mâtais			mâter	VER	VER		s		0	0	0																									
mâtas			mâter	VER	VER		s		0	0	0																									
mâtasse			mâter	VER	VER		s		0	0	0																									
mâtent			mâter	VER	VER		p		0	0	0																									
mâtera			mâter	VER	VER		s		0	0	0																									
mâterai			mâter	VER	VER		s		0	0	0																									
mâterais			mâter	VER	VER		s		0	0	0																									
mâterait			mâter	VER	VER		s		0	0	0																									
mâteras			mâter	VER	VER		s		0	0	0																									
mâterez			mâter	VER	VER		p		0	0	0																									
mâteriez			mâter	VER	VER		p		0	0	0																									
mâterons			mâter	VER	VER		p		0	0	0																									
mâteront			mâter	VER	VER		p		0	0	0																									
mâtiez			mâter	VER	VER		p		0	0	0																									
mâtions			mâter	VER	VER		p		0	0	0																									
mâtâtes			mâter	VER	VER		p		0	0	0																									
mâtées			mâter	VER	VER		p		0	0	0																									
mâtereau			mâtereau	NOM	NOM	m	s		0	0	0																									
mâtereaux			mâtereau	NOM	NOM		p		0	0	0																									
mâtins			mâtin	NOM	NOM		p		0	0	0																									
mâtina			mâtiner	VER	VER		s		0	0	0																									
mâtinai			mâtiner	VER	VER		s		0	0	0																									
mâtinais			mâtiner	VER	VER		s		0	0	0																									
mâtinas			mâtiner	VER	VER		s		0	0	0																									
mâtiner			mâtiner	VER	VER				0	0	0																									
mâtinez			mâtiner	VER	VER		p		0	0	0																									
mâtiniez			mâtiner	VER	VER		p		0	0	0																									
mâtinât			mâtiner	VER	VER		s		0	0	0																									
mâtinés			mâtiner	VER	VER		p		0	0	0																									
mèchent			mécher	VER	VER		p		0	0	0																									
méchât			mécher	VER	VER		s		0	0	0																									
méchâtes			mécher	VER	VER		p		0	0	0																									
méchées			mécher	VER	VER		p		0	0	0																									
méconnaissant			méconnaître	VER	VER				0	0	0																									
méconnaîtra			méconnaître	VER	VER		s		0	0	0																									
méconnaîtrais			méconnaître	VER	VER		s		0	0	0																									
mécrue			mécroire	VER	VER		s		0	0	0																									
mécrues			mécroire	VER	VER		p		0	0	0																									
médiantes			médiante	NOM	NOM		p		0	0	0																									
médiatises			médiatiser	VER	VER		s		0	0	0																									
médît			médire	VER	VER		s		0	0	0																									
médîtes			médire	VER	VER		p		0	0	0																									
mégardes			mégarde	NOM	NOM		p		0	0	0																									
mégîtes			mégir	VER	VER		p		0	0	0																									
mégotes			mégoter	VER	VER		s		0	0	0																									
mélancolisé			mélancoliser	VER	VER		s		0	0	0																									
mélangeât			mélanger	VER	VER		s		0	0	0																									
mélique			mélique	NOM	NOM	f	s		0	0	0																									
méliques			mélique	NOM	NOM		p		0	0	0																									
méloé			méloé	NOM	NOM	m	s		0	0	0																									
méloés			méloé	NOM	NOM		p		0	0	0																									
ménologes			ménologe	NOM	NOM		p		0	0	0																									
ménure			ménure	NOM	NOM	m	s		0	0	0																									
ménures			ménure	NOM	NOM		p		0	0	0																									
mésallié			mésallier	VER	VER		s		0	0	0																									
mésusages			mésusage	NOM	NOM		p		0	0	0																									
mésuser			mésuser	VER	VER				0	0	0																									
mésuses			mésuser	VER	VER		s		0	0	0																									
mésusés			mésuser	VER	VER		p		0	0	0																									
mésusé			mésuser	VER	VER		s		0	0	0																									
métallise			métalliser	VER	VER		s		0	0	0																									
métallises			métalliser	VER	VER		s		0	0	0																									
métamorphisé			métamorphiser	VER	VER		s		0	0	0																									
métaphysiqués			métaphysiquer	VER	VER		p		0	0	0																									
métaphysiqué			métaphysiquer	VER	VER		s		0	0	0																									
mètrent			métrer	VER	VER		p		0	0	0																									
métrai			métrer	VER	VER		s		0	0	0																									
métraient			métrer	VER	VER		p		0	0	0																									
métrais			métrer	VER	VER		s		0	0	0																									
métrant			métrer	VER	VER				0	0	0																									
métrera			métrer	VER	VER		s		0	0	0																									
métrerai			métrer	VER	VER		s		0	0	0																									
métrez			métrer	VER	VER		p		0	0	0																									
métrât			métrer	VER	VER		s		0	0	0																									
météorisés			météoriser	VER	VER		p		0	0	0																									
météorisé			météoriser	VER	VER		s		0	0	0																									
mêlai			mêler	VER	VER		s		0	0	0																									
mêlasse			mêler	VER	VER		s		0	0	0																									
mêlasses			mêler	VER	VER		s		0	0	0																									
mêlât			mêler	VER	VER		s		0	0	0																									
mûraies			mûraie	NOM	NOM		p		0	0	0																									
mûriraient			mûrir	VER	VER		p		0	0	0																									
mûrirons			mûrir	VER	VER		p		0	0	0																									
mûrîtes			mûrir	VER	VER		p		0	0	0																									
mûrons			mûron	NOM	NOM		p		0	0	0																									
nasardé			nasarder	VER	VER		s		0	0	0																									
nasillé			nasiller	VER	VER		s		0	0	0																									
natté			natter	VER	VER		s		0	0	0																									
naturés			naturé	ADJ	ADJ		p		0	0	0																									
nettoyât			nettoyer	VER	VER		s		0	0	0																									
nickèle			nickeler	VER	VER		s		0	0	0																									
nickèles			nickeler	VER	VER		s		0	0	0																									
nidifié			nidifier	VER	VER		s		0	0	0																									
niellé			nieller	VER	VER		s		0	0	0																									
niâmes			nier	VER	VER		p		0	0	0																									
niât			nier	VER	VER		s		0	0	0																									
nifés			nifé	NOM	NOM		p		0	0	0																									
nigaudés			nigauder	VER	VER		p		0	0	0																									
nitratés			nitrater	VER	VER		p		0	0	0																									
nitrât			nitrer	VER	VER		s		0	0	0																									
nitrurés			nitrurer	VER	VER		p		0	0	0																									
nitruré			nitrurer	VER	VER		s		0	0	0																									
nivéal			nivéal	ADJ	ADJ		s		0	0	0																									
noças			nocer	VER	VER		s		0	0	0																									
noctambulés			noctambuler	VER	VER		p		0	0	0																									
noctambulé			noctambuler	VER	VER		s		0	0	0																									
noircît			noircir	VER	VER		s		0	0	0																									
nourrît			nourrir	VER	VER		s		0	0	0																									
novât			nover	VER	VER		s		0	0	0																									
noyât			noyer	VER	VER		s		0	0	0																									
nuança			nuancer	VER	VER		s		0	0	0																									
nuanças			nuancer	VER	VER		s		0	0	0																									
nucléarise			nucléariser	VER	VER		s		0	0	0																									
nucléarises			nucléariser	VER	VER		s		0	0	0																									
nuâmes			nuer	VER	VER		p		0	0	0																									
nuât			nuer	VER	VER		s		0	0	0																									
nuâtes			nuer	VER	VER		p		0	0	0																									
nuisît			nuire	VER	VER		s		0	0	0																									
nèpes			nèpe	NOM	NOM		p		0	0	0																									
néantît			néantir	VER	VER		s		0	0	0																									
néantises			néantiser	VER	VER		s		0	0	0																									
nécessiterais			nécessiter	VER	VER		s		0	0	0																									
nécessitons			nécessiter	VER	VER		p		0	0	0																									
négligeât			négliger	VER	VER		s		0	0	0																									
néotties			néottie	NOM	NOM		p		0	0	0																									
néphrectomise			néphrectomiser	VER	VER		s		0	0	0																									
néphélinique			néphélinique	ADJ	ADJ		s		0	0	0																									
néphéliniques			néphélinique	ADJ	ADJ		p		0	0	0																									
nôs			nô	NOM	NOM		p		0	0	0																									
oblitéra			oblitérer	VER	VER		s		0	0	0																									
oblitérai			oblitérer	VER	VER		s		0	0	0																									
oblitérais			oblitérer	VER	VER		s		0	0	0																									
oblitéras			oblitérer	VER	VER		s		0	0	0																									
oblitérerai			oblitérer	VER	VER		s		0	0	0																									
oblitères			oblitérer	VER	VER		s		0	0	0																									
obscurcît			obscurcir	VER	VER		s		0	0	0																									
observât			observer	VER	VER		s		0	0	0																									
obsécrations			obsécration	NOM	NOM		p		0	0	0																									
obvié			obvier	VER	VER		s		0	0	0																									
obérais			obérer	VER	VER		s		0	0	0																									
obérait			obérer	VER	VER		s		0	0	0																									
obérât			obérer	VER	VER		s		0	0	0																									
obérés			obérer	VER	VER		p		0	0	0																									
occupât			occuper	VER	VER		s		0	0	0																									
occupâtes			occuper	VER	VER		p		0	0	0																									
ocrâmes			ocrer	VER	VER		p		0	0	0																									
octavié			octavier	VER	VER		s		0	0	0																									
odorât			odorer	VER	VER		s		0	0	0																									
oeilladés			oeillader	VER	VER		p		0	0	0																									
oeilladé			oeillader	VER	VER		s		0	0	0																									
oeillés			oeillé	ADJ	ADJ		p		0	0	0																									
oeuvrât			oeuvrer	VER	VER		s		0	0	0																									
oeuvé			oeuvé	ADJ	ADJ		s		0	0	0																									
oeuvés			oeuvé	ADJ	ADJ		p		0	0	0																									
offensât			offenser	VER	VER		s		0	0	0																									
olécrânes			olécrâne	NOM	NOM		p		0	0	0																									
olécrânien			olécrânien	ADJ	ADJ		s		0	0	0																									
olécrâniens			olécrânien	ADJ	ADJ		p		0	0	0																									
olécrânienne			olécrânien	ADJ	ADJ		s		0	0	0																									
olécrâniennes			olécrânien	ADJ	ADJ		p		0	0	0																									
oléine			oléine	NOM	NOM	f	s		0	0	0																									
oléines			oléine	NOM	NOM		p		0	0	0																									
ombellé			ombellé	ADJ	ADJ		s		0	0	0																									
ombellés			ombellé	ADJ	ADJ		p		0	0	0																									
ombrât			ombrer	VER	VER		s		0	0	0																									
omîmes			omettre	VER	VER		p		0	0	0																									
omît			omettre	VER	VER		s		0	0	0																									
ontogénèse			ontogénèse	NOM	NOM	f	s		0	0	0																									
operculé			operculé	ADJ	ADJ		s		0	0	0																									
operculés			operculé	ADJ	ADJ		p		0	0	0																									
opiniâtrés			opiniâtrer	VER	VER		p		0	0	0																									
opiniâtré			opiniâtrer	VER	VER		s		0	0	0																									
opposât			opposer	VER	VER		s		0	0	0																									
opposâtes			opposer	VER	VER		p		0	0	0																									
optâtes			opter	VER	VER		p		0	0	0																									
optimisât			optimiser	VER	VER		s		0	0	0																									
optimisâtes			optimiser	VER	VER		p		0	0	0																									
opérât			opérer	VER	VER		s		0	0	0																									
orangeât			oranger	VER	VER		s		0	0	0																									
ordonnança			ordonnancer	VER	VER		s		0	0	0																									
ordonnanças			ordonnancer	VER	VER		s		0	0	0																									
orfévrés			orfévrer	VER	VER		p		0	0	0																									
orfévré			orfévrer	VER	VER		s		0	0	0																									
organisâmes			organiser	VER	VER		p		0	0	0																									
orientât			orienter	VER	VER		s		0	0	0																									
oringués			oringuer	VER	VER		p		0	0	0																									
osâtes			oser	VER	VER		p		0	0	0																									
ouatiné			ouatiner	VER	VER		s		0	0	0																									
oubliât			oublier	VER	VER		s		0	0	0																									
ourdît			ourdir	VER	VER		s		0	0	0																									
ouvrât			ouvrer	VER	VER		s		0	0	0																									
ouvrâtes			ouvrer	VER	VER		p		0	0	0																									
ouvrîmes			ouvrir	VER	VER		p		0	0	0																									
ouvrîtes			ouvrir	VER	VER		p		0	0	0																									
ovillés			ovillé	ADJ	ADJ		p		0	0	0																									
ovés			ové	ADJ	ADJ		p		0	0	0																									
oxygéna			oxygéner	VER	VER		s		0	0	0																									
pacagés			pacager	VER	VER		p		0	0	0																									
pacagé			pacager	VER	VER		s		0	0	0																									
pacqués			pacquer	VER	VER		p		0	0	0																									
paginé			paginer	VER	VER		s		0	0	0																									
pagnoté			pagnoter	VER	VER		s		0	0	0																									
paillardés			paillarder	VER	VER		p		0	0	0																									
paillardé			paillarder	VER	VER		s		0	0	0																									
paillât			pailler	VER	VER		s		0	0	0																									
pailletâtes			pailleter	VER	VER		p		0	0	0																									
paillète			pailleter	VER	VER		s		0	0	0																									
paillètes			pailleter	VER	VER		s		0	0	0																									
palanqués			palanquer	VER	VER		p		0	0	0																									
paletté			paletter	VER	VER		s		0	0	0																									
palissadés			palissader	VER	VER		p		0	0	0																									
palissadé			palissader	VER	VER		s		0	0	0																									
palissés			palisser	VER	VER		p		0	0	0																									
palissé			palisser	VER	VER		s		0	0	0																									
palière			palière	NOM	NOM	f	s		0	0	0																									
palpitât			palpiter	VER	VER		s		0	0	0																									
panât			paner	VER	VER		s		0	0	0																									
panâtes			paner	VER	VER		p		0	0	0																									
panoramiqués			panoramiquer	VER	VER		p		0	0	0																									
pansèrent			panser	VER	VER		p		0	0	0																									
pantelé			panteler	VER	VER		s		0	0	0																									
pantouflé			pantoufler	VER	VER		s		0	0	0																									
paonné			paonner	VER	VER		s		0	0	0																									
papelardés			papelarder	VER	VER		p		0	0	0																									
papelardé			papelarder	VER	VER		s		0	0	0																									
papillotés			papilloter	VER	VER		p		0	0	0																									
papilloté			papilloter	VER	VER		s		0	0	0																									
paquetâtes			paqueter	VER	VER		p		0	0	0																									
paquète			paqueter	VER	VER		s		0	0	0																									
paquètes			paqueter	VER	VER		s		0	0	0																									
parafât			parafer	VER	VER		s		0	0	0																									
parafâtes			parafer	VER	VER		p		0	0	0																									
parafés			parafer	VER	VER		p		0	0	0																									
parafé			parafer	VER	VER		s		0	0	0																									
parallélisé			paralléliser	VER	VER		s		0	0	0																									
parûmes			paraître	VER	VER		p		0	0	0																									
parûtes			paraître	VER	VER		p		0	0	0																									
parcellés			parceller	VER	VER		p		0	0	0																									
parcourût			parcourir	VER	VER		s		0	0	0																									
parâmes			parer	VER	VER		p		0	0	0																									
parât			parer	VER	VER		s		0	0	0																									
parâtes			parer	VER	VER		p		0	0	0																									
parfîtes			parfaire	VER	VER		p		0	0	0																									
parfilé			parfiler	VER	VER		s		0	0	0																									
pariâtes			parier	VER	VER		p		0	0	0																									
parités			parité	NOM	NOM		p		0	0	0																									
parlotés			parloter	VER	VER		p		0	0	0																									
parloté			parloter	VER	VER		s		0	0	0																									
parlotté			parlotter	VER	VER		s		0	0	0																									
parquât			parquer	VER	VER		s		0	0	0																									
parquète			parqueter	VER	VER		s		0	0	0																									
parquètes			parqueter	VER	VER		s		0	0	0																									
partageât			partager	VER	VER		s		0	0	0																									
parthénogénèses			parthénogénèse	NOM	NOM		p		0	0	0																									
participât			participer	VER	VER		s		0	0	0																									
participâtes			participer	VER	VER		p		0	0	0																									
partousé			partouser	VER	VER		s		0	0	0																									
partouzés			partouzer	VER	VER		p		0	0	0																									
parvînt			parvenir	VER	VER		s		0	0	0																									
parèdre			parèdre	NOM	NOM		s		0	0	0																									
passepoilé			passepoiler	VER	VER		s		0	0	0																									
passionnât			passionner	VER	VER		s		0	0	0																									
passionnâtes			passionner	VER	VER		p		0	0	0																									
passionnèrent			passionner	VER	VER		p		0	0	0																									
pastellés			pasteller	VER	VER		p		0	0	0																									
pastellé			pasteller	VER	VER		s		0	0	0																									
pastichés			pasticher	VER	VER		p		0	0	0																									
pastiché			pasticher	VER	VER		s		0	0	0																									
patafiolé			patafioler	VER	VER		s		0	0	0																									
pateliné			pateliner	VER	VER		s		0	0	0																									
patentât			patenter	VER	VER		s		0	0	0																									
patinât			patiner	VER	VER		s		0	0	0																									
patinâtes			patiner	VER	VER		p		0	0	0																									
patoisé			patoiser	VER	VER		s		0	0	0																									
patouillât			patouiller	VER	VER		s		0	0	0																									
patouillés			patouiller	VER	VER		p		0	0	0																									
patouillé			patouiller	VER	VER		s		0	0	0																									
pavât			paver	VER	VER		s		0	0	0																									
pavâtes			paver	VER	VER		p		0	0	0																									
payâtes			payer	VER	VER		p		0	0	0																									
paîtrai			paître	VER	VER		s		0	0	0																									
paîtrais			paître	VER	VER		s		0	0	0																									
paîtras			paître	VER	VER		s		0	0	0																									
paîtrez			paître	VER	VER		p		0	0	0																									
paîtrons			paître	VER	VER		p		0	0	0																									
pectiné			pectiné	ADJ	ADJ		s		0	0	0																									
pectinés			pectiné	ADJ	ADJ		p		0	0	0																									
peignît			peindre	VER	VER		s		0	0	0																									
peinât			peiner	VER	VER		s		0	0	0																									
peinâtes			peiner	VER	VER		p		0	0	0																									
pelanât			pelaner	VER	VER		s		0	0	0																									
pelanées			pelaner	VER	VER		p		0	0	0																									
pelât			peler	VER	VER		s		0	0	0																									
pelâtes			peler	VER	VER		p		0	0	0																									
pelèrent			peler	VER	VER		p		0	0	0																									
pellète			pelleter	VER	VER		s		0	0	0																									
pellètes			pelleter	VER	VER		s		0	0	0																									
pelté			pelté	ADJ	ADJ		s		0	0	0																									
peltés			pelté	ADJ	ADJ		p		0	0	0																									
pelurés			pelurer	VER	VER		p		0	0	0																									
penchât			pencher	VER	VER		s		0	0	0																									
pendouillés			pendouiller	VER	VER		p		0	0	0																									
pendouillé			pendouiller	VER	VER		s		0	0	0																									
pendît			pendre	VER	VER		s		0	0	0																									
pendulés			penduler	VER	VER		p		0	0	0																									
pennés			penné	ADJ	ADJ		p		0	0	0																									
pensât			penser	VER	VER		s		0	0	0																									
pensionnât			pensionner	VER	VER		s		0	0	0																									
perçusse			percevoir	VER	VER		s		0	0	0																									
perçussions			percevoir	VER	VER		p		0	0	0																									
perçût			percevoir	VER	VER		s		0	0	0																									
perçûtes			percevoir	VER	VER		p		0	0	0																									
perdurât			perdurer	VER	VER		s		0	0	0																									
perdurés			perdurer	VER	VER		p		0	0	0																									
perlât			perler	VER	VER		s		0	0	0																									
permît			permettre	VER	VER		s		0	0	0																									
permîtes			permettre	VER	VER		p		0	0	0																									
perméabilisé			perméabiliser	VER	VER		s		0	0	0																									
perpètres			perpétrer	VER	VER		s		0	0	0																									
perpétuiez			perpétuer	VER	VER		p		0	0	0																									
persulfuré			persulfuré	ADJ	ADJ		s		0	0	0																									
persulfurés			persulfuré	ADJ	ADJ		p		0	0	0																									
perturbât			perturber	VER	VER		s		0	0	0																									
pervertît			pervertir	VER	VER		s		0	0	0																									
pesât			peser	VER	VER		s		0	0	0																									
pestât			pester	VER	VER		s		0	0	0																									
phagocytés			phagocyter	VER	VER		p		0	0	0																									
philosophaillé			philosophailler	VER	VER		s		0	0	0																									
phosphatés			phosphater	VER	VER		p		0	0	0																									
phosphorylé			phosphoryler	VER	VER		s		0	0	0																									
picklé			pickler	VER	VER		s		0	0	0																									
pictés			picter	VER	VER		p		0	0	0																									
piffèrent			piffer	VER	VER		p		0	0	0																									
pilèrent			piler	VER	VER		p		0	0	0																									
pinças			pincer	VER	VER		s		0	0	0																									
pintât			pinter	VER	VER		s		0	0	0																									
pinéaux			pinéal	ADJ	ADJ		p		0	0	0																									
pionné			pionner	VER	VER		s		0	0	0																									
pipâtes			piper	VER	VER		p		0	0	0																									
pipettés			pipetter	VER	VER		p		0	0	0																									
pipetté			pipetter	VER	VER		s		0	0	0																									
pipérin			pipérin	NOM	NOM	m	s		0	0	0																									
pipérins			pipérin	NOM	NOM		p		0	0	0																									
piquât			piquer	VER	VER		s		0	0	0																									
piquâtes			piquer	VER	VER		p		0	0	0																									
piquète			piqueter	VER	VER		s		0	0	0																									
piquètes			piqueter	VER	VER		s		0	0	0																									
pisât			piser	VER	VER		s		0	0	0																									
pisâtes			piser	VER	VER		p		0	0	0																									
pissât			pisser	VER	VER		s		0	0	0																									
pistolât			pistoler	VER	VER		s		0	0	0																									
pitonnés			pitonner	VER	VER		p		0	0	0																									
pitonné			pitonner	VER	VER		s		0	0	0																									
piégeas			piéger	VER	VER		s		0	0	0																									
piétez			piéter	VER	VER		p		0	0	0																									
piétiez			piéter	VER	VER		p		0	0	0																									
plaças			placer	VER	VER		s		0	0	0																									
placoté			placoter	VER	VER		s		0	0	0																									
plagiât			plagier	VER	VER		s		0	0	0																									
plaignît			plaindre	VER	VER		s		0	0	0																									
plûtes			plaire	VER	VER		p		0	0	0																									
plaisantât			plaisanter	VER	VER		s		0	0	0																									
planât			planer	VER	VER		s		0	0	0																									
planâtes			planer	VER	VER		p		0	0	0																									
planéités			planéité	NOM	NOM		p		0	0	0																									
plastronné			plastronner	VER	VER		s		0	0	0																									
plaçages			plaçage	NOM	NOM		p		0	0	0																									
pleigés			pleiger	VER	VER		p		0	0	0																									
pleigé			pleiger	VER	VER		s		0	0	0																									
pleurât			pleurer	VER	VER		s		0	0	0																									
pleuviné			pleuviner	VER	VER		s		0	0	0																									
pliât			plier	VER	VER		s		0	0	0																									
pliâtes			plier	VER	VER		p		0	0	0																									
ployés			ployer	VER	VER		p		0	0	0																									
plâtreux			plâtreux	ADJ	ADJ				0	0	0																									
pochetât			pocheter	VER	VER		s		0	0	0																									
pochetés			pocheter	VER	VER		p		0	0	0																									
pocheté			pocheter	VER	VER		s		0	0	0																									
poignât			poigner	VER	VER		s		0	0	0																									
poinçonnes			poinçonner	VER	VER		s		0	0	0																									
poirât			poirer	VER	VER		s		0	0	0																									
poirâtes			poirer	VER	VER		p		0	0	0																									
poissées			poisser	VER	VER		p		0	0	0																									
poitrinés			poitriner	VER	VER		p		0	0	0																									
poivrât			poivrer	VER	VER		s		0	0	0																									
poliça			policer	VER	VER		s		0	0	0																									
poliças			policer	VER	VER		s		0	0	0																									
polîmes			polir	VER	VER		p		0	0	0																									
polîtes			polir	VER	VER		p		0	0	0																									
polissonnés			polissonner	VER	VER		p		0	0	0																									
polissonné			polissonner	VER	VER		s		0	0	0																									
politicaillé			politicailler	VER	VER		s		0	0	0																									
politiquèrent			politiquer	VER	VER		p		0	0	0																									
poljé			poljé	NOM	NOM	m	s		0	0	0																									
poljés			poljé	NOM	NOM		p		0	0	0																									
polké			polker	VER	VER		s		0	0	0																									
polymérise			polymériser	VER	VER		s		0	0	0																									
polymérises			polymériser	VER	VER		s		0	0	0																									
pommadés			pommader	VER	VER		p		0	0	0																									
pompières			pompière	NOM	NOM		p		0	0	0																									
pondît			pondre	VER	VER		s		0	0	0																									
pondères			pondérer	VER	VER		s		0	0	0																									
posâtes			poser	VER	VER		p		0	0	0																									
possédas			posséder	VER	VER		s		0	0	0																									
postâmes			poster	VER	VER		p		0	0	0																									
postât			poster	VER	VER		s		0	0	0																									
postâtes			poster	VER	VER		p		0	0	0																									
postulât			postuler	VER	VER		s		0	0	0																									
potagère			potager	ADJ	ADJ		s		0	0	0																									
potencés			potencé	ADJ	ADJ		p		0	0	0																									
pourléché			pourlécher	VER	VER		s		0	0	0																									
pourprât			pourprer	VER	VER		s		0	0	0																									
pourrîmes			pourrir	VER	VER		p		0	0	0																									
pourrît			pourrir	VER	VER		s		0	0	0																									
pourrîtes			pourrir	VER	VER		p		0	0	0																									
pourvût			pourvoir	VER	VER		s		0	0	0																									
poussât			pousser	VER	VER		s		0	0	0																									
poêlant			poêler	VER	VER				0	0	0																									
poêlât			poêler	VER	VER		s		0	0	0																									
pressentît			pressentir	VER	VER		s		0	0	0																									
priâmes			prier	VER	VER		p		0	0	0																									
priât			prier	VER	VER		s		0	0	0																									
priâtes			prier	VER	VER		p		0	0	0																									
primautés			primauté	NOM	NOM		p		0	0	0																									
primâmes			primer	VER	VER		p		0	0	0																									
primât			primer	VER	VER		s		0	0	0																									
primâtes			primer	VER	VER		p		0	0	0																									
prisât			priser	VER	VER		s		0	0	0																									
prisâtes			priser	VER	VER		p		0	0	0																									
privâtes			priver	VER	VER		p		0	0	0																									
probités			probité	NOM	NOM		p		0	0	0																									
projetât			projeter	VER	VER		s		0	0	0																									
prolifères			prolifère	ADJ	ADJ		p		0	0	0																									
promenât			promener	VER	VER		s		0	0	0																									
promenâtes			promener	VER	VER		p		0	0	0																									
promît			promettre	VER	VER		s		0	0	0																									
promût			promouvoir	VER	VER		s		0	0	0																									
prosodiés			prosodier	VER	VER		p		0	0	0																									
prosodié			prosodier	VER	VER		s		0	0	0																									
prospérerai			prospérer	VER	VER		s		0	0	0																									
prostrât			prostrer	VER	VER		s		0	0	0																									
protestât			protester	VER	VER		s		0	0	0																									
protestâtes			protester	VER	VER		p		0	0	0																									
prouvât			prouver	VER	VER		s		0	0	0																									
provînt			provenir	VER	VER		s		0	0	0																									
provigné			provigner	VER	VER		s		0	0	0																									
proéminés			proéminer	VER	VER		p		0	0	0																									
proéminé			proéminer	VER	VER		s		0	0	0																									
prébendé			prébendé	ADJ	ADJ		s		0	0	0																									
prébendés			prébendé	ADJ	ADJ		p		0	0	0																									
préchauffes			préchauffer	VER	VER		s		0	0	0																									
précompté			précompter	VER	VER		s		0	0	0																									
précédât			précéder	VER	VER		s		0	0	0																									
prédestines			prédestiner	VER	VER		s		0	0	0																									
prédiraient			prédire	VER	VER		p		0	0	0																									
prédirons			prédire	VER	VER		p		0	0	0																									
prédît			prédire	VER	VER		s		0	0	0																									
prédîtes			prédire	VER	VER		p		0	0	0																									
prédisposes			prédisposer	VER	VER		s		0	0	0																									
prédomines			prédominer	VER	VER		s		0	0	0																									
prédécède			prédécéder	VER	VER		s		0	0	0																									
prédécèdes			prédécéder	VER	VER		s		0	0	0																									
prédétermines			prédéterminer	VER	VER		s		0	0	0																									
préexiste			préexister	VER	VER		s		0	0	0																									
préexistes			préexister	VER	VER		s		0	0	0																									
préfabriques			préfabriquer	VER	VER		s		0	0	0																									
préfigures			préfigurer	VER	VER		s		0	0	0																									
préfixés			préfixer	VER	VER		p		0	0	0																									
préfixé			préfixer	VER	VER		s		0	0	0																									
préformâtes			préformer	VER	VER		p		0	0	0																									
préjudicié			préjudicier	VER	VER		s		0	0	0																									
préjugea			préjuger	VER	VER		s		0	0	0																									
préjugeas			préjuger	VER	VER		s		0	0	0																									
préludés			préluder	VER	VER		p		0	0	0																									
préludé			préluder	VER	VER		s		0	0	0																									
prémunît			prémunir	VER	VER		s		0	0	0																									
préparât			préparer	VER	VER		s		0	0	0																									
préposant			préposer	VER	VER				0	0	0																									
préposât			préposer	VER	VER		s		0	0	0																									
présentât			présenter	VER	VER		s		0	0	0																									
présurés			présurer	VER	VER		p		0	0	0																									
prétendît			prétendre	VER	VER		s		0	0	0																									
prétures			préture	NOM	NOM		p		0	0	0																									
prévalût			prévaloir	VER	VER		s		0	0	0																									
prévînt			prévenir	VER	VER		s		0	0	0																									
prévît			prévoir	VER	VER		s		0	0	0																									
prévîtes			prévoir	VER	VER		p		0	0	0																									
prêcheuses			prêcheur	ADJ	ADJ		p		0	0	0																									
prêtants			prêtant	NOM	NOM		p		0	0	0																									
prêtante			prêtant	ADJ	ADJ		s		0	0	0																									
prêtasse			prêter	VER	VER		s		0	0	0																									
prêtasses			prêter	VER	VER		s		0	0	0																									
prônas			prôner	VER	VER		s		0	0	0																									
prônions			prôner	VER	VER		p		0	0	0																									
prôneur			prôneur	NOM	NOM	m	s		0	0	0																									
prôneurs			prôneur	NOM	NOM		p		0	0	0																									
ptôse			ptôse	NOM	NOM	f	s		0	0	0																									
ptôses			ptôse	NOM	NOM		p		0	0	0																									
puddlés			puddler	VER	VER		p		0	0	0																									
puddlé			puddler	VER	VER		s		0	0	0																									
puâmes			puer	VER	VER		p		0	0	0																									
pulpés			pulper	VER	VER		p		0	0	0																									
pulpé			pulper	VER	VER		s		0	0	0																									
punîtes			punir	VER	VER		p		0	0	0																									
purulé			puruler	VER	VER		s		0	0	0																									
pustulés			pustulé	ADJ	ADJ		p		0	0	0																									
putassés			putasser	VER	VER		p		0	0	0																									
putréfies			putréfier	VER	VER		s		0	0	0																									
puînées			puîné	ADJ	ADJ		p		0	0	0																									
pyrogéné			pyrogéné	ADJ	ADJ		s		0	0	0																									
pyrogénés			pyrogéné	ADJ	ADJ		p		0	0	0																									
pyroxylé			pyroxylé	ADJ	ADJ		s		0	0	0																									
pâlement			pâlement	ADV	ADV				0	0	0																									
pâleurs			pâleur	NOM	NOM		p		0	0	0																									
pâlirai			pâlir	VER	VER		s		0	0	0																									
pâlirais			pâlir	VER	VER		s		0	0	0																									
pâliras			pâlir	VER	VER		s		0	0	0																									
pâlirez			pâlir	VER	VER		p		0	0	0																									
pâlirons			pâlir	VER	VER		p		0	0	0																									
pâlît			pâlir	VER	VER		s		0	0	0																									
pâtai			pâter	VER	VER		s		0	0	0																									
pâtaient			pâter	VER	VER		p		0	0	0																									
pâtais			pâter	VER	VER		s		0	0	0																									
pâtait			pâter	VER	VER		s		0	0	0																									
pâtant			pâter	VER	VER				0	0	0																									
pâtasse			pâter	VER	VER		s		0	0	0																									
pâtasses			pâter	VER	VER		s		0	0	0																									
pâtent			pâter	VER	VER		p		0	0	0																									
pâtera			pâter	VER	VER		s		0	0	0																									
pâterai			pâter	VER	VER		s		0	0	0																									
pâterais			pâter	VER	VER		s		0	0	0																									
pâterait			pâter	VER	VER		s		0	0	0																									
pâteras			pâter	VER	VER		s		0	0	0																									
pâterez			pâter	VER	VER		p		0	0	0																									
pâterons			pâter	VER	VER		p		0	0	0																									
pâteront			pâter	VER	VER		p		0	0	0																									
pâtiez			pâter	VER	VER		p		0	0	0																									
pâtions			pâter	VER	VER		p		0	0	0																									
pâtâmes			pâter	VER	VER		p		0	0	0																									
pâtât			pâter	VER	VER		s		0	0	0																									
pâtâtes			pâter	VER	VER		p		0	0	0																									
pâtirais			pâtir	VER	VER		s		0	0	0																									
pâtirions			pâtir	VER	VER		p		0	0	0																									
pâtîmes			pâtir	VER	VER		p		0	0	0																									
pâtît			pâtir	VER	VER		s		0	0	0																									
pâtîtes			pâtir	VER	VER		p		0	0	0																									
pâtissés			pâtisser	VER	VER		p		0	0	0																									
pâturons			pâturer	VER	VER		p		0	0	0																									
pâturâtes			pâturer	VER	VER		p		0	0	0																									
pâturon			pâturon	NOM	NOM	m	p		0	0	0																									
péchai			pécher	VER	VER		s		0	0	0																									
pécheraient			pécher	VER	VER		p		0	0	0																									
pécherons			pécher	VER	VER		p		0	0	0																									
péclote			pécloter	VER	VER		s		0	0	0																									
pécloter			pécloter	VER	VER				0	0	0																									
pécloté			pécloter	VER	VER		s		0	0	0																									
pédicellé			pédicellé	ADJ	ADJ		s		0	0	0																									
pédicellés			pédicellé	ADJ	ADJ		p		0	0	0																									
pékinés			pékiné	NOM	NOM		p		0	0	0																									
pénicille			pénicille	NOM	NOM	m	s		0	0	0																									
pénicilles			pénicille	NOM	NOM		p		0	0	0																									
péottes			péotte	NOM	NOM		p		0	0	0																									
péperin			péperin	NOM	NOM	m	s		0	0	0																									
péperins			péperin	NOM	NOM		p		0	0	0																									
pépions			pépier	VER	VER		p		0	0	0																									
pépiâtes			pépier	VER	VER		p		0	0	0																									
pépiés			pépier	VER	VER		p		0	0	0																									
pépiée			pépier	VER	VER		s		0	0	0																									
périclites			péricliter	VER	VER		s		0	0	0																									
périmétrie			périmétrie	NOM	NOM	f	s		0	0	0																									
périosté			périosté	ADJ	ADJ		s		0	0	0																									
périostés			périosté	ADJ	ADJ		p		0	0	0																									
périphrasés			périphraser	VER	VER		p		0	0	0																									
périphrasé			périphraser	VER	VER		s		0	0	0																									
pérîmes			périr	VER	VER		p		0	0	0																									
pérît			périr	VER	VER		s		0	0	0																									
pérîtes			périr	VER	VER		p		0	0	0																									
pérora			pérorer	VER	VER		s		0	0	0																									
pérorai			pérorer	VER	VER		s		0	0	0																									
pérorais			pérorer	VER	VER		s		0	0	0																									
péroras			pérorer	VER	VER		s		0	0	0																									
pérorons			pérorer	VER	VER		p		0	0	0																									
pérots			pérot	NOM	NOM		p		0	0	0																									
pérégrinés			pérégriner	VER	VER		p		0	0	0																									
pérégriné			pérégriner	VER	VER		s		0	0	0																									
pétarder			pétarder	VER	VER				0	0	0																									
pétardée			pétarder	VER	VER		s		0	0	0																									
pétâmes			péter	VER	VER		p		0	0	0																									
pétât			péter	VER	VER		s		0	0	0																									
pétâtes			péter	VER	VER		p		0	0	0																									
pétillés			pétiller	VER	VER		p		0	0	0																									
pétillé			pétiller	VER	VER		s		0	0	0																									
pétiolé			pétiolé	ADJ	ADJ		s		0	0	0																									
pétiolés			pétiolé	ADJ	ADJ		p		0	0	0																									
pétitionnes			pétitionner	VER	VER		s		0	0	0																									
pétouillé			pétouiller	VER	VER		s		0	0	0																									
pétrifies			pétrifier	VER	VER		s		0	0	0																									
pétrît			pétrir	VER	VER		s		0	0	0																									
pétrîtes			pétrir	VER	VER		p		0	0	0																									
pétrolerez			pétroler	VER	VER		p		0	0	0																									
pétrolés			pétroler	VER	VER		p		0	0	0																									
pétrés			pétré	ADJ	ADJ		p		0	0	0																									
pétrées			pétré	ADJ	ADJ		p		0	0	0																									
pétun			pétun	NOM	NOM	m	s		0	0	0																									
pêcheriez			pêcher	VER	VER		p		0	0	0																									
pêchette			pêchette	NOM	NOM	f	s		0	0	0																									
quadrilobé			quadrilobé	ADJ	ADJ		s		0	0	0																									
quadrilobés			quadrilobé	ADJ	ADJ		p		0	0	0																									
quarrés			quarrer	VER	VER		p		0	0	0																									
quarré			quarrer	VER	VER		s		0	0	0																									
quillé			quiller	VER	VER		s		0	0	0																									
quittancés			quittancer	VER	VER		p		0	0	0																									
quittancé			quittancer	VER	VER		s		0	0	0																									
quittât			quitter	VER	VER		s		0	0	0																									
québracho			québracho	NOM	NOM	m	s		0	0	0																									
québrachos			québracho	NOM	NOM		p		0	0	0																									
quêtions			quêter	VER	VER		p		0	0	0																									
rabattît			rabattre	VER	VER		s		0	0	0																									
raboutés			rabouter	VER	VER		p		0	0	0																									
raccompagnât			raccompagner	VER	VER		s		0	0	0																									
raccourcît			raccourcir	VER	VER		s		0	0	0																									
raccusât			raccuser	VER	VER		s		0	0	0																									
rachât			racher	VER	VER		s		0	0	0																									
rachetât			racheter	VER	VER		s		0	0	0																									
raclât			racler	VER	VER		s		0	0	0																									
racornît			racornir	VER	VER		s		0	0	0																									
radât			rader	VER	VER		s		0	0	0																									
radoucît			radoucir	VER	VER		s		0	0	0																									
raffermît			raffermir	VER	VER		s		0	0	0																									
raffinât			raffiner	VER	VER		s		0	0	0																									
rafraîchirez			rafraîchir	VER	VER		p		0	0	0																									
ragaillardît			ragaillardir	VER	VER		s		0	0	0																									
ragréent			ragréer	VER	VER		p		0	0	0																									
ragréés			ragréer	VER	VER		p		0	0	0																									
ragréé			ragréer	VER	VER		s		0	0	0																									
raguât			raguer	VER	VER		s		0	0	0																									
raidît			raidir	VER	VER		s		0	0	0																									
raidîtes			raidir	VER	VER		p		0	0	0																									
rainât			rainer	VER	VER		s		0	0	0																									
rainâtes			rainer	VER	VER		p		0	0	0																									
raisonnèrent			raisonner	VER	VER		p		0	0	0																									
rajeunît			rajeunir	VER	VER		s		0	0	0																									
ralentît			ralentir	VER	VER		s		0	0	0																									
ralingués			ralinguer	VER	VER		p		0	0	0																									
ralingué			ralinguer	VER	VER		s		0	0	0																									
ramagés			ramager	VER	VER		p		0	0	0																									
ramendât			ramender	VER	VER		s		0	0	0																									
ramenât			ramener	VER	VER		s		0	0	0																									
ramâmes			ramer	VER	VER		p		0	0	0																									
ramât			ramer	VER	VER		s		0	0	0																									
ramollît			ramollir	VER	VER		s		0	0	0																									
ramonât			ramoner	VER	VER		s		0	0	0																									
rampât			ramper	VER	VER		s		0	0	0																									
ranças			rancer	VER	VER		s		0	0	0																									
rançasse			rancer	VER	VER		s		0	0	0																									
rançât			rancer	VER	VER		s		0	0	0																									
rancît			rancir	VER	VER		s		0	0	0																									
rancîtes			rancir	VER	VER		p		0	0	0																									
rapaisé			rapaiser	VER	VER		s		0	0	0																									
rapinés			rapiner	VER	VER		p		0	0	0																									
rapinées			rapiner	VER	VER		p		0	0	0																									
rapièces			rapiécer	VER	VER		s		0	0	0																									
rassît			rasseoir	VER	VER		s		0	0	0																									
rassurât			rassurer	VER	VER		s		0	0	0																									
rassérènes			rasséréner	VER	VER		s		0	0	0																									
ratâtes			rater	VER	VER		p		0	0	0																									
ratinées			ratiner	VER	VER		p		0	0	0																									
ratiociné			ratiociner	VER	VER		s		0	0	0																									
rauqués			rauquer	VER	VER		p		0	0	0																									
ravaudé			ravauder	VER	VER		s		0	0	0																									
ravît			ravir	VER	VER		s		0	0	0																									
ravîtes			ravir	VER	VER		p		0	0	0																									
rayât			rayer	VER	VER		s		0	0	0																									
rayonnèrent			rayonner	VER	VER		p		0	0	0																									
rayère			rayère	NOM	NOM	f	s		0	0	0																									
raïas			raïa	NOM	NOM		p		0	0	0																									
rebiqués			rebiquer	VER	VER		p		0	0	0																									
rebiqué			rebiquer	VER	VER		s		0	0	0																									
rebondît			rebondir	VER	VER		s		0	0	0																									
rebordés			reborder	VER	VER		p		0	0	0																									
rebordée			reborder	VER	VER		s		0	0	0																									
rebouclé			reboucler	VER	VER		s		0	0	0																									
rebâtît			rebâtir	VER	VER		s		0	0	0																									
recausés			recauser	VER	VER		p		0	0	0																									
recausé			recauser	VER	VER		s		0	0	0																									
reçûtes			recevoir	VER	VER		p		0	0	0																									
rechantés			rechanter	VER	VER		p		0	0	0																									
recherchât			rechercher	VER	VER		s		0	0	0																									
recommenças			recommencer	VER	VER		s		0	0	0																									
reconduisît			reconduire	VER	VER		s		0	0	0																									
reconstruisît			reconstruire	VER	VER		s		0	0	0																									
reconvertît			reconvertir	VER	VER		s		0	0	0																									
recousît			recoudre	VER	VER		s		0	0	0																									
recourût			recourir	VER	VER		s		0	0	0																									
recouvrât			recouvrer	VER	VER		s		0	0	0																									
recouvrît			recouvrir	VER	VER		s		0	0	0																									
recroît			recroître	VER	VER		s		0	0	0																									
recrûmes			recroître	VER	VER		p		0	0	0																									
recrûtes			recroître	VER	VER		p		0	0	0																									
recrû			recroître	VER	VER		s		0	0	0																									
recréas			recréer	VER	VER		s		0	0	0																									
recrûs			recrû	NOM	NOM		p		0	0	0																									
recueillît			recueillir	VER	VER		s		0	0	0																									
recèdent			recéder	VER	VER		p		0	0	0																									
recédait			recéder	VER	VER		s		0	0	0																									
recédant			recéder	VER	VER				0	0	0																									
recédez			recéder	VER	VER		p		0	0	0																									
recédons			recéder	VER	VER		p		0	0	0																									
recédés			recéder	VER	VER		p		0	0	0																									
recédé			recéder	VER	VER		s		0	0	0																									
recédée			recéder	VER	VER		s		0	0	0																									
recélant			recéler	VER	VER				0	0	0																									
recélera			recéler	VER	VER		s		0	0	0																									
recélerai			recéler	VER	VER		s		0	0	0																									
recélerait			recéler	VER	VER		s		0	0	0																									
recélés			recéler	VER	VER		p		0	0	0																									
recélée			recéler	VER	VER		s		0	0	0																									
recéleuse			recéleuse	NOM	NOM	f	s		0	0	0																									
recéleuses			recéleuse	NOM	NOM		p		0	0	0																									
recépait			recéper	VER	VER		s		0	0	0																									
recépez			recéper	VER	VER		p		0	0	0																									
recépions			recéper	VER	VER		p		0	0	0																									
recépons			recéper	VER	VER		p		0	0	0																									
redentés			redenté	ADJ	ADJ		p		0	0	0																									
redescendît			redescendre	VER	VER		s		0	0	0																									
redût			redevoir	VER	VER		s		0	0	0																									
redûtes			redevoir	VER	VER		p		0	0	0																									
redû			redevoir	VER	VER		s		0	0	0																									
redîmes			redire	VER	VER		p		0	0	0																									
redondés			redonder	VER	VER		p		0	0	0																									
redressèrent			redresser	VER	VER		p		0	0	0																									
redécoupé			redécouper	VER	VER		s		0	0	0																									
redécouvrît			redécouvrir	VER	VER		s		0	0	0																									
redéfinît			redéfinir	VER	VER		s		0	0	0																									
refît			refaire	VER	VER		s		0	0	0																									
refîtes			refaire	VER	VER		p		0	0	0																									
refleurît			refleurir	VER	VER		s		0	0	0																									
reflétas			refléter	VER	VER		s		0	0	0																									
reflétions			refléter	VER	VER		p		0	0	0																									
refondît			refondre	VER	VER		s		0	0	0																									
reformât			reformer	VER	VER		s		0	0	0																									
reformâtes			reformer	VER	VER		p		0	0	0																									
refouillés			refouiller	VER	VER		p		0	0	0																									
refourrés			refourrer	VER	VER		p		0	0	0																									
refroidît			refroidir	VER	VER		s		0	0	0																									
refrènent			refréner	VER	VER		p		0	0	0																									
refrénais			refréner	VER	VER		s		0	0	0																									
refrénait			refréner	VER	VER		s		0	0	0																									
refrénant			refréner	VER	VER				0	0	0																									
refrénera			refréner	VER	VER		s		0	0	0																									
refrénerait			refréner	VER	VER		s		0	0	0																									
refrénerons			refréner	VER	VER		p		0	0	0																									
refrénons			refréner	VER	VER		p		0	0	0																									
refrènes			refréner	VER	VER		s		0	0	0																									
refuîmes			refuir	VER	VER		p		0	0	0																									
refuît			refuir	VER	VER		s		0	0	0																									
refuîtes			refuir	VER	VER		p		0	0	0																									
regèlent			regeler	VER	VER		p		0	0	0																									
regelés			regeler	VER	VER		p		0	0	0																									
regelé			regeler	VER	VER		s		0	0	0																									
regelée			regeler	VER	VER		s		0	0	0																									
regorgés			regorger	VER	VER		p		0	0	0																									
regrattés			regratter	VER	VER		p		0	0	0																									
rejaillît			rejaillir	VER	VER		s		0	0	0																									
rejetât			rejeter	VER	VER		s		0	0	0																									
rejouât			rejouer	VER	VER		s		0	0	0																									
relaxât			relaxer	VER	VER		s		0	0	0																									
reliât			relier	VER	VER		s		0	0	0																									
reliâtes			relier	VER	VER		p		0	0	0																									
relût			relire	VER	VER		s		0	0	0																									
reléguerai			reléguer	VER	VER		s		0	0	0																									
reléguerez			reléguer	VER	VER		p		0	0	0																									
remaillé			remailler	VER	VER		s		0	0	0																									
remboîtage			remboîtage	NOM	NOM	m	s		0	0	0																									
rembrunît			rembrunir	VER	VER		s		0	0	0																									
remercièrent			remercier	VER	VER		p		0	0	0																									
remîtes			remettre	VER	VER		p		0	0	0																									
remmaillé			remmailler	VER	VER		s		0	0	0																									
remmanché			remmancher	VER	VER		s		0	0	0																									
remmenât			remmener	VER	VER		s		0	0	0																									
remodèles			remodeler	VER	VER		s		0	0	0																									
remontât			remonter	VER	VER		s		0	0	0																									
remontrât			remontrer	VER	VER		s		0	0	0																									
remparés			remparer	VER	VER		p		0	0	0																									
remplaças			remplacer	VER	VER		s		0	0	0																									
remplaçât			remplacer	VER	VER		s		0	0	0																									
remplaçâtes			remplacer	VER	VER		p		0	0	0																									
rempliât			remplier	VER	VER		s		0	0	0																									
remplîmes			remplir	VER	VER		p		0	0	0																									
remplîtes			remplir	VER	VER		p		0	0	0																									
rempochés			rempocher	VER	VER		p		0	0	0																									
remâches			remâcher	VER	VER		s		0	0	0																									
remêle			remêler	VER	VER		s		0	0	0																									
remêlent			remêler	VER	VER		p		0	0	0																									
remêler			remêler	VER	VER				0	0	0																									
remêles			remêler	VER	VER		s		0	0	0																									
remêlés			remêler	VER	VER		p		0	0	0																									
remêlé			remêler	VER	VER		s		0	0	0																									
remêlée			remêler	VER	VER		s		0	0	0																									
renaudés			renauder	VER	VER		p		0	0	0																									
renaudé			renauder	VER	VER		s		0	0	0																									
renaquît			renaître	VER	VER		s		0	0	0																									
renchérît			renchérir	VER	VER		s		0	0	0																									
rendormît			rendormir	VER	VER		s		0	0	0																									
rendîtes			rendre	VER	VER		p		0	0	0																									
renfaîtes			renfaîter	VER	VER		s		0	0	0																									
renfaîtés			renfaîter	VER	VER		p		0	0	0																									
renfaîté			renfaîter	VER	VER		s		0	0	0																									
reniât			renier	VER	VER		s		0	0	0																									
renonças			renoncer	VER	VER		s		0	0	0																									
renouvèlera			renouveler	VER	VER		s		0	0	0																									
renouvèles			renouveler	VER	VER		s		0	0	0																									
renseignât			renseigner	VER	VER		s		0	0	0																									
rentâmes			renter	VER	VER		p		0	0	0																									
rentrâtes			rentrer	VER	VER		p		0	0	0																									
renvidé			renvider	VER	VER		s		0	0	0																									
renviés			renvier	VER	VER		p		0	0	0																									
renvoyât			renvoyer	VER	VER		s		0	0	0																									
renâclés			renâcler	VER	VER		p		0	0	0																									
renâclé			renâcler	VER	VER		s		0	0	0																									
reparût			reparaître	VER	VER		s		0	0	0																									
repavée			repaver	VER	VER		s		0	0	0																									
repeignît			repeindre	VER	VER		s		0	0	0																									
repensât			repenser	VER	VER		s		0	0	0																									
reperçassions			repercer	VER	VER		p		0	0	0																									
repercés			repercer	VER	VER		p		0	0	0																									
repercé			repercer	VER	VER		s		0	0	0																									
repercée			repercer	VER	VER		s		0	0	0																									
reperdît			reperdre	VER	VER		s		0	0	0																									
repincé			repincer	VER	VER		s		0	0	0																									
replètes			replet	ADJ	ADJ		p		0	0	0																									
replût			repleuvoir	VER	VER		s		0	0	0																									
repliât			replier	VER	VER		s		0	0	0																									
replâtres			replâtrer	VER	VER		s		0	0	0																									
repolît			repolir	VER	VER		s		0	0	0																									
reposât			reposer	VER	VER		s		0	0	0																									
repoussât			repousser	VER	VER		s		0	0	0																									
reprît			reprendre	VER	VER		s		0	0	0																									
reprîtes			reprendre	VER	VER		p		0	0	0																									
reproduisît			reproduire	VER	VER		s		0	0	0																									
reprographiés			reprographier	VER	VER		p		0	0	0																									
reprographié			reprographier	VER	VER		s		0	0	0																									
représentât			représenter	VER	VER		s		0	0	0																									
représentâtes			représenter	VER	VER		p		0	0	0																									
repérai			repérer	VER	VER		s		0	0	0																									
repétrir			repétrir	VER	VER				0	0	0																									
repétrit			repétrir	VER	VER		s		0	0	0																									
repétrît			repétrir	VER	VER		s		0	0	0																									
repétri			repétrir	VER	VER		s		0	0	0																									
repêchaient			repêcher	VER	VER		p		0	0	0																									
requît			requérir	VER	VER		s		0	0	0																									
requîtes			requérir	VER	VER		p		0	0	0																									
resûmes			resavoir	VER	VER		p		0	0	0																									
resût			resavoir	VER	VER		s		0	0	0																									
resûtes			resavoir	VER	VER		p		0	0	0																									
respectât			respecter	VER	VER		s		0	0	0																									
respirât			respirer	VER	VER		s		0	0	0																									
resplendît			resplendir	VER	VER		s		0	0	0																									
ressaisît			ressaisir	VER	VER		s		0	0	0																									
ressautés			ressauter	VER	VER		p		0	0	0																									
ressemelés			ressemeler	VER	VER		p		0	0	0																									
ressemelé			ressemeler	VER	VER		s		0	0	0																									
ressentît			ressentir	VER	VER		s		0	0	0																									
resservît			resservir	VER	VER		s		0	0	0																									
ressortît			ressortir	VER	VER		s		0	0	0																									
ressurgît			ressurgir	VER	VER		s		0	0	0																									
restaurât			restaurer	VER	VER		s		0	0	0																									
restaurâtes			restaurer	VER	VER		p		0	0	0																									
restreignît			restreindre	VER	VER		s		0	0	0																									
resucé			resucer	VER	VER		s		0	0	0																									
resurgît			resurgir	VER	VER		s		0	0	0																									
retardèrent			retarder	VER	VER		p		0	0	0																									
retendît			retendre	VER	VER		s		0	0	0																									
retînt			retenir	VER	VER		s		0	0	0																									
retîntes			retenir	VER	VER		p		0	0	0																									
retirâtes			retirer	VER	VER		p		0	0	0																									
retournât			retourner	VER	VER		s		0	0	0																									
retransmît			retransmettre	VER	VER		s		0	0	0																									
retrempés			retremper	VER	VER		p		0	0	0																									
retrempé			retremper	VER	VER		s		0	0	0																									
retrouvât			retrouver	VER	VER		s		0	0	0																									
revanchés			revancher	VER	VER		p		0	0	0																									
revendît			revendre	VER	VER		s		0	0	0																									
reverdît			reverdir	VER	VER		s		0	0	0																									
revirèrent			revirer	VER	VER		p		0	0	0																									
revisèrent			reviser	VER	VER		p		0	0	0																									
revisés			reviser	VER	VER		p		0	0	0																									
revîtes			revoir	VER	VER		p		0	0	0																									
revolât			revoler	VER	VER		s		0	0	0																									
revêtiez			revêtir	VER	VER		p		0	0	0																									
revêtît			revêtir	VER	VER		s		0	0	0																									
revêtîtes			revêtir	VER	VER		p		0	0	0																									
rewrité			rewriter	VER	VER		s		0	0	0																									
rhapsodés			rhapsoder	VER	VER		p		0	0	0																									
rhapsodé			rhapsoder	VER	VER		s		0	0	0																									
rhodié			rhodié	ADJ	ADJ		s		0	0	0																									
rhétiens			rhétien	NOM	NOM		p		0	0	0																									
riblés			ribler	VER	VER		p		0	0	0																									
riboté			riboter	VER	VER		s		0	0	0																									
riciné			riciné	ADJ	ADJ		s		0	0	0																									
ricinés			riciné	ADJ	ADJ		p		0	0	0																									
ridât			rider	VER	VER		s		0	0	0																									
ridulés			riduler	VER	VER		p		0	0	0																									
ridulé			riduler	VER	VER		s		0	0	0																									
riflés			rifler	VER	VER		p		0	0	0																									
rimât			rimer	VER	VER		s		0	0	0																									
rimâtes			rimer	VER	VER		p		0	0	0																									
riotés			rioter	VER	VER		p		0	0	0																									
rioté			rioter	VER	VER		s		0	0	0																									
ripât			riper	VER	VER		s		0	0	0																									
rît			rire	VER	VER		s		0	0	0																									
risquât			risquer	VER	VER		s		0	0	0																									
ristournés			ristourner	VER	VER		p		0	0	0																									
ristourné			ristourner	VER	VER		s		0	0	0																									
rivât			river	VER	VER		s		0	0	0																									
rivète			riveter	VER	VER		s		0	0	0																									
rivètes			riveter	VER	VER		s		0	0	0																									
robât			rober	VER	VER		s		0	0	0																									
rochât			rocher	VER	VER		s		0	0	0																									
roidît			roidir	VER	VER		s		0	0	0																									
romança			romancer	VER	VER		s		0	0	0																									
rompît			rompre	VER	VER		s		0	0	0																									
rondît			rondir	VER	VER		s		0	0	0																									
ronéotypes			ronéotyper	VER	VER		s		0	0	0																									
rosacé			rosacé	ADJ	ADJ		s		0	0	0																									
rosacés			rosacé	ADJ	ADJ		p		0	0	0																									
rosât			roser	VER	VER		s		0	0	0																									
rosît			rosir	VER	VER		s		0	0	0																									
rosîtes			rosir	VER	VER		p		0	0	0																									
rostré			rostré	ADJ	ADJ		s		0	0	0																									
rostrés			rostré	ADJ	ADJ		p		0	0	0																									
rouannés			rouanner	VER	VER		p		0	0	0																									
rouanné			rouanner	VER	VER		s		0	0	0																									
roublardé			roublarder	VER	VER		s		0	0	0																									
rouât			rouer	VER	VER		s		0	0	0																									
rouâtes			rouer	VER	VER		p		0	0	0																									
rougît			rougir	VER	VER		s		0	0	0																									
rouîmes			rouir	VER	VER		p		0	0	0																									
rouît			rouir	VER	VER		s		0	0	0																									
rouîtes			rouir	VER	VER		p		0	0	0																									
rouladés			roulader	VER	VER		p		0	0	0																									
rouladé			roulader	VER	VER		s		0	0	0																									
roulâtes			rouler	VER	VER		p		0	0	0																									
roulottés			roulotter	VER	VER		p		0	0	0																									
roulotté			roulotter	VER	VER		s		0	0	0																									
rouscaillés			rouscailler	VER	VER		p		0	0	0																									
rouscaillé			rouscailler	VER	VER		s		0	0	0																									
rouspétera			rouspéter	VER	VER		s		0	0	0																									
rouspéterais			rouspéter	VER	VER		s		0	0	0																									
roussît			roussir	VER	VER		s		0	0	0																									
rouvrît			rouvrir	VER	VER		s		0	0	0																									
rubriqués			rubriquer	VER	VER		p		0	0	0																									
ruchât			rucher	VER	VER		s		0	0	0																									
ruât			ruer	VER	VER		s		0	0	0																									
ruâtes			ruer	VER	VER		p		0	0	0																									
rugît			rugir	VER	VER		s		0	0	0																									
ruilées			ruiler	VER	VER		p		0	0	0																									
rusât			ruser	VER	VER		s		0	0	0																									
rustiqués			rustiquer	VER	VER		p		0	0	0																									
rustiqué			rustiquer	VER	VER		s		0	0	0																									
rutilés			rutiler	VER	VER		p		0	0	0																									
râblure			râblure	NOM	NOM	f	s		0	0	0																									
râblés			râblé	ADJ	ADJ		p		0	0	0																									
râblée			râblé	ADJ	ADJ		s		0	0	0																									
râlai			râler	VER	VER		s		0	0	0																									
râlas			râler	VER	VER		s		0	0	0																									
râlasse			râler	VER	VER		s		0	0	0																									
râlions			râler	VER	VER		p		0	0	0																									
râlâmes			râler	VER	VER		p		0	0	0																									
râpages			râpage	NOM	NOM		p		0	0	0																									
râpa			râper	VER	VER		s		0	0	0																									
râpais			râper	VER	VER		s		0	0	0																									
râpait			râper	VER	VER		s		0	0	0																									
râpas			râper	VER	VER		s		0	0	0																									
râpasse			râper	VER	VER		s		0	0	0																									
râpent			râper	VER	VER		p		0	0	0																									
râperaient			râper	VER	VER		p		0	0	0																									
râpiez			râper	VER	VER		p		0	0	0																									
râpions			râper	VER	VER		p		0	0	0																									
râpons			râper	VER	VER		p		0	0	0																									
râpât			râper	VER	VER		s		0	0	0																									
râpeur			râpeur	NOM	NOM	m	s		0	0	0																									
râpeurs			râpeur	NOM	NOM		p		0	0	0																									
râpures			râpure	NOM	NOM		p		0	0	0																									
râtelas			râteler	VER	VER		s		0	0	0																									
râtelle			râteler	VER	VER		s		0	0	0																									
râtèle			râteler	VER	VER		s		0	0	0																									
râtelé			râteler	VER	VER		s		0	0	0																									
réabonne			réabonner	VER	VER		s		0	0	0																									
réabonnes			réabonner	VER	VER		s		0	0	0																									
réabsorbe			réabsorber	VER	VER		s		0	0	0																									
réabsorbes			réabsorber	VER	VER		s		0	0	0																									
réaccoutumes			réaccoutumer	VER	VER		s		0	0	0																									
réadaptes			réadapter	VER	VER		s		0	0	0																									
réadmît			réadmettre	VER	VER		s		0	0	0																									
réaffirmes			réaffirmer	VER	VER		s		0	0	0																									
réagîtes			réagir	VER	VER		p		0	0	0																									
réalisât			réaliser	VER	VER		s		0	0	0																									
réalisâtes			réaliser	VER	VER		p		0	0	0																									
réaménages			réaménager	VER	VER		s		0	0	0																									
réapparût			réapparaître	VER	VER		s		0	0	0																									
réapprît			réapprendre	VER	VER		s		0	0	0																									
réassorti			réassortir	VER	VER		s		0	0	0																									
réassures			réassurer	VER	VER		s		0	0	0																									
réassurât			réassurer	VER	VER		s		0	0	0																									
récapitulés			récapituler	VER	VER		p		0	0	0																									
réciproqués			réciproquer	VER	VER		p		0	0	0																									
récliné			récliner	VER	VER		s		0	0	0																									
récognition			récognition	NOM	NOM	f	s		0	0	0																									
récolons			récoler	VER	VER		p		0	0	0																									
récolât			récoler	VER	VER		s		0	0	0																									
récolâtes			récoler	VER	VER		p		0	0	0																									
récollections			récollection	NOM	NOM		p		0	0	0																									
récollet			récollet	NOM	NOM	m	s		0	0	0																									
réconfortât			réconforter	VER	VER		s		0	0	0																									
récriminés			récriminer	VER	VER		p		0	0	0																									
récrivît			récrire	VER	VER		s		0	0	0																									
récréaient			récréer	VER	VER		p		0	0	0																									
récréais			récréer	VER	VER		s		0	0	0																									
récréait			récréer	VER	VER		s		0	0	0																									
récréant			récréer	VER	VER				0	0	0																									
récréas			récréer	VER	VER		s		0	0	0																									
récréent			récréer	VER	VER		p		0	0	0																									
récréera			récréer	VER	VER		s		0	0	0																									
récréerai			récréer	VER	VER		s		0	0	0																									
récréeraient			récréer	VER	VER		p		0	0	0																									
récréerais			récréer	VER	VER		s		0	0	0																									
récréerait			récréer	VER	VER		s		0	0	0																									
récréeras			récréer	VER	VER		s		0	0	0																									
récréerez			récréer	VER	VER		p		0	0	0																									
récréerions			récréer	VER	VER		p		0	0	0																									
récréerons			récréer	VER	VER		p		0	0	0																									
récrées			récréer	VER	VER		s		0	0	0																									
récréez			récréer	VER	VER		p		0	0	0																									
récréiez			récréer	VER	VER		p		0	0	0																									
récréons			récréer	VER	VER		p		0	0	0																									
récréés			récréer	VER	VER		p		0	0	0																									
récréée			récréer	VER	VER		s		0	0	0																									
récréées			récréer	VER	VER		p		0	0	0																									
récréments			récrément	NOM	NOM		p		0	0	0																									
récuras			récurer	VER	VER		s		0	0	0																									
récurerez			récurer	VER	VER		p		0	0	0																									
récusa			récuser	VER	VER		s		0	0	0																									
récusais			récuser	VER	VER		s		0	0	0																									
récusera			récuser	VER	VER		s		0	0	0																									
rédimes			rédimer	VER	VER		s		0	0	0																									
rédimez			rédimer	VER	VER		p		0	0	0																									
rédimés			rédimer	VER	VER		p		0	0	0																									
réduisît			réduire	VER	VER		s		0	0	0																									
réduves			réduve	NOM	NOM		p		0	0	0																									
réassent			réer	VER	VER		p		0	0	0																									
réasses			réer	VER	VER		s		0	0	0																									
réassiez			réer	VER	VER		p		0	0	0																									
réassions			réer	VER	VER		p		0	0	0																									
réerai			réer	VER	VER		s		0	0	0																									
réerais			réer	VER	VER		s		0	0	0																									
réeras			réer	VER	VER		s		0	0	0																									
réerez			réer	VER	VER		p		0	0	0																									
réâmes			réer	VER	VER		p		0	0	0																									
réât			réer	VER	VER		s		0	0	0																									
réâtes			réer	VER	VER		p		0	0	0																									
réescomptés			réescompter	VER	VER		p		0	0	0																									
réescompté			réescompter	VER	VER		s		0	0	0																									
réessayés			réessayer	VER	VER		p		0	0	0																									
réexporté			réexporter	VER	VER		s		0	0	0																									
réfléchît			réfléchir	VER	VER		s		0	0	0																									
réformations			réformation	NOM	NOM		p		0	0	0																									
réformaient			réformer	VER	VER		p		0	0	0																									
réformait			réformer	VER	VER		s		0	0	0																									
réformeraient			réformer	VER	VER		p		0	0	0																									
réformerait			réformer	VER	VER		s		0	0	0																									
réformerez			réformer	VER	VER		p		0	0	0																									
réformiez			réformer	VER	VER		p		0	0	0																									
réformions			réformer	VER	VER		p		0	0	0																									
réformât			réformer	VER	VER		s		0	0	0																									
réformâtes			réformer	VER	VER		p		0	0	0																									
réformèrent			réformer	VER	VER		p		0	0	0																									
réfractes			réfracter	VER	VER		s		0	0	0																									
réfrigères			réfrigérer	VER	VER		s		0	0	0																									
réfrénera			réfréner	VER	VER		s		0	0	0																									
réfrénons			réfréner	VER	VER		p		0	0	0																									
référença			référencer	VER	VER		s		0	0	0																									
référenças			référencer	VER	VER		s		0	0	0																									
référas			référer	VER	VER		s		0	0	0																									
référât			référer	VER	VER		s		0	0	0																									
régalements			régalement	NOM	NOM		p		0	0	0																									
régatés			régater	VER	VER		p		0	0	0																									
régaté			régater	VER	VER		s		0	0	0																									
régentât			régenter	VER	VER		s		0	0	0																									
régionalise			régionaliser	VER	VER		s		0	0	0																									
régionalises			régionaliser	VER	VER		s		0	0	0																									
régîmes			régir	VER	VER		p		0	0	0																									
régît			régir	VER	VER		s		0	0	0																									
régîtes			régir	VER	VER		p		0	0	0																									
réglementas			réglementer	VER	VER		s		0	0	0																									
réglementes			réglementer	VER	VER		s		0	0	0																									
réglas			régler	VER	VER		s		0	0	0																									
réglerions			régler	VER	VER		p		0	0	0																									
réglets			réglet	NOM	NOM		p		0	0	0																									
réglettes			réglette	NOM	NOM		p		0	0	0																									
régneriez			régner	VER	VER		p		0	0	0																									
régulerez			réguler	VER	VER		p		0	0	0																									
réhabitués			réhabituer	VER	VER		p		0	0	0																									
réhabitué			réhabituer	VER	VER		s		0	0	0																									
réifie			réifier	VER	VER		s		0	0	0																									
réifié			réifier	VER	VER		s		0	0	0																									
réimporte			réimporter	VER	VER		s		0	0	0																									
réimporter			réimporter	VER	VER				0	0	0																									
réimporté			réimporter	VER	VER		s		0	0	0																									
réimprimes			réimprimer	VER	VER		s		0	0	0																									
réincarcère			réincarcérer	VER	VER		s		0	0	0																									
réincarcères			réincarcérer	VER	VER		s		0	0	0																									
réincorpores			réincorporer	VER	VER		s		0	0	0																									
réinvestît			réinvestir	VER	VER		s		0	0	0																									
réitérai			réitérer	VER	VER		s		0	0	0																									
réitérait			réitérer	VER	VER		s		0	0	0																									
réitéras			réitérer	VER	VER		s		0	0	0																									
réjouît			réjouir	VER	VER		s		0	0	0																									
rémige			rémige	NOM	NOM	f	s		0	0	0																									
rémittent			rémittent	ADJ	ADJ		s		0	0	0																									
rémiz			rémiz	NOM	NOM	m			0	0	0																									
rémère			rémérer	VER	VER		s		0	0	0																									
réméra			rémérer	VER	VER		s		0	0	0																									
rémérai			rémérer	VER	VER		s		0	0	0																									
rémérais			rémérer	VER	VER		s		0	0	0																									
rémérer			rémérer	VER	VER				0	0	0																									
rémériez			rémérer	VER	VER		p		0	0	0																									
rémérions			rémérer	VER	VER		p		0	0	0																									
rémères			rémérer	VER	VER		s		0	0	0																									
réméré			rémérer	VER	VER		s		0	0	0																									
rémérée			rémérer	VER	VER		s		0	0	0																									
rémérés			rémérer	VER	VER		p		0	0	0																									
rénette			rénette	NOM	NOM	f	s		0	0	0																									
rénettes			rénette	NOM	NOM		p		0	0	0																									
réordonne			réordonner	VER	VER		s		0	0	0																									
réorientes			réorienter	VER	VER		s		0	0	0																									
réparas			réparer	VER	VER		s		0	0	0																									
réparât			réparer	VER	VER		s		0	0	0																									
répartiraient			répartir	VER	VER		p		0	0	0																									
répartirais			répartir	VER	VER		s		0	0	0																									
répartiras			répartir	VER	VER		s		0	0	0																									
répartiriez			répartir	VER	VER		p		0	0	0																									
répartirions			répartir	VER	VER		p		0	0	0																									
répartîmes			répartir	VER	VER		p		0	0	0																									
répartît			répartir	VER	VER		s		0	0	0																									
répercutes			répercuter	VER	VER		s		0	0	0																									
réprouverai			réprouver	VER	VER		s		0	0	0																									
réprouveras			réprouver	VER	VER		s		0	0	0																									
réprouverez			réprouver	VER	VER		p		0	0	0																									
réprouverons			réprouver	VER	VER		p		0	0	0																									
réprouvât			réprouver	VER	VER		s		0	0	0																									
répugnât			répugner	VER	VER		s		0	0	0																									
répugnâtes			répugner	VER	VER		p		0	0	0																									
répétas			répéter	VER	VER		s		0	0	0																									
répétât			répéter	VER	VER		s		0	0	0																									
résiner			résiner	VER	VER				0	0	0																									
résinez			résiner	VER	VER		p		0	0	0																									
résistât			résister	VER	VER		s		0	0	0																									
résistâtes			résister	VER	VER		p		0	0	0																									
résonnais			résonner	VER	VER		s		0	0	0																									
résorbes			résorber	VER	VER		s		0	0	0																									
résolusse			résoudre	VER	VER		s		0	0	0																									
résolût			résoudre	VER	VER		s		0	0	0																									
rétablît			rétablir	VER	VER		s		0	0	0																									
rétreintes			rétreindre	VER	VER		p		0	0	0																									
rétreints			rétreindre	VER	VER		p		0	0	0																									
rétrocèdes			rétrocéder	VER	VER		s		0	0	0																									
rétrécît			rétrécir	VER	VER		s		0	0	0																									
réunifies			réunifier	VER	VER		s		0	0	0																									
réunîmes			réunir	VER	VER		p		0	0	0																									
réunît			réunir	VER	VER		s		0	0	0																									
réunîtes			réunir	VER	VER		p		0	0	0																									
réversions			réversion	NOM	NOM		p		0	0	0																									
révolvérise			révolvériser	VER	VER		s		0	0	0																									
révolvérisé			révolvériser	VER	VER		s		0	0	0																									
révéra			révérer	VER	VER		s		0	0	0																									
révérai			révérer	VER	VER		s		0	0	0																									
révéras			révérer	VER	VER		s		0	0	0																									
révérera			révérer	VER	VER		s		0	0	0																									
révérerai			révérer	VER	VER		s		0	0	0																									
révérerais			révérer	VER	VER		s		0	0	0																									
révéreras			révérer	VER	VER		s		0	0	0																									
révérerez			révérer	VER	VER		p		0	0	0																									
révériez			révérer	VER	VER		p		0	0	0																									
révérât			révérer	VER	VER		s		0	0	0																									
réécrivît			réécrire	VER	VER		s		0	0	0																									
réédites			rééditer	VER	VER		s		0	0	0																									
réélis			réélire	VER	VER		s		0	0	0																									
réélût			réélire	VER	VER		s		0	0	0																									
réélues			réélire	VER	VER		p		0	0	0																									
réémets			réémettre	VER	VER		s		0	0	0																									
réémette			réémettre	VER	VER		s		0	0	0																									
réémettent			réémettre	VER	VER		p		0	0	0																									
réémettez			réémettre	VER	VER		p		0	0	0																									
réémettons			réémettre	VER	VER		p		0	0	0																									
réémettra			réémettre	VER	VER		s		0	0	0																									
réémettrai			réémettre	VER	VER		s		0	0	0																									
réémettras			réémettre	VER	VER		s		0	0	0																									
réémise			réémettre	VER	VER		s		0	0	0																									
réémises			réémettre	VER	VER		p		0	0	0																									
rééquilibres			rééquilibre	NOM	NOM		p		0	0	0																									
rêvasserai			rêvasser	VER	VER		s		0	0	0																									
rêvât			rêver	VER	VER		s		0	0	0																									
rôdai			rôder	VER	VER		s		0	0	0																									
rôdas			rôder	VER	VER		s		0	0	0																									
rôtiriez			rôtir	VER	VER		p		0	0	0																									
rôtît			rôtir	VER	VER		s		0	0	0																									
rôtîtes			rôtir	VER	VER		p		0	0	0																									
sablât			sabler	VER	VER		s		0	0	0																									
saboulé			sabouler	VER	VER		s		0	0	0																									
sabrât			sabrer	VER	VER		s		0	0	0																									
sacchariné			sacchariné	ADJ	ADJ		s		0	0	0																									
sacrèrent			sacrer	VER	VER		p		0	0	0																									
safrané			safraner	VER	VER		s		0	0	0																									
saignât			saigner	VER	VER		s		0	0	0																									
saignèrent			saigner	VER	VER		p		0	0	0																									
saillît			saillir	VER	VER		s		0	0	0																									
saisît			saisir	VER	VER		s		0	0	0																									
saisîtes			saisir	VER	VER		p		0	0	0																									
salariât			salarier	VER	VER		s		0	0	0																									
salâmes			saler	VER	VER		p		0	0	0																									
salât			saler	VER	VER		s		0	0	0																									
salâtes			saler	VER	VER		p		0	0	0																									
salèrent			saler	VER	VER		p		0	0	0																									
salît			salir	VER	VER		s		0	0	0																									
salîtes			salir	VER	VER		p		0	0	0																									
salpêtrés			salpêtrer	VER	VER		p		0	0	0																									
salpêtré			salpêtrer	VER	VER		s		0	0	0																									
saluât			saluer	VER	VER		s		0	0	0																									
sanglât			sangler	VER	VER		s		0	0	0																									
sanglâtes			sangler	VER	VER		p		0	0	0																									
sapâmes			saper	VER	VER		p		0	0	0																									
sarclâmes			sarcler	VER	VER		p		0	0	0																									
sassât			sasser	VER	VER		s		0	0	0																									
satanisé			sataniser	VER	VER		s		0	0	0																									
satellisé			satelliser	VER	VER		s		0	0	0																									
satisfît			satisfaire	VER	VER		s		0	0	0																									
satisfîtes			satisfaire	VER	VER		p		0	0	0																									
saturât			saturer	VER	VER		s		0	0	0																									
sauçasse			saucer	VER	VER		s		0	0	0																									
sauçasses			saucer	VER	VER		s		0	0	0																									
saunât			sauner	VER	VER		s		0	0	0																									
saurât			saurer	VER	VER		s		0	0	0																									
saurît			saurir	VER	VER		s		0	0	0																									
sautât			sauter	VER	VER		s		0	0	0																									
sauvâtes			sauver	VER	VER		p		0	0	0																									
sauvetés			sauveté	NOM	NOM		p		0	0	0																									
scandâmes			scander	VER	VER		p		0	0	0																									
scandâtes			scander	VER	VER		p		0	0	0																									
schlingués			schlinguer	VER	VER		p		0	0	0																									
schlingué			schlinguer	VER	VER		s		0	0	0																									
schlitté			schlitter	VER	VER		s		0	0	0																									
scoriacé			scoriacé	ADJ	ADJ		s		0	0	0																									
scribouillés			scribouiller	VER	VER		p		0	0	0																									
scribouillé			scribouiller	VER	VER		s		0	0	0																									
secourût			secourir	VER	VER		s		0	0	0																									
secrétèrent			secréter	VER	VER		p		0	0	0																									
secrétaient			secréter	VER	VER		p		0	0	0																									
secrétas			secréter	VER	VER		s		0	0	0																									
secréterez			secréter	VER	VER		p		0	0	0																									
secrétez			secréter	VER	VER		p		0	0	0																									
secrétons			secréter	VER	VER		p		0	0	0																									
secrétés			secréter	VER	VER		p		0	0	0																									
secréteur			secréteur	NOM	NOM	m	s		0	0	0																									
secréteurs			secréteur	NOM	NOM		p		0	0	0																									
semât			semer	VER	VER		s		0	0	0																									
semoncés			semoncer	VER	VER		p		0	0	0																									
semoncé			semoncer	VER	VER		s		0	0	0																									
sentencié			sentencier	VER	VER		s		0	0	0																									
sentimentalisé			sentimentaliser	VER	VER		s		0	0	0																									
sentîmes			sentir	VER	VER		p		0	0	0																									
sentît			sentir	VER	VER		s		0	0	0																									
sentîtes			sentir	VER	VER		p		0	0	0																									
siéront			seoir	VER	VER		p		0	0	0																									
septuplé			septupler	VER	VER		s		0	0	0																									
serrât			serrer	VER	VER		s		0	0	0																									
sertît			sertir	VER	VER		s		0	0	0																									
servîmes			servir	VER	VER		p		0	0	0																									
servîtes			servir	VER	VER		p		0	0	0																									
sevrât			sevrer	VER	VER		s		0	0	0																									
sèvrent			sevrer	VER	VER		p		0	0	0																									
sidéra			sidérer	VER	VER		s		0	0	0																									
sidérai			sidérer	VER	VER		s		0	0	0																									
sidérais			sidérer	VER	VER		s		0	0	0																									
sidéras			sidérer	VER	VER		s		0	0	0																									
sidérerait			sidérer	VER	VER		s		0	0	0																									
sidériez			sidérer	VER	VER		p		0	0	0																									
sidérons			sidérer	VER	VER		p		0	0	0																									
sifflât			siffler	VER	VER		s		0	0	0																									
signalèrent			signaler	VER	VER		p		0	0	0																									
signât			signer	VER	VER		s		0	0	0																									
signifiât			signifier	VER	VER		s		0	0	0																									
silhouettés			silhouetter	VER	VER		p		0	0	0																									
silicatés			silicaté	ADJ	ADJ		p		0	0	0																									
sillés			siller	VER	VER		p		0	0	0																									
siégeas			siéger	VER	VER		s		0	0	0																									
siégées			siéger	VER	VER		p		0	0	0																									
skaïs			skaï	NOM	NOM		p		0	0	0																									
skiât			skier	VER	VER		s		0	0	0																									
smillés			smiller	VER	VER		p		0	0	0																									
smillé			smiller	VER	VER		s		0	0	0																									
socialisât			socialiser	VER	VER		s		0	0	0																									
socialité			socialité	NOM	NOM	f	s		0	0	0																									
sodalité			sodalité	NOM	NOM	f	s		0	0	0																									
soldât			solder	VER	VER		s		0	0	0																									
soldâtes			solder	VER	VER		p		0	0	0																									
solfiés			solfier	VER	VER		p		0	0	0																									
solfié			solfier	VER	VER		s		0	0	0																									
soliloqués			soliloquer	VER	VER		p		0	0	0																									
soliloqué			soliloquer	VER	VER		s		0	0	0																									
solmisé			solmiser	VER	VER		s		0	0	0																									
somatisés			somatiser	VER	VER		p		0	0	0																									
somatisé			somatiser	VER	VER		s		0	0	0																									
sommât			sommer	VER	VER		s		0	0	0																									
sondât			sonder	VER	VER		s		0	0	0																									
sondâtes			sonder	VER	VER		p		0	0	0																									
sonnaillés			sonnailler	VER	VER		p		0	0	0																									
sonnaillé			sonnailler	VER	VER		s		0	0	0																									
soubresauté			soubresauter	VER	VER		s		0	0	0																									
souciât			soucier	VER	VER		s		0	0	0																									
soudât			souder	VER	VER		s		0	0	0																									
soufflètes			souffleter	VER	VER		s		0	0	0																									
souffrît			souffrir	VER	VER		s		0	0	0																									
souhaitât			souhaiter	VER	VER		s		0	0	0																									
souillât			souiller	VER	VER		s		0	0	0																									
soumît			soumettre	VER	VER		s		0	0	0																									
sourîmes			sourire	VER	VER		p		0	0	0																									
sourîtes			sourire	VER	VER		p		0	0	0																									
soutaché			soutacher	VER	VER		s		0	0	0																									
souvînt			souvenir	VER	VER		s		0	0	0																									
soûlaude			soûlaude	NOM	NOM	f	s		0	0	0																									
soûlas			soûler	VER	VER		s		0	0	0																									
soûleriez			soûler	VER	VER		p		0	0	0																									
soûlions			soûler	VER	VER		p		0	0	0																									
soûlât			soûler	VER	VER		s		0	0	0																									
soûtra			soûtra	NOM	NOM	m	s		0	0	0																									
spatulés			spatuler	VER	VER		p		0	0	0																									
spatulé			spatuler	VER	VER		s		0	0	0																									
spécialisât			spécialiser	VER	VER		s		0	0	0																									
spécialisâtes			spécialiser	VER	VER		p		0	0	0																									
statuât			statuer	VER	VER		s		0	0	0																									
steppés			stepper	VER	VER		p		0	0	0																									
stimulât			stimuler	VER	VER		s		0	0	0																									
strangulé			stranguler	VER	VER		s		0	0	0																									
stressât			stresser	VER	VER		s		0	0	0																									
stridés			strider	VER	VER		p		0	0	0																									
stridé			strider	VER	VER		s		0	0	0																									
stridulé			striduler	VER	VER		s		0	0	0																									
striât			strier	VER	VER		s		0	0	0																									
striâtes			strier	VER	VER		p		0	0	0																									
stupéfiât			stupéfier	VER	VER		s		0	0	0																									
stupéfiâtes			stupéfier	VER	VER		p		0	0	0																									
stylisât			styliser	VER	VER		s		0	0	0																									
stèrent			stérer	VER	VER		p		0	0	0																									
stéra			stérer	VER	VER		s		0	0	0																									
stérai			stérer	VER	VER		s		0	0	0																									
stéraient			stérer	VER	VER		p		0	0	0																									
stérais			stérer	VER	VER		s		0	0	0																									
stérait			stérer	VER	VER		s		0	0	0																									
stérant			stérer	VER	VER				0	0	0																									
stéras			stérer	VER	VER		s		0	0	0																									
stérasse			stérer	VER	VER		s		0	0	0																									
stérer			stérer	VER	VER				0	0	0																									
stérez			stérer	VER	VER		p		0	0	0																									
stérions			stérer	VER	VER		p		0	0	0																									
stérons			stérer	VER	VER		p		0	0	0																									
stérât			stérer	VER	VER		s		0	0	0																									
stérées			stérer	VER	VER		p		0	0	0																									
stûpas			stûpa	NOM	NOM		p		0	0	0																									
subdélègue			subdéléguer	VER	VER		s		0	0	0																									
subîmes			subir	VER	VER		p		0	0	0																									
subît			subir	VER	VER		s		0	0	0																									
subîtes			subir	VER	VER		p		0	0	0																									
substantivé			substantiver	VER	VER		s		0	0	0																									
substituât			substituer	VER	VER		s		0	0	0																									
subvertît			subvertir	VER	VER		s		0	0	0																									
suças			sucer	VER	VER		s		0	0	0																									
suât			suer	VER	VER		s		0	0	0																									
suâtes			suer	VER	VER		p		0	0	0																									
suèrent			suer	VER	VER		p		0	0	0																									
suffixés			suffixer	VER	VER		p		0	0	0																									
suffixé			suffixer	VER	VER		s		0	0	0																									
suggéras			suggérer	VER	VER		s		0	0	0																									
suifés			suifer	VER	VER		p		0	0	0																									
suifé			suifer	VER	VER		s		0	0	0																									
suivît			suivre	VER	VER		s		0	0	0																									
suivîtes			suivre	VER	VER		p		0	0	0																									
sulfités			sulfiter	VER	VER		p		0	0	0																									
sulfité			sulfiter	VER	VER		s		0	0	0																									
sulfoné			sulfoné	ADJ	ADJ		s		0	0	0																									
sulfonés			sulfoné	ADJ	ADJ		p		0	0	0																									
supâmes			super	VER	VER		p		0	0	0																									
suppliât			supplier	VER	VER		s		0	0	0																									
supportât			supporter	VER	VER		s		0	0	0																									
supposât			supposer	VER	VER		s		0	0	0																									
suppuré			suppurer	VER	VER		s		0	0	0																									
supériorise			supérioriser	VER	VER		s		0	0	0																									
surabondé			surabonder	VER	VER		s		0	0	0																									
surcompensés			surcompenser	VER	VER		p		0	0	0																									
surcontré			surcontrer	VER	VER		s		0	0	0																									
surenchérît			surenchérir	VER	VER		s		0	0	0																									
surentraîne			surentraîner	VER	VER		s		0	0	0																									
surfaça			surfacer	VER	VER		s		0	0	0																									
surfît			surfaire	VER	VER		s		0	0	0																									
surfât			surfer	VER	VER		s		0	0	0																									
surgèles			surgeler	VER	VER		s		0	0	0																									
surît			surir	VER	VER		s		0	0	0																									
surîtes			surir	VER	VER		p		0	0	0																									
surjeté			surjeter	VER	VER		s		0	0	0																									
surmenât			surmener	VER	VER		s		0	0	0																									
suroxydés			suroxyder	VER	VER		p		0	0	0																									
surprîmes			surprendre	VER	VER		p		0	0	0																									
surprît			surprendre	VER	VER		s		0	0	0																									
surprîtes			surprendre	VER	VER		p		0	0	0																									
sursît			surseoir	VER	VER		s		0	0	0																									
surveillât			surveiller	VER	VER		s		0	0	0																									
survînt			survenir	VER	VER		s		0	0	0																									
survirât			survirer	VER	VER		s		0	0	0																									
survirés			survirer	VER	VER		p		0	0	0																									
surviré			survirer	VER	VER		s		0	0	0																									
suréquipe			suréquiper	VER	VER		s		0	0	0																									
suréquipes			suréquiper	VER	VER		s		0	0	0																									
sustentés			sustenter	VER	VER		p		0	0	0																									
suçote			suçoter	VER	VER		s		0	0	0																									
suédée			suédé	ADJ	ADJ		s		0	0	0																									
syndicalisés			syndicaliser	VER	VER		p		0	0	0																									
syntonisé			syntoniser	VER	VER		s		0	0	0																									
systématises			systématiser	VER	VER		s		0	0	0																									
séchas			sécher	VER	VER		s		0	0	0																									
sécheraient			sécher	VER	VER		p		0	0	0																									
sécrétèrent			sécréter	VER	VER		p		0	0	0																									
sécréta			sécréter	VER	VER		s		0	0	0																									
sécrétai			sécréter	VER	VER		s		0	0	0																									
sécrétas			sécréter	VER	VER		s		0	0	0																									
sécréterait			sécréter	VER	VER		s		0	0	0																									
sécrétez			sécréter	VER	VER		p		0	0	0																									
sécrétoire			sécrétoire	ADJ	ADJ		s		0	0	0																									
sécrétoires			sécrétoire	ADJ	ADJ		p		0	0	0																									
sécularise			séculariser	VER	VER		s		0	0	0																									
sécularises			séculariser	VER	VER		s		0	0	0																									
sédimente			sédimenter	VER	VER		s		0	0	0																									
séduisît			séduire	VER	VER		s		0	0	0																									
ségrais			ségrais	NOM	NOM	m			0	0	0																									
sélectés			sélecter	VER	VER		p		0	0	0																									
sélecté			sélecter	VER	VER		s		0	0	0																									
sélénié			sélénié	ADJ	ADJ		s		0	0	0																									
sénescences			sénescence	NOM	NOM		p		0	0	0																									
sénestre			sénestre	NOM	NOM	f	s		0	0	0																									
sénestres			sénestre	NOM	NOM		p		0	0	0																									
sérancés			sérancer	VER	VER		p		0	0	0																									
sérancé			sérancer	VER	VER		s		0	0	0																									
sérials			sérial	NOM	NOM		p		0	0	0																									
sériai			sérier	VER	VER		s		0	0	0																									
sériaient			sérier	VER	VER		p		0	0	0																									
sériais			sérier	VER	VER		s		0	0	0																									
sériait			sérier	VER	VER		s		0	0	0																									
sériant			sérier	VER	VER				0	0	0																									
sérient			sérier	VER	VER		p		0	0	0																									
sériera			sérier	VER	VER		s		0	0	0																									
sérierai			sérier	VER	VER		s		0	0	0																									
sérierait			sérier	VER	VER		s		0	0	0																									
sérieront			sérier	VER	VER		p		0	0	0																									
sériiez			sérier	VER	VER		p		0	0	0																									
sériions			sérier	VER	VER		p		0	0	0																									
sériât			sérier	VER	VER		s		0	0	0																									
sévîtes			sévir	VER	VER		p		0	0	0																									
sévirais			sévir	VER	VER		s		0	0	0																									
sévît			sévir	VER	VER		s		0	0	0																									
tabisé			tabiser	VER	VER		s		0	0	0																									
taboués			tabouer	VER	VER		p		0	0	0																									
taboulés			taboulé	NOM	NOM		p		0	0	0																									
tabulés			tabuler	VER	VER		p		0	0	0																									
tabulé			tabuler	VER	VER		s		0	0	0																									
tachât			tacher	VER	VER		s		0	0	0																									
tachetât			tacheter	VER	VER		s		0	0	0																									
tagètes			tagète	NOM	NOM		p		0	0	0																									
tûmes			taire	VER	VER		p		0	0	0																									
tûtes			taire	VER	VER		p		0	0	0																									
talâmes			taler	VER	VER		p		0	0	0																									
tallât			taller	VER	VER		s		0	0	0																									
tanças			tancer	VER	VER		s		0	0	0																									
tançasse			tancer	VER	VER		s		0	0	0																									
tanisé			taniser	VER	VER		s		0	0	0																									
tanisée			taniser	VER	VER		s		0	0	0																									
tapagés			tapager	VER	VER		p		0	0	0																									
tapinés			tapiner	VER	VER		p		0	0	0																									
tapinées			tapiner	VER	VER		p		0	0	0																									
tarât			tarer	VER	VER		s		0	0	0																									
tarâtes			tarer	VER	VER		p		0	0	0																									
tarît			tarir	VER	VER		s		0	0	0																									
tarîtes			tarir	VER	VER		p		0	0	0																									
taroté			taroté	ADJ	ADJ		s		0	0	0																									
tarotés			taroté	ADJ	ADJ		p		0	0	0																									
tartît			tartir	VER	VER		s		0	0	0																									
tartîtes			tartir	VER	VER		p		0	0	0																									
tartouillés			tartouiller	VER	VER		p		0	0	0																									
tartouillé			tartouiller	VER	VER		s		0	0	0																									
tassât			tasser	VER	VER		s		0	0	0																									
tatillonnés			tatillonner	VER	VER		p		0	0	0																									
tatillonné			tatillonner	VER	VER		s		0	0	0																									
tatouâmes			tatouer	VER	VER		p		0	0	0																									
tatouâtes			tatouer	VER	VER		p		0	0	0																									
tavèles			taveler	VER	VER		s		0	0	0																									
technicisés			techniciser	VER	VER		p		0	0	0																									
technicisé			techniciser	VER	VER		s		0	0	0																									
teillés			teiller	VER	VER		p		0	0	0																									
teignît			teindre	VER	VER		s		0	0	0																									
teintât			teinter	VER	VER		s		0	0	0																									
tempérerai			tempérer	VER	VER		s		0	0	0																									
tempérerais			tempérer	VER	VER		s		0	0	0																									
tempères			tempérer	VER	VER		s		0	0	0																									
tendît			tendre	VER	VER		s		0	0	0																									
tîntes			tenir	VER	VER		p		0	0	0																									
terminât			terminer	VER	VER		s		0	0	0																									
ternît			ternir	VER	VER		s		0	0	0																									
ternîtes			ternir	VER	VER		p		0	0	0																									
terrât			terrer	VER	VER		s		0	0	0																									
terrifiât			terrifier	VER	VER		s		0	0	0																									
terrifiâtes			terrifier	VER	VER		p		0	0	0																									
terrîmes			terrir	VER	VER		p		0	0	0																									
terrît			terrir	VER	VER		s		0	0	0																									
terrîtes			terrir	VER	VER		p		0	0	0																									
terrorisât			terroriser	VER	VER		s		0	0	0																									
terrorisâtes			terroriser	VER	VER		p		0	0	0																									
thermométrie			thermométrie	NOM	NOM	f	s		0	0	0																									
thrombosés			thrombosé	ADJ	ADJ		p		0	0	0																									
thébaïne			thébaïne	NOM	NOM	f	s		0	0	0																									
thébaïnes			thébaïne	NOM	NOM		p		0	0	0																									
thésaurisés			thésauriser	VER	VER		p		0	0	0																									
thésaurisé			thésauriser	VER	VER		s		0	0	0																									
théâtralisme			théâtralisme	NOM	NOM	m	s		0	0	0																									
tigrât			tigrer	VER	VER		s		0	0	0																									
tintamarré			tintamarrer	VER	VER		s		0	0	0																									
tintât			tinter	VER	VER		s		0	0	0																									
tintèrent			tinter	VER	VER		p		0	0	0																									
tintinnabulé			tintinnabuler	VER	VER		s		0	0	0																									
tiquetâtes			tiqueter	VER	VER		p		0	0	0																									
tirassé			tirasser	VER	VER		s		0	0	0																									
tirât			tirer	VER	VER		s		0	0	0																									
tirâtes			tirer	VER	VER		p		0	0	0																									
titrât			titrer	VER	VER		s		0	0	0																									
tiédira			tiédir	VER	VER		s		0	0	0																									
tiédirai			tiédir	VER	VER		s		0	0	0																									
tiédirais			tiédir	VER	VER		s		0	0	0																									
tiédirait			tiédir	VER	VER		s		0	0	0																									
tiédiras			tiédir	VER	VER		s		0	0	0																									
tiédirez			tiédir	VER	VER		p		0	0	0																									
tiédirons			tiédir	VER	VER		p		0	0	0																									
tiédiront			tiédir	VER	VER		p		0	0	0																									
tiédît			tiédir	VER	VER		s		0	0	0																									
tiédie			tiédir	VER	VER		s		0	0	0																									
tombâtes			tomber	VER	VER		p		0	0	0																									
tomâmes			tomer	VER	VER		p		0	0	0																									
tomât			tomer	VER	VER		s		0	0	0																									
tomâtes			tomer	VER	VER		p		0	0	0																									
tondît			tondre	VER	VER		s		0	0	0																									
tonitrué			tonitruer	VER	VER		s		0	0	0																									
tonnelé			tonneler	VER	VER		s		0	0	0																									
tonsurés			tonsurer	VER	VER		p		0	0	0																									
tonsuré			tonsurer	VER	VER		s		0	0	0																									
tontinés			tontiner	VER	VER		p		0	0	0																									
tontiné			tontiner	VER	VER		s		0	0	0																									
topât			toper	VER	VER		s		0	0	0																									
topâtes			toper	VER	VER		p		0	0	0																									
tordît			tordre	VER	VER		s		0	0	0																									
torréfies			torréfier	VER	VER		s		0	0	0																									
toréa			toréer	VER	VER		s		0	0	0																									
toréas			toréer	VER	VER		s		0	0	0																									
touât			touer	VER	VER		s		0	0	0																									
touâtes			touer	VER	VER		p		0	0	0																									
toupillés			toupiller	VER	VER		p		0	0	0																									
toupillé			toupiller	VER	VER		s		0	0	0																									
tourelé			tourelé	ADJ	ADJ		s		0	0	0																									
tourelés			tourelé	ADJ	ADJ		p		0	0	0																									
tourât			tourer	VER	VER		s		0	0	0																									
tourneviré			tournevirer	VER	VER		s		0	0	0																									
tournillé			tourniller	VER	VER		s		0	0	0																									
traçassent			tracer	VER	VER		p		0	0	0																									
traçasses			tracer	VER	VER		s		0	0	0																									
traçassiez			tracer	VER	VER		p		0	0	0																									
traçassions			tracer	VER	VER		p		0	0	0																									
traçât			tracer	VER	VER		s		0	0	0																									
traficotés			traficoter	VER	VER		p		0	0	0																									
trafiquât			trafiquer	VER	VER		s		0	0	0																									
trafiquâtes			trafiquer	VER	VER		p		0	0	0																									
trahît			trahir	VER	VER		s		0	0	0																									
traitât			traiter	VER	VER		s		0	0	0																									
tramât			tramer	VER	VER		s		0	0	0																									
tranchefilé			tranchefiler	VER	VER		s		0	0	0																									
tranchât			trancher	VER	VER		s		0	0	0																									
tranquillisât			tranquilliser	VER	VER		s		0	0	0																									
tranquillisâtes			tranquilliser	VER	VER		p		0	0	0																									
transformât			transformer	VER	VER		s		0	0	0																									
transférât			transférer	VER	VER		s		0	0	0																									
transîmes			transir	VER	VER		p		0	0	0																									
transît			transir	VER	VER		s		0	0	0																									
transîtes			transir	VER	VER		p		0	0	0																									
translaté			translater	VER	VER		s		0	0	0																									
transmît			transmettre	VER	VER		s		0	0	0																									
transmués			transmuer	VER	VER		p		0	0	0																									
transmué			transmuer	VER	VER		s		0	0	0																									
transportât			transporter	VER	VER		s		0	0	0																									
transsudât			transsuder	VER	VER		s		0	0	0																									
traumatisâmes			traumatiser	VER	VER		p		0	0	0																									
traumatisât			traumatiser	VER	VER		s		0	0	0																									
travaillât			travailler	VER	VER		s		0	0	0																									
traversât			traverser	VER	VER		s		0	0	0																									
travestît			travestir	VER	VER		s		0	0	0																									
traînages			traînage	NOM	NOM		p		0	0	0																									
traînailles			traînailler	VER	VER		s		0	0	0																									
traînements			traînement	NOM	NOM		p		0	0	0																									
traînât			traîner	VER	VER		s		0	0	0																									
treillagés			treillager	VER	VER		p		0	0	0																									
treillagé			treillager	VER	VER		s		0	0	0																									
tremblât			trembler	VER	VER		s		0	0	0																									
tremblotés			trembloter	VER	VER		p		0	0	0																									
trembloté			trembloter	VER	VER		s		0	0	0																									
tressaillît			tressaillir	VER	VER		s		0	0	0																									
trichiné			trichiné	ADJ	ADJ		s		0	0	0																									
triât			trier	VER	VER		s		0	0	0																									
triâtes			trier	VER	VER		p		0	0	0																									
trigaudé			trigauder	VER	VER		s		0	0	0																									
trimâtes			trimer	VER	VER		p		0	0	0																									
trimètre			trimètre	NOM	NOM	m	s		0	0	0																									
trimètres			trimètre	NOM	NOM		p		0	0	0																									
triqués			triquer	VER	VER		p		0	0	0																									
trompât			tromper	VER	VER		s		0	0	0																									
trompetât			trompeter	VER	VER		s		0	0	0																									
trompetâtes			trompeter	VER	VER		p		0	0	0																									
trompetés			trompeter	VER	VER		p		0	0	0																									
tronçonnes			tronçonner	VER	VER		s		0	0	0																									
trouât			trouer	VER	VER		s		0	0	0																									
truellés			trueller	VER	VER		p		0	0	0																									
truellé			trueller	VER	VER		s		0	0	0																									
trustés			truster	VER	VER		p		0	0	0																									
trustée			truster	VER	VER		s		0	0	0																									
trustées			truster	VER	VER		p		0	0	0																									
tréfile			tréfiler	VER	VER		s		0	0	0																									
tréfiler			tréfiler	VER	VER				0	0	0																									
tréfilé			tréfiler	VER	VER		s		0	0	0																									
tréflé			tréflé	ADJ	ADJ		s		0	0	0																									
tréflés			tréflé	ADJ	ADJ		p		0	0	0																									
tréflée			tréflé	ADJ	ADJ		s		0	0	0																									
trémulait			trémuler	VER	VER		s		0	0	0																									
trémule			trémuler	VER	VER		s		0	0	0																									
trémulent			trémuler	VER	VER		p		0	0	0																									
trémuler			trémuler	VER	VER				0	0	0																									
trémules			trémuler	VER	VER		s		0	0	0																									
trémulez			trémuler	VER	VER		p		0	0	0																									
trémulés			trémuler	VER	VER		p		0	0	0																									
trémulé			trémuler	VER	VER		s		0	0	0																									
trépanes			trépaner	VER	VER		s		0	0	0																									
trépidé			trépider	VER	VER		s		0	0	0																									
trésaillé			trésaillé	ADJ	ADJ		s		0	0	0																									
tréviré			trévirer	VER	VER		s		0	0	0																									
trôla			trôler	VER	VER		s		0	0	0																									
trôlais			trôler	VER	VER		s		0	0	0																									
trôlait			trôler	VER	VER		s		0	0	0																									
trôlant			trôler	VER	VER				0	0	0																									
trôlas			trôler	VER	VER		s		0	0	0																									
trôlent			trôler	VER	VER		p		0	0	0																									
trôlez			trôler	VER	VER		p		0	0	0																									
trôlés			trôler	VER	VER		p		0	0	0																									
trônas			trôner	VER	VER		s		0	0	0																									
trônés			trôner	VER	VER		p		0	0	0																									
tubât			tuber	VER	VER		s		0	0	0																									
tuberculinés			tuberculiner	VER	VER		p		0	0	0																									
tuberculiné			tuberculiner	VER	VER		s		0	0	0																									
tuberculisé			tuberculiser	VER	VER		s		0	0	0																									
tuberculé			tuberculé	ADJ	ADJ		s		0	0	0																									
tuberculés			tuberculé	ADJ	ADJ		p		0	0	0																									
tubulé			tubulé	ADJ	ADJ		s		0	0	0																									
tubulés			tubulé	ADJ	ADJ		p		0	0	0																									
tubéracé			tubéracé	ADJ	ADJ		s		0	0	0																									
tubéracés			tubéracé	ADJ	ADJ		p		0	0	0																									
tubéracée			tubéracé	ADJ	ADJ		s		0	0	0																									
tubéracées			tubéracé	ADJ	ADJ		p		0	0	0																									
tuméfie			tuméfier	VER	VER		s		0	0	0																									
tuméfies			tuméfier	VER	VER		s		0	0	0																									
tuniqués			tuniqué	ADJ	ADJ		p		0	0	0																									
turbés			turbé	NOM	NOM		p		0	0	0																									
turlutés			turluter	VER	VER		p		0	0	0																									
turluté			turluter	VER	VER		s		0	0	0																									
turriculé			turriculé	ADJ	ADJ		s		0	0	0																									
turriculés			turriculé	ADJ	ADJ		p		0	0	0																									
tympanisé			tympaniser	VER	VER		s		0	0	0																									
tâchasse			tâcher	VER	VER		s		0	0	0																									
tâchions			tâcher	VER	VER		p		0	0	0																									
tâchât			tâcher	VER	VER		s		0	0	0																									
tâtas			tâter	VER	VER		s		0	0	0																									
tâtasse			tâter	VER	VER		s		0	0	0																									
tâtions			tâter	VER	VER		p		0	0	0																									
tâtât			tâter	VER	VER		s		0	0	0																									
tâtâtes			tâter	VER	VER		p		0	0	0																									
tâteurs			tâteur	NOM	NOM		p		0	0	0																									
télègues			télègue	NOM	NOM		p		0	0	0																									
télécopiés			télécopier	VER	VER		p		0	0	0																									
téléguides			téléguider	VER	VER		s		0	0	0																									
télémétrés			télémétrer	VER	VER		p		0	0	0																									
télémétré			télémétrer	VER	VER		s		0	0	0																									
télévises			téléviser	VER	VER		s		0	0	0																									
témoignâmes			témoigner	VER	VER		p		0	0	0																									
témoignâtes			témoigner	VER	VER		p		0	0	0																									
tépidarium			tépidarium	NOM	NOM	m	s		0	0	0																									
térébenthiné			térébenthiné	ADJ	ADJ		s		0	0	0																									
térébenthinés			térébenthiné	ADJ	ADJ		p		0	0	0																									
térébra			térébrer	VER	VER		s		0	0	0																									
térébrés			térébrer	VER	VER		p		0	0	0																									
tétanises			tétaniser	VER	VER		s		0	0	0																									
téterai			téter	VER	VER		s		0	0	0																									
tétât			téter	VER	VER		s		0	0	0																									
tôlés			tôlé	ADJ	ADJ		p		0	0	0																									
tôlées			tôlé	ADJ	ADJ		p		0	0	0																									
ulcéra			ulcérer	VER	VER		s		0	0	0																									
ulcérez			ulcérer	VER	VER		p		0	0	0																									
unîmes			unir	VER	VER		p		0	0	0																									
urgeât			urger	VER	VER		s		0	0	0																									
urgeâtes			urger	VER	VER		p		0	0	0																									
urémies			urémie	NOM	NOM		p		0	0	0																									
urétrites			urétrite	NOM	NOM		p		0	0	0																									
usât			user	VER	VER		s		0	0	0																									
usâtes			user	VER	VER		p		0	0	0																									
usèrent			user	VER	VER		p		0	0	0																									
utilisât			utiliser	VER	VER		s		0	0	0																									
vacillât			vaciller	VER	VER		s		0	0	0																									
vagît			vagir	VER	VER		s		0	0	0																									
vaguèrent			vaguer	VER	VER		p		0	0	0																									
vainquît			vaincre	VER	VER		s		0	0	0																									
valète			valeter	VER	VER		s		0	0	0																									
valètes			valeter	VER	VER		s		0	0	0																									
valûmes			valoir	VER	VER		p		0	0	0																									
valsât			valser	VER	VER		s		0	0	0																									
valvés			valvé	ADJ	ADJ		p		0	0	0																									
varappé			varapper	VER	VER		s		0	0	0																									
variâtes			varier	VER	VER		p		0	0	0																									
variolés			variolé	ADJ	ADJ		p		0	0	0																									
vaselinés			vaseliner	VER	VER		p		0	0	0																									
vaseliné			vaseliner	VER	VER		s		0	0	0																									
vasouillés			vasouiller	VER	VER		p		0	0	0																									
veinât			veiner	VER	VER		s		0	0	0																									
veltés			velter	VER	VER		p		0	0	0																									
velté			velter	VER	VER		s		0	0	0																									
vendît			vendre	VER	VER		s		0	0	0																									
venât			vener	VER	VER		s		0	0	0																									
venâtes			vener	VER	VER		p		0	0	0																									
venèrent			vener	VER	VER		p		0	0	0																									
vènerai			vener	VER	VER		s		0	0	0																									
vèneraient			vener	VER	VER		p		0	0	0																									
vènerais			vener	VER	VER		s		0	0	0																									
vèneras			vener	VER	VER		s		0	0	0																									
vènerez			vener	VER	VER		p		0	0	0																									
vèneriez			vener	VER	VER		p		0	0	0																									
vènerions			vener	VER	VER		p		0	0	0																									
vènerons			vener	VER	VER		p		0	0	0																									
ventousés			ventouser	VER	VER		p		0	0	0																									
ventousé			ventouser	VER	VER		s		0	0	0																									
ventriloqués			ventriloquer	VER	VER		p		0	0	0																									
ventriloqué			ventriloquer	VER	VER		s		0	0	0																									
verbiagés			verbiager	VER	VER		p		0	0	0																									
verbiagé			verbiager	VER	VER		s		0	0	0																									
verdît			verdir	VER	VER		s		0	0	0																									
verdîtes			verdir	VER	VER		p		0	0	0																									
vergés			vergé	ADJ	ADJ		p		0	0	0																									
vermicellé			vermicellé	ADJ	ADJ		s		0	0	0																									
vermicellés			vermicellé	ADJ	ADJ		p		0	0	0																									
vermillé			vermiller	VER	VER		s		0	0	0																									
vernît			vernir	VER	VER		s		0	0	0																									
vernîtes			vernir	VER	VER		p		0	0	0																									
vernissé			vernisser	VER	VER		s		0	0	0																									
versât			verser	VER	VER		s		0	0	0																									
versifiés			versifier	VER	VER		p		0	0	0																									
versifié			versifier	VER	VER		s		0	0	0																									
versifiée			versifier	VER	VER		s		0	0	0																									
verticillé			verticillé	ADJ	ADJ		s		0	0	0																									
vertébrées			vertébrée	NOM	NOM		p		0	0	0																									
vessés			vesser	VER	VER		p		0	0	0																									
vexâmes			vexer	VER	VER		p		0	0	0																									
vexât			vexer	VER	VER		s		0	0	0																									
vexâtes			vexer	VER	VER		p		0	0	0																									
viciâmes			vicier	VER	VER		p		0	0	0																									
vicomté			vicomté	NOM	NOM	f	s		0	0	0																									
vicomtés			vicomté	NOM	NOM		p		0	0	0																									
vieillît			vieillir	VER	VER		s		0	0	0																									
viellés			vieller	VER	VER		p		0	0	0																									
villégiaturés			villégiaturer	VER	VER		p		0	0	0																									
villégiaturé			villégiaturer	VER	VER		s		0	0	0																									
vinât			viner	VER	VER		s		0	0	0																									
vingtuplé			vingtupler	VER	VER		s		0	0	0																									
violât			violer	VER	VER		s		0	0	0																									
violâtes			violer	VER	VER		p		0	0	0																									
virâmes			virer	VER	VER		p		0	0	0																									
virât			virer	VER	VER		s		0	0	0																									
virâtes			virer	VER	VER		p		0	0	0																									
visâmes			viser	VER	VER		p		0	0	0																									
visât			viser	VER	VER		s		0	0	0																									
visâtes			viser	VER	VER		p		0	0	0																									
vissât			visser	VER	VER		s		0	0	0																									
vitriolé			vitrioler	VER	VER		s		0	0	0																									
vitupères			vitupérer	VER	VER		s		0	0	0																									
vécût			vivre	VER	VER		s		0	0	0																									
vécûtes			vivre	VER	VER		p		0	0	0																									
vocalisés			vocaliser	VER	VER		p		0	0	0																									
voilâtes			voiler	VER	VER		p		0	0	0																									
voilât			voiler	VER	VER		s		0	0	0																									
voisés			voisé	ADJ	ADJ		p		0	0	0																									
volapük			volapük	NOM	NOM	m	s		0	0	0																									
volât			voler	VER	VER		s		0	0	0																									
volâtes			voler	VER	VER		p		0	0	0																									
voletâtes			voleter	VER	VER		p		0	0	0																									
volètes			voleter	VER	VER		s		0	0	0																									
voltât			volter	VER	VER		s		0	0	0																									
voltâtes			volter	VER	VER		p		0	0	0																									
volutés			voluter	VER	VER		p		0	0	0																									
vouât			vouer	VER	VER		s		0	0	0																									
voyageât			voyager	VER	VER		s		0	0	0																									
voûtaient			voûter	VER	VER		p		0	0	0																									
voûtais			voûter	VER	VER		s		0	0	0																									
voûtiez			voûter	VER	VER		p		0	0	0																									
voûtions			voûter	VER	VER		p		0	0	0																									
voûtons			voûter	VER	VER		p		0	0	0																									
vrombît			vrombir	VER	VER		s		0	0	0																									
végéterait			végéter	VER	VER		s		0	0	0																									
vélies			vélie	NOM	NOM		p		0	0	0																									
vélique			vélique	ADJ	ADJ		s		0	0	0																									
véliques			vélique	ADJ	ADJ		p		0	0	0																									
vélites			vélite	NOM	NOM		p		0	0	0																									
vénustés			vénusté	NOM	NOM		p		0	0	0																									
vérine			vérine	NOM	NOM	f	s		0	0	0																									
vérines			vérine	NOM	NOM		p		0	0	0																									
vériste			vériste	NOM	NOM		s		0	0	0																									
véristes			vériste	NOM	NOM		p		0	0	0																									
vétillent			vétiller	VER	VER		p		0	0	0																									
vétiller			vétiller	VER	VER				0	0	0																									
vétillera			vétiller	VER	VER		s		0	0	0																									
vétillerai			vétiller	VER	VER		s		0	0	0																									
vétillez			vétiller	VER	VER		p		0	0	0																									
vétillés			vétiller	VER	VER		p		0	0	0																									
vétillé			vétiller	VER	VER		s		0	0	0																									
vétillée			vétiller	VER	VER		s		0	0	0																									
vétilleuse			vétilleux	ADJ	ADJ		s		0	0	0																									
vétustés			vétusté	NOM	NOM		p		0	0	0																									
vêla			vêler	VER	VER		s		0	0	0																									
vêlai			vêler	VER	VER		s		0	0	0																									
vêlaient			vêler	VER	VER		p		0	0	0																									
vêlais			vêler	VER	VER		s		0	0	0																									
vêlant			vêler	VER	VER				0	0	0																									
vêlas			vêler	VER	VER		s		0	0	0																									
vêlasse			vêler	VER	VER		s		0	0	0																									
vêlera			vêler	VER	VER		s		0	0	0																									
vêliez			vêler	VER	VER		p		0	0	0																									
vêlions			vêler	VER	VER		p		0	0	0																									
vêlât			vêler	VER	VER		s		0	0	0																									
vêlons			vêler	VER	VER		p		0	0	0																									
vêtîtes			vêtir	VER	VER		p		0	0	0																									
vêtaient			vêtir	VER	VER		p		0	0	0																									
vêtions			vêtir	VER	VER		p		0	0	0																									
vêtirent			vêtir	VER	VER		p		0	0	0																									
vêtis			vêtir	VER	VER		s		0	0	0																									
vêtît			vêtir	VER	VER		s		0	0	0																									
warranté			warranter	VER	VER		s		0	0	0																									
zingués			zinguer	VER	VER		p		0	0	0																									
zingué			zinguer	VER	VER		s		0	0	0																									
zoïle			zoïle	NOM	NOM	m	s		0	0	0																									
zoïles			zoïle	NOM	NOM		p		0	0	0																									
zoïsites			zoïsite	NOM	NOM		p		0	0	0																									
zénana			zénana	NOM	NOM	m	s		0	0	0																									
zénanas			zénana	NOM	NOM		p		0	0	0																									
zézayés			zézayer	VER	VER		p		0	0	0																									
zézayé			zézayer	VER	VER		s		0	0	0																									
âcrement			âcrement	ADV	ADV				0	0	0																									
âcretés			âcreté	NOM	NOM		p		0	0	0																									
ânière			ânière	NOM	NOM	f	s		0	0	0																									
ânières			ânière	NOM	NOM		p		0	0	0																									
âniers			ânier	NOM	NOM		p		0	0	0																									
ânonnement			ânonnement	NOM	NOM	m	s		0	0	0																									
âpretés			âpreté	NOM	NOM		p		0	0	0																									
ébahît			ébahir	VER	VER		s		0	0	0																									
ébarbât			ébarber	VER	VER		s		0	0	0																									
ébauchera			ébaucher	VER	VER		s		0	0	0																									
éberlue			éberluer	VER	VER		s		0	0	0																									
éberlues			éberluer	VER	VER		s		0	0	0																									
éberné			éberner	VER	VER		s		0	0	0																									
éblouît			éblouir	VER	VER		s		0	0	0																									
ébouât			ébouer	VER	VER		s		0	0	0																									
éboués			ébouer	VER	VER		p		0	0	0																									
ébouta			ébouter	VER	VER		s		0	0	0																									
éboutés			ébouter	VER	VER		p		0	0	0																									
ébrèches			ébrécher	VER	VER		s		0	0	0																									
ébrécherai			ébrécher	VER	VER		s		0	0	0																									
éburné			éburné	ADJ	ADJ		s		0	0	0																									
éburnés			éburné	ADJ	ADJ		p		0	0	0																									
écachât			écacher	VER	VER		s		0	0	0																									
écalât			écaler	VER	VER		s		0	0	0																									
écartèles			écarteler	VER	VER		s		0	0	0																									
échancres			échancrer	VER	VER		s		0	0	0																									
échangeât			échanger	VER	VER		s		0	0	0																									
échantillonnes			échantillonner	VER	VER		s		0	0	0																									
écharnés			écharner	VER	VER		p		0	0	0																									
échellent			écheler	VER	VER		p		0	0	0																									
échèles			écheler	VER	VER		s		0	0	0																									
échelés			écheler	VER	VER		p		0	0	0																									
échelé			écheler	VER	VER		s		0	0	0																									
échelonnes			échelonner	VER	VER		s		0	0	0																									
échenillés			écheniller	VER	VER		p		0	0	0																									
échenillé			écheniller	VER	VER		s		0	0	0																									
échevèles			écheveler	VER	VER		s		0	0	0																									
échût			échoir	VER	VER		s		0	0	0																									
écimât			écimer	VER	VER		s		0	0	0																									
éclaircît			éclaircir	VER	VER		s		0	0	0																									
éclatât			éclater	VER	VER		s		0	0	0																									
éclissés			éclisser	VER	VER		p		0	0	0																									
éclissé			éclisser	VER	VER		s		0	0	0																									
éclusa			écluser	VER	VER		s		0	0	0																									
écluserez			écluser	VER	VER		p		0	0	0																									
éclusions			écluser	VER	VER		p		0	0	0																									
écobués			écobuer	VER	VER		p		0	0	0																									
écœuré			écœuré	ADJ	ADJ		s		0	0	0																									
écœurés			écœuré	ADJ	ADJ		p		0	0	0																									
éconduirez			éconduire	VER	VER		p		0	0	0																									
éconduisît			éconduire	VER	VER		s		0	0	0																									
écoquetés			écoqueter	VER	VER		p		0	0	0																									
écoqueté			écoqueter	VER	VER		s		0	0	0																									
écorça			écorcer	VER	VER		s		0	0	0																									
écorniflés			écornifler	VER	VER		p		0	0	0																									
écorniflé			écornifler	VER	VER		s		0	0	0																									
écourtât			écourter	VER	VER		s		0	0	0																									
écoutât			écouter	VER	VER		s		0	0	0																									
écrasâtes			écraser	VER	VER		p		0	0	0																									
écrivît			écrire	VER	VER		s		0	0	0																									
écroûtai			écroûter	VER	VER		s		0	0	0																									
écroûtais			écroûter	VER	VER		s		0	0	0																									
écroûtait			écroûter	VER	VER		s		0	0	0																									
écroûtant			écroûter	VER	VER				0	0	0																									
écroûtas			écroûter	VER	VER		s		0	0	0																									
écroûtent			écroûter	VER	VER		p		0	0	0																									
écroûter			écroûter	VER	VER				0	0	0																									
écroûtera			écroûter	VER	VER		s		0	0	0																									
écroûterai			écroûter	VER	VER		s		0	0	0																									
écroûterais			écroûter	VER	VER		s		0	0	0																									
écroûteras			écroûter	VER	VER		s		0	0	0																									
écroûteront			écroûter	VER	VER		p		0	0	0																									
écroûtes			écroûter	VER	VER		s		0	0	0																									
écroûtez			écroûter	VER	VER		p		0	0	0																									
écroûtiez			écroûter	VER	VER		p		0	0	0																									
écroûtât			écroûter	VER	VER		s		0	0	0																									
écroûtons			écroûter	VER	VER		p		0	0	0																									
écroûtés			écroûter	VER	VER		p		0	0	0																									
écroûté			écroûter	VER	VER		s		0	0	0																									
écroûtée			écroûter	VER	VER		s		0	0	0																									
écrêtement			écrêtement	NOM	NOM	m	s		0	0	0																									
écrêtements			écrêtement	NOM	NOM		p		0	0	0																									
écrêta			écrêter	VER	VER		s		0	0	0																									
écrêtas			écrêter	VER	VER		s		0	0	0																									
écrêter			écrêter	VER	VER				0	0	0																									
écrêtez			écrêter	VER	VER		p		0	0	0																									
écrêtions			écrêter	VER	VER		p		0	0	0																									
écrêtée			écrêter	VER	VER		s		0	0	0																									
écrêtées			écrêter	VER	VER		p		0	0	0																									
écuissés			écuisser	VER	VER		p		0	0	0																									
écuissé			écuisser	VER	VER		s		0	0	0																									
éculiez			éculer	VER	VER		p		0	0	0																									
éculions			éculer	VER	VER		p		0	0	0																									
éculât			éculer	VER	VER		s		0	0	0																									
éculons			éculer	VER	VER		p		0	0	0																									
écurés			écurer	VER	VER		p		0	0	0																									
édentes			édenter	VER	VER		s		0	0	0																									
édictes			édicter	VER	VER		s		0	0	0																									
égaille			égailler	VER	VER		s		0	0	0																									
égarât			égarer	VER	VER		s		0	0	0																									
égrappé			égrapper	VER	VER		s		0	0	0																									
égrisés			égriser	VER	VER		p		0	0	0																									
égrisé			égriser	VER	VER		s		0	0	0																									
égueulera			égueuler	VER	VER		s		0	0	0																									
égueulez			égueuler	VER	VER		p		0	0	0																									
égueulés			égueuler	VER	VER		p		0	0	0																									
égueulé			égueuler	VER	VER		s		0	0	0																									
éhoupés			éhouper	VER	VER		p		0	0	0																									
éjaculât			éjaculer	VER	VER		s		0	0	0																									
éjouît			éjouir	VER	VER		s		0	0	0																									
élançât			élancer	VER	VER		s		0	0	0																									
élargît			élargir	VER	VER		s		0	0	0																									
élatif			élatif	NOM	NOM	m	s		0	0	0																									
électrifies			électrifier	VER	VER		s		0	0	0																									
élevât			élever	VER	VER		s		0	0	0																									
élidant			élider	VER	VER				0	0	0																									
élides			élider	VER	VER		s		0	0	0																									
élidés			élider	VER	VER		p		0	0	0																									
élidé			élider	VER	VER		s		0	0	0																									
élidée			élider	VER	VER		s		0	0	0																									
élidées			élider	VER	VER		p		0	0	0																									
élimant			élimer	VER	VER				0	0	0																									
élimes			élimer	VER	VER		s		0	0	0																									
élimât			élimer	VER	VER		s		0	0	0																									
élûmes			élire	VER	VER		p		0	0	0																									
élût			élire	VER	VER		s		0	0	0																									
élûtes			élire	VER	VER		p		0	0	0																									
élochés			élocher	VER	VER		p		0	0	0																									
éloché			élocher	VER	VER		s		0	0	0																									
élongés			élonger	VER	VER		p		0	0	0																									
élèvements			élèvement	NOM	NOM		p		0	0	0																									
émacie			émacier	VER	VER		s		0	0	0																									
émacies			émacier	VER	VER		s		0	0	0																									
émaillez			émailler	VER	VER		p		0	0	0																									
émanât			émaner	VER	VER		s		0	0	0																									
émendais			émender	VER	VER		s		0	0	0																									
émendait			émender	VER	VER		s		0	0	0																									
émendent			émender	VER	VER		p		0	0	0																									
émendera			émender	VER	VER		s		0	0	0																									
émenderai			émender	VER	VER		s		0	0	0																									
émenderais			émender	VER	VER		s		0	0	0																									
émendez			émender	VER	VER		p		0	0	0																									
émendons			émender	VER	VER		p		0	0	0																									
émendés			émender	VER	VER		p		0	0	0																									
émendé			émender	VER	VER		s		0	0	0																									
émendée			émender	VER	VER		s		0	0	0																									
émettions			émettre	VER	VER		p		0	0	0																									
émisse			émettre	VER	VER		s		0	0	0																									
émisses			émettre	VER	VER		s		0	0	0																									
émîmes			émettre	VER	VER		p		0	0	0																									
émît			émettre	VER	VER		s		0	0	0																									
émîtes			émettre	VER	VER		p		0	0	0																									
émiais			émier	VER	VER		s		0	0	0																									
émiât			émier	VER	VER		s		0	0	0																									
émiée			émier	VER	VER		s		0	0	0																									
émiettons			émietter	VER	VER		p		0	0	0																									
émotionnés			émotionner	VER	VER		p		0	0	0																									
émouchés			émoucher	VER	VER		p		0	0	0																									
émouché			émoucher	VER	VER		s		0	0	0																									
émousses			émousser	VER	VER		s		0	0	0																									
émûmes			émouvoir	VER	VER		p		0	0	0																									
émût			émouvoir	VER	VER		s		0	0	0																									
émûtes			émouvoir	VER	VER		p		0	0	0																									
émulez			émuler	VER	VER		p		0	0	0																									
émulsifies			émulsifier	VER	VER		s		0	0	0																									
émulsionnes			émulsionner	VER	VER		s		0	0	0																									
émulsionné			émulsionner	VER	VER		s		0	0	0																									
émèchent			émécher	VER	VER		p		0	0	0																									
éméchait			émécher	VER	VER		s		0	0	0																									
émécher			émécher	VER	VER				0	0	0																									
éméchera			émécher	VER	VER		s		0	0	0																									
émécherai			émécher	VER	VER		s		0	0	0																									
émécherais			émécher	VER	VER		s		0	0	0																									
émécherait			émécher	VER	VER		s		0	0	0																									
émécheras			émécher	VER	VER		s		0	0	0																									
éméchez			émécher	VER	VER		p		0	0	0																									
éméchiez			émécher	VER	VER		p		0	0	0																									
éméchât			émécher	VER	VER		s		0	0	0																									
éméchâtes			émécher	VER	VER		p		0	0	0																									
énamoure			énamourer	VER	VER		s		0	0	0																									
énamoures			énamourer	VER	VER		s		0	0	0																									
énervations			énervation	NOM	NOM		p		0	0	0																									
énervât			énerver	VER	VER		s		0	0	0																									
énuclées			énucléer	VER	VER		s		0	0	0																									
épactes			épacte	NOM	NOM		p		0	0	0																									
épaillés			épailler	VER	VER		p		0	0	0																									
épaillé			épailler	VER	VER		s		0	0	0																									
épaissît			épaissir	VER	VER		s		0	0	0																									
épanouît			épanouir	VER	VER		s		0	0	0																									
épatât			épater	VER	VER		s		0	0	0																									
épatâtes			épater	VER	VER		p		0	0	0																									
épelât			épeler	VER	VER		s		0	0	0																									
épèlera			épeler	VER	VER		s		0	0	0																									
éperdions			éperdre	VER	VER		p		0	0	0																									
éperdît			éperdre	VER	VER		s		0	0	0																									
épeuriez			épeurer	VER	VER		p		0	0	0																									
épeurions			épeurer	VER	VER		p		0	0	0																									
épeurons			épeurer	VER	VER		p		0	0	0																									
épeurés			épeurer	VER	VER		p		0	0	0																									
épeurée			épeurer	VER	VER		s		0	0	0																									
épiça			épicer	VER	VER		s		0	0	0																									
épiças			épicer	VER	VER		s		0	0	0																									
épierions			épier	VER	VER		p		0	0	0																									
épiât			épier	VER	VER		s		0	0	0																									
épiâtes			épier	VER	VER		p		0	0	0																									
épièrent			épier	VER	VER		p		0	0	0																									
épierrés			épierrer	VER	VER		p		0	0	0																									
épierré			épierrer	VER	VER		s		0	0	0																									
épiliez			épiler	VER	VER		p		0	0	0																									
épincés			épincer	VER	VER		p		0	0	0																									
épinerez			épiner	VER	VER		p		0	0	0																									
épinons			épiner	VER	VER		p		0	0	0																									
épiniers			épinier	NOM	NOM		p		0	0	0																									
éployées			éployer	VER	VER		p		0	0	0																									
épouffes			épouffer	VER	VER		s		0	0	0																									
époussètes			épousseter	VER	VER		s		0	0	0																									
épreindra			épreindre	VER	VER		s		0	0	0																									
épreindrai			épreindre	VER	VER		s		0	0	0																									
épreindre			épreindre	VER	VER				0	0	0																									
épreindrons			épreindre	VER	VER		p		0	0	0																									
épreintes			épreindre	VER	VER		p		0	0	0																									
éprouvât			éprouver	VER	VER		s		0	0	0																									
épucés			épucer	VER	VER		p		0	0	0																									
épuisât			épuiser	VER	VER		s		0	0	0																									
épurent			épurer	VER	VER		p		0	0	0																									
équerrés			équerrer	VER	VER		p		0	0	0																									
équerré			équerrer	VER	VER		s		0	0	0																									
équeutait			équeuter	VER	VER		s		0	0	0																									
équeutent			équeuter	VER	VER		p		0	0	0																									
équeutez			équeuter	VER	VER		p		0	0	0																									
équeutons			équeuter	VER	VER		p		0	0	0																									
équeutés			équeuter	VER	VER		p		0	0	0																									
équeuté			équeuter	VER	VER		s		0	0	0																									
équipèrent			équiper	VER	VER		p		0	0	0																									
équivalût			équivaloir	VER	VER		s		0	0	0																									
équivoqués			équivoquer	VER	VER		p		0	0	0																									
équivoqué			équivoquer	VER	VER		s		0	0	0																									
érodais			éroder	VER	VER		s		0	0	0																									
érodiez			éroder	VER	VER		p		0	0	0																									
érodons			éroder	VER	VER		p		0	0	0																									
érotises			érotiser	VER	VER		s		0	0	0																									
ésopique			ésopique	ADJ	ADJ		s		0	0	0																									
étagera			étager	VER	VER		s		0	0	0																									
étageras			étager	VER	VER		s		0	0	0																									
étagerez			étager	VER	VER		p		0	0	0																									
étalonne			étalonner	VER	VER		s		0	0	0																									
étalonnes			étalonner	VER	VER		s		0	0	0																									
étamera			étamer	VER	VER		s		0	0	0																									
étamez			étamer	VER	VER		p		0	0	0																									
étançonne			étançonner	VER	VER		s		0	0	0																									
étançonnes			étançonner	VER	VER		s		0	0	0																									
éteignît			éteindre	VER	VER		s		0	0	0																									
étendît			étendre	VER	VER		s		0	0	0																									
éthérises			éthériser	VER	VER		s		0	0	0																									
étiolé			étioler	VER	VER		s		0	0	0																									
étiquetât			étiqueter	VER	VER		s		0	0	0																									
étiquetâtes			étiqueter	VER	VER		p		0	0	0																									
étiquètes			étiqueter	VER	VER		s		0	0	0																									
étonnâtes			étonner	VER	VER		p		0	0	0																									
étouffât			étouffer	VER	VER		s		0	0	0																									
étoupés			étouper	VER	VER		p		0	0	0																									
étoupé			étouper	VER	VER		s		0	0	0																									
étourdît			étourdir	VER	VER		s		0	0	0																									
étrapés			étraper	VER	VER		p		0	0	0																									
étreignît			étreindre	VER	VER		s		0	0	0																									
étripaillé			étripailler	VER	VER		s		0	0	0																									
étriques			étriquer	VER	VER		s		0	0	0																									
étudiât			étudier	VER	VER		s		0	0	0																									
étudiâtes			étudier	VER	VER		p		0	0	0																									
étuvent			étuver	VER	VER		p		0	0	0																									
étêtaient			étêter	VER	VER		p		0	0	0																									
étêtais			étêter	VER	VER		s		0	0	0																									
étêtait			étêter	VER	VER		s		0	0	0																									
étêtant			étêter	VER	VER				0	0	0																									
étêtent			étêter	VER	VER		p		0	0	0																									
étêtera			étêter	VER	VER		s		0	0	0																									
étêterai			étêter	VER	VER		s		0	0	0																									
étêterais			étêter	VER	VER		s		0	0	0																									
étêtez			étêter	VER	VER		p		0	0	0																									
étêtiez			étêter	VER	VER		p		0	0	0																									
étêtons			étêter	VER	VER		p		0	0	0																									
évangélises			évangéliser	VER	VER		s		0	0	0																									
éventa			éventer	VER	VER		s		0	0	0																									
éventiez			éventer	VER	VER		p		0	0	0																									
éventons			éventer	VER	VER		p		0	0	0																									
évidèrent			évider	VER	VER		p		0	0	0																									
évitât			éviter	VER	VER		s		0	0	0																									
îlettes			îlette	NOM	NOM		p		0	0	0																									
ôtas			ôter	VER	VER		s		0	0	0																									
ôtasse			ôter	VER	VER		s		0	0	0																									
ôtasses			ôter	VER	VER		s		0	0	0																									
ôtâmes			ôter	VER	VER		p		0	0	0																									
ôtât			ôter	VER	VER		s		0	0	0																									
ôtâtes			ôter	VER	VER		p		0	0	0																									
étrières			étrier	ADJ	ADJ		p		0	0	0																									
