abcédée			abcédé	VER	VER	f	s		0.05	0.05	0.05																									
abcédées			abcédé	VER	VER	f	p		0.05	0.05	0.05																									
abdiquée			abdiqué	VER	VER	f	s		0.05	0.05	0.05																									
abdiquées			abdiqué	VER	VER	f	p		0.05	0.05	0.05																									
aberrée			aberré	VER	VER	f	s		0.05	0.05	0.05																									
aberrées			aberré	VER	VER	f	p		0.05	0.05	0.05																									
aberrés			aberré	VER	VER	m	p		0.05	0.05	0.05																									
abondée			abondé	VER	VER	f	s		0.05	0.05	0.05																									
abondées			abondé	VER	VER	f	p		0.05	0.05	0.05																									
abondés			abondé	VER	VER	m	p		0.05	0.05	0.05																									
abouchée			abouché	VER	VER	f	s		0.05	0.05	0.05																									
abouchées			abouché	VER	VER	f	p		0.05	0.05	0.05																									
abouchés			abouché	VER	VER	m	p		0.05	0.05	0.05																									
aboyée			aboyé	VER	VER	f	s		0.05	0.05	0.05																									
aboyées			aboyé	VER	VER	f	p		0.05	0.05	0.05																									
abrasées			abrasé	VER	VER	f	p		0.05	0.05	0.05																									
abrasés			abrasé	VER	VER	m	p		0.05	0.05	0.05																									
abreuvées			abreuvé	VER	VER	f	p		0.05	0.05	0.05																									
accotées			accoté	VER	VER	f	p		0.05	0.05	0.05																									
accoudées			accoudé	VER	VER	f	p		0.05	0.05	0.05																									
accédées			accédé	VER	VER	f	p		0.05	0.05	0.05																									
achalées			achalé	VER	VER	f	p		0.05	0.05	0.05																									
acquiescée			acquiescé	VER	VER	f	s		0.05	0.05	0.05																									
acquiescées			acquiescé	VER	VER	f	p		0.05	0.05	0.05																									
acquiescés			acquiescé	VER	VER	m	p		0.05	0.05	0.05																									
actées			acté	VER	VER	f	p		0.05	0.05	0.05																									
actés			acté	VER	VER	m	p		0.05	0.05	0.05																									
adhérées			adhéré	VER	VER	f	p		0.05	0.05	0.05																									
adhérés			adhéré	VER	VER	m	p		0.05	0.05	0.05																									
adjugées			adjugé	VER	VER	f	p		0.05	0.05	0.05																									
adjurée			adjuré	VER	VER	f	s		0.05	0.05	0.05																									
adjurées			adjuré	VER	VER	f	p		0.05	0.05	0.05																									
admonestées			admonesté	VER	VER	f	p		0.05	0.05	0.05																									
admonestés			admonesté	VER	VER	m	p		0.05	0.05	0.05																									
adonisée			adonisé	VER	VER	f	s		0.05	0.05	0.05																									
adonisées			adonisé	VER	VER	f	p		0.05	0.05	0.05																									
adonisés			adonisé	VER	VER	m	p		0.05	0.05	0.05																									
adonnées			adonné	VER	VER	f	p		0.05	0.05	0.05																									
adoubée			adoubé	VER	VER	f	s		0.05	0.05	0.05																									
adoubées			adoubé	VER	VER	f	p		0.05	0.05	0.05																									
adultérée			adultéré	VER	VER	f	s		0.05	0.05	0.05																									
adultérées			adultéré	VER	VER	f	p		0.05	0.05	0.05																									
adultérés			adultéré	VER	VER	m	p		0.05	0.05	0.05																									
affabulée			affabulé	VER	VER	f	s		0.05	0.05	0.05																									
affabulées			affabulé	VER	VER	f	p		0.05	0.05	0.05																									
affabulés			affabulé	VER	VER	m	p		0.05	0.05	0.05																									
affectionnées			affectionné	VER	VER	f	p		0.05	0.05	0.05																									
affluée			afflué	VER	VER	f	s		0.05	0.05	0.05																									
affluées			afflué	VER	VER	f	p		0.05	0.05	0.05																									
affrétées			affrété	VER	VER	f	p		0.05	0.05	0.05																									
agonisée			agonisé	VER	VER	f	s		0.05	0.05	0.05																									
agonisées			agonisé	VER	VER	f	p		0.05	0.05	0.05																									
agonisés			agonisé	VER	VER	m	p		0.05	0.05	0.05																									
aguichée			aguiché	VER	VER	f	s		0.05	0.05	0.05																									
aguichées			aguiché	VER	VER	f	p		0.05	0.05	0.05																									
aiguillonnées			aiguillonné	VER	VER	f	p		0.05	0.05	0.05																									
aillées			aillé	VER	VER	f	p		0.05	0.05	0.05																									
alléchées			alléché	VER	VER	f	p		0.05	0.05	0.05																									
alpaguées			alpagué	VER	VER	f	p		0.05	0.05	0.05																									
alphabétisée			alphabétisé	VER	VER	f	s		0.05	0.05	0.05																									
alphabétisées			alphabétisé	VER	VER	f	p		0.05	0.05	0.05																									
aluminée			aluminé	VER	VER	f	s		0.05	0.05	0.05																									
aluminées			aluminé	VER	VER	f	p		0.05	0.05	0.05																									
aluminés			aluminé	VER	VER	m	p		0.05	0.05	0.05																									
alésée			alésé	VER	VER	f	s		0.05	0.05	0.05																									
alésées			alésé	VER	VER	f	p		0.05	0.05	0.05																									
ambitionnée			ambitionné	VER	VER	f	s		0.05	0.05	0.05																									
ambitionnées			ambitionné	VER	VER	f	p		0.05	0.05	0.05																									
ambitionnés			ambitionné	VER	VER	m	p		0.05	0.05	0.05																									
amenuisées			amenuisé	VER	VER	f	p		0.05	0.05	0.05																									
amenuisés			amenuisé	VER	VER	m	p		0.05	0.05	0.05																									
ameutée			ameuté	VER	VER	f	s		0.05	0.05	0.05																									
ammoniaquées			ammoniaqué	VER	VER	f	p		0.05	0.05	0.05																									
ammoniaqués			ammoniaqué	VER	VER	m	p		0.05	0.05	0.05																									
amoncelée			amoncelé	VER	VER	f	s		0.05	0.05	0.05																									
amourachés			amouraché	VER	VER	m	p		0.05	0.05	0.05																									
amurée			amuré	VER	VER	f	s		0.05	0.05	0.05																									
amurées			amuré	VER	VER	f	p		0.05	0.05	0.05																									
amurés			amuré	VER	VER	m	p		0.05	0.05	0.05																									
américanisées			américanisé	VER	VER	f	p		0.05	0.05	0.05																									
anastomosée			anastomosé	VER	VER	f	s		0.05	0.05	0.05																									
anastomosées			anastomosé	VER	VER	f	p		0.05	0.05	0.05																									
anastomosés			anastomosé	VER	VER	m	p		0.05	0.05	0.05																									
anglicisée			anglicisé	VER	VER	f	s		0.05	0.05	0.05																									
anglicisées			anglicisé	VER	VER	f	p		0.05	0.05	0.05																									
anglicisés			anglicisé	VER	VER	m	p		0.05	0.05	0.05																									
anonymisée			anonymisé	VER	VER	f	s		0.05	0.05	0.05																									
anonymisés			anonymisé	VER	VER	m	p		0.05	0.05	0.05																									
apostasiée			apostasié	VER	VER	f	s		0.05	0.05	0.05																									
apostasiées			apostasié	VER	VER	f	p		0.05	0.05	0.05																									
apostasiés			apostasié	VER	VER	m	p		0.05	0.05	0.05																									
apostrophées			apostrophé	VER	VER	f	p		0.05	0.05	0.05																									
apostrophés			apostrophé	VER	VER	m	p		0.05	0.05	0.05																									
appairée			appairé	VER	VER	f	s		0.05	0.05	0.05																									
appairées			appairé	VER	VER	f	p		0.05	0.05	0.05																									
appareillées			appareillé	VER	VER	f	p		0.05	0.05	0.05																									
appontée			apponté	VER	VER	f	s		0.05	0.05	0.05																									
appontées			apponté	VER	VER	f	p		0.05	0.05	0.05																									
architecturée			architecturé	VER	VER	f	s		0.05	0.05	0.05																									
architecturées			architecturé	VER	VER	f	p		0.05	0.05	0.05																									
architecturés			architecturé	VER	VER	m	p		0.05	0.05	0.05																									
argumentés			argumenté	VER	VER	m	p		0.05	0.05	0.05																									
arguée			argué	VER	VER	f	s		0.05	0.05	0.05																									
arguées			argué	VER	VER	f	p		0.05	0.05	0.05																									
argués			argué	VER	VER	m	p		0.05	0.05	0.05																									
arpentée			arpenté	VER	VER	f	s		0.05	0.05	0.05																									
arpégée			arpégé	VER	VER	f	s		0.05	0.05	0.05																									
arpégées			arpégé	VER	VER	f	p		0.05	0.05	0.05																									
arpégés			arpégé	VER	VER	m	p		0.05	0.05	0.05																									
arraisonnées			arraisonné	VER	VER	f	p		0.05	0.05	0.05																									
arrogées			arrogé	VER	VER	f	p		0.05	0.05	0.05																									
arrogés			arrogé	VER	VER	m	p		0.05	0.05	0.05																									
asphaltés			asphalté	VER	VER	m	p		0.05	0.05	0.05																									
assenée			assené	VER	VER	f	s		0.05	0.05	0.05																									
asticotées			asticoté	VER	VER	f	p		0.05	0.05	0.05																									
asticotés			asticoté	VER	VER	m	p		0.05	0.05	0.05																									
atermoyée			atermoyé	VER	VER	f	s		0.05	0.05	0.05																									
atermoyées			atermoyé	VER	VER	f	p		0.05	0.05	0.05																									
atermoyés			atermoyé	VER	VER	m	p		0.05	0.05	0.05																									
attentées			attenté	VER	VER	f	p		0.05	0.05	0.05																									
attentés			attenté	VER	VER	m	p		0.05	0.05	0.05																									
attristées			attristé	VER	VER	f	p		0.05	0.05	0.05																									
attroupées			attroupé	VER	VER	f	p		0.05	0.05	0.05																									
auscultées			ausculté	VER	VER	f	p		0.05	0.05	0.05																									
autocorrigée			autocorrigé	VER	VER	f	s		0.05	0.05	0.05																									
autocorrigées			autocorrigé	VER	VER	f	p		0.05	0.05	0.05																									
autocorrigés			autocorrigé	VER	VER	m	p		0.05	0.05	0.05																									
autofinancées			autofinancé	VER	VER	f	p		0.05	0.05	0.05																									
avivée			avivé	VER	VER	f	s		0.05	0.05	0.05																									
avivés			avivé	VER	VER	m	p		0.05	0.05	0.05																									
azimutée			azimuté	VER	VER	f	s		0.05	0.05	0.05																									
babillées			babillé	VER	VER	f	p		0.05	0.05	0.05																									
babillés			babillé	VER	VER	m	p		0.05	0.05	0.05																									
bachotée			bachoté	VER	VER	f	s		0.05	0.05	0.05																									
bachotées			bachoté	VER	VER	f	p		0.05	0.05	0.05																									
bachotés			bachoté	VER	VER	m	p		0.05	0.05	0.05																									
badgée			badgé	VER	VER	f	s		0.05	0.05	0.05																									
badgées			badgé	VER	VER	f	p		0.05	0.05	0.05																									
badinée			badiné	VER	VER	f	s		0.05	0.05	0.05																									
badinées			badiné	VER	VER	f	p		0.05	0.05	0.05																									
badinés			badiné	VER	VER	m	p		0.05	0.05	0.05																									
baffées			baffé	VER	VER	f	p		0.05	0.05	0.05																									
baffés			baffé	VER	VER	m	p		0.05	0.05	0.05																									
bafouillée			bafouillé	VER	VER	f	s		0.05	0.05	0.05																									
bafouillées			bafouillé	VER	VER	f	p		0.05	0.05	0.05																									
bafouillés			bafouillé	VER	VER	m	p		0.05	0.05	0.05																									
baguenaudée			baguenaudé	VER	VER	f	s		0.05	0.05	0.05																									
baguenaudées			baguenaudé	VER	VER	f	p		0.05	0.05	0.05																									
baguenaudés			baguenaudé	VER	VER	m	p		0.05	0.05	0.05																									
baillée			baillé	VER	VER	f	s		0.05	0.05	0.05																									
baillées			baillé	VER	VER	f	p		0.05	0.05	0.05																									
baillés			baillé	VER	VER	m	p		0.05	0.05	0.05																									
balbutiée			balbutié	VER	VER	f	s		0.05	0.05	0.05																									
balbutiées			balbutié	VER	VER	f	p		0.05	0.05	0.05																									
balbutiés			balbutié	VER	VER	m	p		0.05	0.05	0.05																									
ballée			ballé	VER	VER	f	s		0.05	0.05	0.05																									
ballées			ballé	VER	VER	f	p		0.05	0.05	0.05																									
ballés			ballé	VER	VER	m	p		0.05	0.05	0.05																									
balotée			baloté	VER	VER	f	s		0.05	0.05	0.05																									
balotées			baloté	VER	VER	f	p		0.05	0.05	0.05																									
balotés			baloté	VER	VER	m	p		0.05	0.05	0.05																									
bambochée			bamboché	VER	VER	f	s		0.05	0.05	0.05																									
bambochées			bamboché	VER	VER	f	p		0.05	0.05	0.05																									
bambochés			bamboché	VER	VER	m	p		0.05	0.05	0.05																									
banquetée			banqueté	VER	VER	f	s		0.05	0.05	0.05																									
banquetées			banqueté	VER	VER	f	p		0.05	0.05	0.05																									
banquetés			banqueté	VER	VER	m	p		0.05	0.05	0.05																									
banquée			banqué	VER	VER	f	s		0.05	0.05	0.05																									
banquées			banqué	VER	VER	f	p		0.05	0.05	0.05																									
banqués			banqué	VER	VER	m	p		0.05	0.05	0.05																									
baragouinée			baragouiné	VER	VER	f	s		0.05	0.05	0.05																									
baragouinées			baragouiné	VER	VER	f	p		0.05	0.05	0.05																									
baragouinés			baragouiné	VER	VER	m	p		0.05	0.05	0.05																									
barattée			baratté	VER	VER	f	s		0.05	0.05	0.05																									
barattées			baratté	VER	VER	f	p		0.05	0.05	0.05																									
barattés			baratté	VER	VER	m	p		0.05	0.05	0.05																									
barbotées			barboté	VER	VER	f	p		0.05	0.05	0.05																									
barbées			barbé	VER	VER	f	p		0.05	0.05	0.05																									
baroudée			baroudé	VER	VER	f	s		0.05	0.05	0.05																									
baroudées			baroudé	VER	VER	f	p		0.05	0.05	0.05																									
baroudés			baroudé	VER	VER	m	p		0.05	0.05	0.05																									
bassinées			bassiné	VER	VER	f	p		0.05	0.05	0.05																									
bastonnées			bastonné	VER	VER	f	p		0.05	0.05	0.05																									
bataillée			bataillé	VER	VER	f	s		0.05	0.05	0.05																									
bataillées			bataillé	VER	VER	f	p		0.05	0.05	0.05																									
bataillés			bataillé	VER	VER	m	p		0.05	0.05	0.05																									
batifolée			batifolé	VER	VER	f	s		0.05	0.05	0.05																									
batifolées			batifolé	VER	VER	f	p		0.05	0.05	0.05																									
batifolés			batifolé	VER	VER	m	p		0.05	0.05	0.05																									
battés			batté	VER	VER	m	p		0.05	0.05	0.05																									
baugée			baugé	VER	VER	f	s		0.05	0.05	0.05																									
baugées			baugé	VER	VER	f	p		0.05	0.05	0.05																									
baugés			baugé	VER	VER	m	p		0.05	0.05	0.05																									
bavardée			bavardé	VER	VER	f	s		0.05	0.05	0.05																									
bavardées			bavardé	VER	VER	f	p		0.05	0.05	0.05																									
bavardés			bavardé	VER	VER	m	p		0.05	0.05	0.05																									
bavassée			bavassé	VER	VER	f	s		0.05	0.05	0.05																									
bavassées			bavassé	VER	VER	f	p		0.05	0.05	0.05																									
bavassés			bavassé	VER	VER	m	p		0.05	0.05	0.05																									
bavés			bavé	VER	VER	m	p		0.05	0.05	0.05																									
bectés			becté	VER	VER	m	p		0.05	0.05	0.05																									
besognées			besogné	VER	VER	f	p		0.05	0.05	0.05																									
besognés			besogné	VER	VER	m	p		0.05	0.05	0.05																									
bestialisée			bestialisé	VER	VER	f	s		0.05	0.05	0.05																									
bestialisées			bestialisé	VER	VER	f	p		0.05	0.05	0.05																									
bestialisés			bestialisé	VER	VER	m	p		0.05	0.05	0.05																									
beuglée			beuglé	VER	VER	f	s		0.05	0.05	0.05																									
beuglées			beuglé	VER	VER	f	p		0.05	0.05	0.05																									
beuglés			beuglé	VER	VER	m	p		0.05	0.05	0.05																									
biberonnées			biberonné	VER	VER	f	p		0.05	0.05	0.05																									
biffées			biffé	VER	VER	f	p		0.05	0.05	0.05																									
biffés			biffé	VER	VER	m	p		0.05	0.05	0.05																									
bifurquées			bifurqué	VER	VER	f	p		0.05	0.05	0.05																									
bifurqués			bifurqué	VER	VER	m	p		0.05	0.05	0.05																									
biglée			biglé	VER	VER	f	s		0.05	0.05	0.05																									
biglées			biglé	VER	VER	f	p		0.05	0.05	0.05																									
biglés			biglé	VER	VER	m	p		0.05	0.05	0.05																									
biscuitée			biscuité	VER	VER	f	s		0.05	0.05	0.05																									
biscuitées			biscuité	VER	VER	f	p		0.05	0.05	0.05																									
biscuités			biscuité	VER	VER	m	p		0.05	0.05	0.05																									
bisquée			bisqué	VER	VER	f	s		0.05	0.05	0.05																									
bisquées			bisqué	VER	VER	f	p		0.05	0.05	0.05																									
bisqués			bisqué	VER	VER	m	p		0.05	0.05	0.05																									
bissées			bissé	VER	VER	f	p		0.05	0.05	0.05																									
bissés			bissé	VER	VER	m	p		0.05	0.05	0.05																									
bisée			bisé	VER	VER	f	s		0.05	0.05	0.05																									
bisés			bisé	VER	VER	m	p		0.05	0.05	0.05																									
bitumés			bitumé	VER	VER	m	p		0.05	0.05	0.05																									
bivouaquée			bivouaqué	VER	VER	f	s		0.05	0.05	0.05																									
bivouaquées			bivouaqué	VER	VER	f	p		0.05	0.05	0.05																									
bivouaqués			bivouaqué	VER	VER	m	p		0.05	0.05	0.05																									
blablatée			blablaté	VER	VER	f	s		0.05	0.05	0.05																									
blablatées			blablaté	VER	VER	f	p		0.05	0.05	0.05																									
blablatés			blablaté	VER	VER	m	p		0.05	0.05	0.05																									
blackboulées			blackboulé	VER	VER	f	p		0.05	0.05	0.05																									
blaguée			blagué	VER	VER	f	s		0.05	0.05	0.05																									
blaguées			blagué	VER	VER	f	p		0.05	0.05	0.05																									
blairée			blairé	VER	VER	f	s		0.05	0.05	0.05																									
blairées			blairé	VER	VER	f	p		0.05	0.05	0.05																									
blairés			blairé	VER	VER	m	p		0.05	0.05	0.05																									
blasonnée			blasonné	VER	VER	f	s		0.05	0.05	0.05																									
blasonnées			blasonné	VER	VER	f	p		0.05	0.05	0.05																									
blasphémée			blasphémé	VER	VER	f	s		0.05	0.05	0.05																									
blasphémées			blasphémé	VER	VER	f	p		0.05	0.05	0.05																									
bloguée			blogué	VER	VER	f	s		0.05	0.05	0.05																									
bloguées			blogué	VER	VER	f	p		0.05	0.05	0.05																									
blogués			blogué	VER	VER	m	p		0.05	0.05	0.05																									
bluffées			bluffé	VER	VER	f	p		0.05	0.05	0.05																									
blésées			blésé	VER	VER	f	p		0.05	0.05	0.05																									
blésés			blésé	VER	VER	m	p		0.05	0.05	0.05																									
bobinée			bobiné	VER	VER	f	s		0.05	0.05	0.05																									
bobinées			bobiné	VER	VER	f	p		0.05	0.05	0.05																									
bobinés			bobiné	VER	VER	m	p		0.05	0.05	0.05																									
boitillée			boitillé	VER	VER	f	s		0.05	0.05	0.05																									
boitillées			boitillé	VER	VER	f	p		0.05	0.05	0.05																									
boitillés			boitillé	VER	VER	m	p		0.05	0.05	0.05																									
boitée			boité	VER	VER	f	s		0.05	0.05	0.05																									
boitées			boité	VER	VER	f	p		0.05	0.05	0.05																									
boités			boité	VER	VER	m	p		0.05	0.05	0.05																									
bolchevisée			bolchevisé	VER	VER	f	s		0.05	0.05	0.05																									
bolchevisées			bolchevisé	VER	VER	f	p		0.05	0.05	0.05																									
bolchevisés			bolchevisé	VER	VER	m	p		0.05	0.05	0.05																									
boucanée			boucané	VER	VER	f	s		0.05	0.05	0.05																									
boucanées			boucané	VER	VER	f	p		0.05	0.05	0.05																									
bouchonnée			bouchonné	VER	VER	f	s		0.05	0.05	0.05																									
boudés			boudé	VER	VER	m	p		0.05	0.05	0.05																									
bougonnée			bougonné	VER	VER	f	s		0.05	0.05	0.05																									
bougonnées			bougonné	VER	VER	f	p		0.05	0.05	0.05																									
bougonnés			bougonné	VER	VER	m	p		0.05	0.05	0.05																									
bouillonnée			bouillonné	VER	VER	f	s		0.05	0.05	0.05																									
bouillonnées			bouillonné	VER	VER	f	p		0.05	0.05	0.05																									
boulochée			bouloché	VER	VER	f	s		0.05	0.05	0.05																									
boulochées			bouloché	VER	VER	f	p		0.05	0.05	0.05																									
boulochés			bouloché	VER	VER	m	p		0.05	0.05	0.05																									
boulottée			boulotté	VER	VER	f	s		0.05	0.05	0.05																									
boulottées			boulotté	VER	VER	f	p		0.05	0.05	0.05																									
boulottés			boulotté	VER	VER	m	p		0.05	0.05	0.05																									
boulée			boulé	VER	VER	f	s		0.05	0.05	0.05																									
boulées			boulé	VER	VER	f	p		0.05	0.05	0.05																									
boulés			boulé	VER	VER	m	p		0.05	0.05	0.05																									
bouquinée			bouquiné	VER	VER	f	s		0.05	0.05	0.05																									
bouquinées			bouquiné	VER	VER	f	p		0.05	0.05	0.05																									
bouquinés			bouquiné	VER	VER	m	p		0.05	0.05	0.05																									
bourdonnée			bourdonné	VER	VER	f	s		0.05	0.05	0.05																									
bourdonnées			bourdonné	VER	VER	f	p		0.05	0.05	0.05																									
bourdonnés			bourdonné	VER	VER	m	p		0.05	0.05	0.05																									
bourgeonnées			bourgeonné	VER	VER	f	p		0.05	0.05	0.05																									
bourgeonnés			bourgeonné	VER	VER	m	p		0.05	0.05	0.05																									
bourlinguée			bourlingué	VER	VER	f	s		0.05	0.05	0.05																									
bourlinguées			bourlingué	VER	VER	f	p		0.05	0.05	0.05																									
bourlingués			bourlingué	VER	VER	m	p		0.05	0.05	0.05																									
boursicotée			boursicoté	VER	VER	f	s		0.05	0.05	0.05																									
boursicotées			boursicoté	VER	VER	f	p		0.05	0.05	0.05																									
boursicotés			boursicoté	VER	VER	m	p		0.05	0.05	0.05																									
boursoufflées			boursoufflé	VER	VER	f	p		0.05	0.05	0.05																									
boursoufflés			boursoufflé	VER	VER	m	p		0.05	0.05	0.05																									
boutée			bouté	VER	VER	f	s		0.05	0.05	0.05																									
boutées			bouté	VER	VER	f	p		0.05	0.05	0.05																									
bouzillées			bouzillé	VER	VER	f	p		0.05	0.05	0.05																									
bouzillés			bouzillé	VER	VER	m	p		0.05	0.05	0.05																									
boxées			boxé	VER	VER	f	p		0.05	0.05	0.05																									
braconnée			braconné	VER	VER	f	s		0.05	0.05	0.05																									
braillée			braillé	VER	VER	f	s		0.05	0.05	0.05																									
braillées			braillé	VER	VER	f	p		0.05	0.05	0.05																									
braillés			braillé	VER	VER	m	p		0.05	0.05	0.05																									
bramée			bramé	VER	VER	f	s		0.05	0.05	0.05																									
bramées			bramé	VER	VER	f	p		0.05	0.05	0.05																									
bramés			bramé	VER	VER	m	p		0.05	0.05	0.05																									
brancardées			brancardé	VER	VER	f	p		0.05	0.05	0.05																									
bravées			bravé	VER	VER	f	p		0.05	0.05	0.05																									
breakée			breaké	VER	VER	f	s		0.05	0.05	0.05																									
breakées			breaké	VER	VER	f	p		0.05	0.05	0.05																									
breakés			breaké	VER	VER	m	p		0.05	0.05	0.05																									
bredouillée			bredouillé	VER	VER	f	s		0.05	0.05	0.05																									
bredouillés			bredouillé	VER	VER	m	p		0.05	0.05	0.05																									
bridgée			bridgé	VER	VER	f	s		0.05	0.05	0.05																									
bridgées			bridgé	VER	VER	f	p		0.05	0.05	0.05																									
bridgés			bridgé	VER	VER	m	p		0.05	0.05	0.05																									
briguée			brigué	VER	VER	f	s		0.05	0.05	0.05																									
briguées			brigué	VER	VER	f	p		0.05	0.05	0.05																									
brigués			brigué	VER	VER	m	p		0.05	0.05	0.05																									
brillée			brillé	VER	VER	f	s		0.05	0.05	0.05																									
bringuebalées			bringuebalé	VER	VER	f	p		0.05	0.05	0.05																									
brocardées			brocardé	VER	VER	f	p		0.05	0.05	0.05																									
bronchée			bronché	VER	VER	f	s		0.05	0.05	0.05																									
bronchées			bronché	VER	VER	f	p		0.05	0.05	0.05																									
bronchés			bronché	VER	VER	m	p		0.05	0.05	0.05																									
broutés			brouté	VER	VER	m	p		0.05	0.05	0.05																									
bruitée			bruité	VER	VER	f	s		0.05	0.05	0.05																									
bruitées			bruité	VER	VER	f	p		0.05	0.05	0.05																									
bruités			bruité	VER	VER	m	p		0.05	0.05	0.05																									
brunchée			brunché	VER	VER	f	s		0.05	0.05	0.05																									
brunchées			brunché	VER	VER	f	p		0.05	0.05	0.05																									
brunchés			brunché	VER	VER	m	p		0.05	0.05	0.05																									
buchée			buché	VER	VER	f	s		0.05	0.05	0.05																									
buchées			buché	VER	VER	f	p		0.05	0.05	0.05																									
buchés			buché	VER	VER	m	p		0.05	0.05	0.05																									
budgétisée			budgétisé	VER	VER	f	s		0.05	0.05	0.05																									
budgétisées			budgétisé	VER	VER	f	p		0.05	0.05	0.05																									
budgétisés			budgétisé	VER	VER	m	p		0.05	0.05	0.05																									
bullée			bullé	VER	VER	f	s		0.05	0.05	0.05																									
bullées			bullé	VER	VER	f	p		0.05	0.05	0.05																									
bullés			bullé	VER	VER	m	p		0.05	0.05	0.05																									
butinées			butiné	VER	VER	f	p		0.05	0.05	0.05																									
butinés			butiné	VER	VER	m	p		0.05	0.05	0.05																									
buttées			butté	VER	VER	f	p		0.05	0.05	0.05																									
bâillée			bâillé	VER	VER	f	s		0.05	0.05	0.05																									
bâillées			bâillé	VER	VER	f	p		0.05	0.05	0.05																									
bâillés			bâillé	VER	VER	m	p		0.05	0.05	0.05																									
bâtonnée			bâtonné	VER	VER	f	s		0.05	0.05	0.05																									
bâtonnées			bâtonné	VER	VER	f	p		0.05	0.05	0.05																									
bâtée			bâté	VER	VER	f	s		0.05	0.05	0.05																									
bâtées			bâté	VER	VER	f	p		0.05	0.05	0.05																									
béatifiées			béatifié	VER	VER	f	p		0.05	0.05	0.05																									
béatifiés			béatifié	VER	VER	m	p		0.05	0.05	0.05																									
bégayée			bégayé	VER	VER	f	s		0.05	0.05	0.05																									
bégayées			bégayé	VER	VER	f	p		0.05	0.05	0.05																									
bégayés			bégayé	VER	VER	m	p		0.05	0.05	0.05																									
bénéficiée			bénéficié	VER	VER	f	s		0.05	0.05	0.05																									
béquetée			béqueté	VER	VER	f	s		0.05	0.05	0.05																									
béquetées			béqueté	VER	VER	f	p		0.05	0.05	0.05																									
béquetés			béqueté	VER	VER	m	p		0.05	0.05	0.05																									
béée			béé	VER	VER	f	s		0.05	0.05	0.05																									
béés			béé	VER	VER	m	p		0.05	0.05	0.05																									
bêchées			bêché	VER	VER	f	p		0.05	0.05	0.05																									
bêchés			bêché	VER	VER	m	p		0.05	0.05	0.05																									
bêlée			bêlé	VER	VER	f	s		0.05	0.05	0.05																									
bêlées			bêlé	VER	VER	f	p		0.05	0.05	0.05																									
bêlés			bêlé	VER	VER	m	p		0.05	0.05	0.05																									
bûchée			bûché	VER	VER	f	s		0.05	0.05	0.05																									
bûchées			bûché	VER	VER	f	p		0.05	0.05	0.05																									
cabrées			cabré	VER	VER	f	p		0.05	0.05	0.05																									
cafardées			cafardé	VER	VER	f	p		0.05	0.05	0.05																									
cafouillée			cafouillé	VER	VER	f	s		0.05	0.05	0.05																									
cafouillées			cafouillé	VER	VER	f	p		0.05	0.05	0.05																									
cafouillés			cafouillé	VER	VER	m	p		0.05	0.05	0.05																									
caftées			cafté	VER	VER	f	p		0.05	0.05	0.05																									
caguée			cagué	VER	VER	f	s		0.05	0.05	0.05																									
caguées			cagué	VER	VER	f	p		0.05	0.05	0.05																									
cagués			cagué	VER	VER	m	p		0.05	0.05	0.05																									
caillassée			caillassé	VER	VER	f	s		0.05	0.05	0.05																									
caillées			caillé	VER	VER	f	p		0.05	0.05	0.05																									
canardées			canardé	VER	VER	f	p		0.05	0.05	0.05																									
cancanée			cancané	VER	VER	f	s		0.05	0.05	0.05																									
cancanées			cancané	VER	VER	f	p		0.05	0.05	0.05																									
cancanés			cancané	VER	VER	m	p		0.05	0.05	0.05																									
candidatée			candidaté	VER	VER	f	s		0.05	0.05	0.05																									
candidatées			candidaté	VER	VER	f	p		0.05	0.05	0.05																									
candidatés			candidaté	VER	VER	m	p		0.05	0.05	0.05																									
cannibalisée			cannibalisé	VER	VER	f	s		0.05	0.05	0.05																									
cannibalisées			cannibalisé	VER	VER	f	p		0.05	0.05	0.05																									
cannée			canné	VER	VER	f	s		0.05	0.05	0.05																									
cannées			canné	VER	VER	f	p		0.05	0.05	0.05																									
canonisées			canonisé	VER	VER	f	p		0.05	0.05	0.05																									
canotée			canoté	VER	VER	f	s		0.05	0.05	0.05																									
canotées			canoté	VER	VER	f	p		0.05	0.05	0.05																									
canotés			canoté	VER	VER	m	p		0.05	0.05	0.05																									
capitalisée			capitalisé	VER	VER	f	s		0.05	0.05	0.05																									
capitalisées			capitalisé	VER	VER	f	p		0.05	0.05	0.05																									
capitulées			capitulé	VER	VER	f	p		0.05	0.05	0.05																									
capitulés			capitulé	VER	VER	m	p		0.05	0.05	0.05																									
capotées			capoté	VER	VER	f	p		0.05	0.05	0.05																									
capée			capé	VER	VER	f	s		0.05	0.05	0.05																									
capées			capé	VER	VER	f	p		0.05	0.05	0.05																									
capés			capé	VER	VER	m	p		0.05	0.05	0.05																									
caquetée			caqueté	VER	VER	f	s		0.05	0.05	0.05																									
caquetées			caqueté	VER	VER	f	p		0.05	0.05	0.05																									
caquetés			caqueté	VER	VER	m	p		0.05	0.05	0.05																									
caracolée			caracolé	VER	VER	f	s		0.05	0.05	0.05																									
caracolées			caracolé	VER	VER	f	p		0.05	0.05	0.05																									
caracolés			caracolé	VER	VER	m	p		0.05	0.05	0.05																									
carambolée			carambolé	VER	VER	f	s		0.05	0.05	0.05																									
carambolées			carambolé	VER	VER	f	p		0.05	0.05	0.05																									
carambolés			carambolé	VER	VER	m	p		0.05	0.05	0.05																									
carapatées			carapaté	VER	VER	f	p		0.05	0.05	0.05																									
carencées			carencé	VER	VER	f	p		0.05	0.05	0.05																									
carencés			carencé	VER	VER	m	p		0.05	0.05	0.05																									
carillonnée			carillonné	VER	VER	f	s		0.05	0.05	0.05																									
carillonnées			carillonné	VER	VER	f	p		0.05	0.05	0.05																									
carillonnés			carillonné	VER	VER	m	p		0.05	0.05	0.05																									
cariés			carié	VER	VER	m	p		0.05	0.05	0.05																									
cartée			carté	VER	VER	f	s		0.05	0.05	0.05																									
cartées			carté	VER	VER	f	p		0.05	0.05	0.05																									
casernée			caserné	VER	VER	f	s		0.05	0.05	0.05																									
casernées			caserné	VER	VER	f	p		0.05	0.05	0.05																									
casernés			caserné	VER	VER	m	p		0.05	0.05	0.05																									
castrées			castré	VER	VER	f	p		0.05	0.05	0.05																									
catchée			catché	VER	VER	f	s		0.05	0.05	0.05																									
catchées			catché	VER	VER	f	p		0.05	0.05	0.05																									
catchés			catché	VER	VER	m	p		0.05	0.05	0.05																									
catéchisées			catéchisé	VER	VER	f	p		0.05	0.05	0.05																									
catéchisés			catéchisé	VER	VER	m	p		0.05	0.05	0.05																									
cauchemardée			cauchemardé	VER	VER	f	s		0.05	0.05	0.05																									
cauchemardées			cauchemardé	VER	VER	f	p		0.05	0.05	0.05																									
cauchemardés			cauchemardé	VER	VER	m	p		0.05	0.05	0.05																									
cautionnées			cautionné	VER	VER	f	p		0.05	0.05	0.05																									
cavalée			cavalé	VER	VER	f	s		0.05	0.05	0.05																									
cavalés			cavalé	VER	VER	m	p		0.05	0.05	0.05																									
ceinturées			ceinturé	VER	VER	f	p		0.05	0.05	0.05																									
chagrinées			chagriné	VER	VER	f	p		0.05	0.05	0.05																									
challengées			challengé	VER	VER	f	p		0.05	0.05	0.05																									
challengés			challengé	VER	VER	m	p		0.05	0.05	0.05																									
chaloupées			chaloupé	VER	VER	f	p		0.05	0.05	0.05																									
chambardée			chambardé	VER	VER	f	s		0.05	0.05	0.05																									
chantonnées			chantonné	VER	VER	f	p		0.05	0.05	0.05																									
chapitrées			chapitré	VER	VER	f	p		0.05	0.05	0.05																									
chapitrés			chapitré	VER	VER	m	p		0.05	0.05	0.05																									
chaulés			chaulé	VER	VER	m	p		0.05	0.05	0.05																									
chavirées			chaviré	VER	VER	f	p		0.05	0.05	0.05																									
cheminés			cheminé	VER	VER	m	p		0.05	0.05	0.05																									
chialée			chialé	VER	VER	f	s		0.05	0.05	0.05																									
chialées			chialé	VER	VER	f	p		0.05	0.05	0.05																									
chialés			chialé	VER	VER	m	p		0.05	0.05	0.05																									
chinées			chiné	VER	VER	f	p		0.05	0.05	0.05																									
chipotée			chipoté	VER	VER	f	s		0.05	0.05	0.05																									
chipotées			chipoté	VER	VER	f	p		0.05	0.05	0.05																									
chiquée			chiqué	VER	VER	f	s		0.05	0.05	0.05																									
chiquées			chiqué	VER	VER	f	p		0.05	0.05	0.05																									
chiqués			chiqué	VER	VER	m	p		0.05	0.05	0.05																									
chlorées			chloré	VER	VER	f	p		0.05	0.05	0.05																									
choppées			choppé	VER	VER	f	p		0.05	0.05	0.05																									
choppés			choppé	VER	VER	m	p		0.05	0.05	0.05																									
chouravées			chouravé	VER	VER	f	p		0.05	0.05	0.05																									
chourinée			chouriné	VER	VER	f	s		0.05	0.05	0.05																									
chourinées			chouriné	VER	VER	f	p		0.05	0.05	0.05																									
chourinés			chouriné	VER	VER	m	p		0.05	0.05	0.05																									
chroniquée			chroniqué	VER	VER	f	s		0.05	0.05	0.05																									
chroniquées			chroniqué	VER	VER	f	p		0.05	0.05	0.05																									
chroniqués			chroniqué	VER	VER	m	p		0.05	0.05	0.05																									
châtrée			châtré	VER	VER	f	s		0.05	0.05	0.05																									
cillée			cillé	VER	VER	f	s		0.05	0.05	0.05																									
cillées			cillé	VER	VER	f	p		0.05	0.05	0.05																									
cillés			cillé	VER	VER	m	p		0.05	0.05	0.05																									
circuitée			circuité	VER	VER	f	s		0.05	0.05	0.05																									
circuitées			circuité	VER	VER	f	p		0.05	0.05	0.05																									
circuités			circuité	VER	VER	m	p		0.05	0.05	0.05																									
claironnée			claironné	VER	VER	f	s		0.05	0.05	0.05																									
claironnées			claironné	VER	VER	f	p		0.05	0.05	0.05																									
claironnés			claironné	VER	VER	m	p		0.05	0.05	0.05																									
clairée			clairé	VER	VER	f	s		0.05	0.05	0.05																									
clairées			clairé	VER	VER	f	p		0.05	0.05	0.05																									
clairés			clairé	VER	VER	m	p		0.05	0.05	0.05																									
clamecées			clamecé	VER	VER	f	p		0.05	0.05	0.05																									
clamecés			clamecé	VER	VER	m	p		0.05	0.05	0.05																									
clamsées			clamsé	VER	VER	f	p		0.05	0.05	0.05																									
clamées			clamé	VER	VER	f	p		0.05	0.05	0.05																									
clapotée			clapoté	VER	VER	f	s		0.05	0.05	0.05																									
clapotées			clapoté	VER	VER	f	p		0.05	0.05	0.05																									
clapotés			clapoté	VER	VER	m	p		0.05	0.05	0.05																									
clappée			clappé	VER	VER	f	s		0.05	0.05	0.05																									
clappées			clappé	VER	VER	f	p		0.05	0.05	0.05																									
clappés			clappé	VER	VER	m	p		0.05	0.05	0.05																									
clapée			clapé	VER	VER	f	s		0.05	0.05	0.05																									
clapées			clapé	VER	VER	f	p		0.05	0.05	0.05																									
clapés			clapé	VER	VER	m	p		0.05	0.05	0.05																									
claquemurée			claquemuré	VER	VER	f	s		0.05	0.05	0.05																									
claquemurées			claquemuré	VER	VER	f	p		0.05	0.05	0.05																									
claudiquée			claudiqué	VER	VER	f	s		0.05	0.05	0.05																									
claudiquées			claudiqué	VER	VER	f	p		0.05	0.05	0.05																									
claudiqués			claudiqué	VER	VER	m	p		0.05	0.05	0.05																									
clavardée			clavardé	VER	VER	f	s		0.05	0.05	0.05																									
clavardées			clavardé	VER	VER	f	p		0.05	0.05	0.05																									
clavardés			clavardé	VER	VER	m	p		0.05	0.05	0.05																									
clignotée			clignoté	VER	VER	f	s		0.05	0.05	0.05																									
clignotés			clignoté	VER	VER	m	p		0.05	0.05	0.05																									
clignées			cligné	VER	VER	f	p		0.05	0.05	0.05																									
clignés			cligné	VER	VER	m	p		0.05	0.05	0.05																									
cliquetée			cliqueté	VER	VER	f	s		0.05	0.05	0.05																									
cliquetées			cliqueté	VER	VER	f	p		0.05	0.05	0.05																									
cliquetés			cliqueté	VER	VER	m	p		0.05	0.05	0.05																									
cliquées			cliqué	VER	VER	f	p		0.05	0.05	0.05																									
cliqués			cliqué	VER	VER	m	p		0.05	0.05	0.05																									
clochée			cloché	VER	VER	f	s		0.05	0.05	0.05																									
clochées			cloché	VER	VER	f	p		0.05	0.05	0.05																									
clopinée			clopiné	VER	VER	f	s		0.05	0.05	0.05																									
clopinées			clopiné	VER	VER	f	p		0.05	0.05	0.05																									
clopinés			clopiné	VER	VER	m	p		0.05	0.05	0.05																									
coachées			coaché	VER	VER	f	p		0.05	0.05	0.05																									
coalisée			coalisé	VER	VER	f	s		0.05	0.05	0.05																									
cochonnées			cochonné	VER	VER	f	p		0.05	0.05	0.05																									
cochonnés			cochonné	VER	VER	m	p		0.05	0.05	0.05																									
cocolée			cocolé	VER	VER	f	s		0.05	0.05	0.05																									
cocolées			cocolé	VER	VER	f	p		0.05	0.05	0.05																									
cocolés			cocolé	VER	VER	m	p		0.05	0.05	0.05																									
cocottée			cocotté	VER	VER	f	s		0.05	0.05	0.05																									
cocottées			cocotté	VER	VER	f	p		0.05	0.05	0.05																									
cocottés			cocotté	VER	VER	m	p		0.05	0.05	0.05																									
cocufiées			cocufié	VER	VER	f	p		0.05	0.05	0.05																									
cocufiés			cocufié	VER	VER	m	p		0.05	0.05	0.05																									
codirigées			codirigé	VER	VER	f	p		0.05	0.05	0.05																									
codirigés			codirigé	VER	VER	m	p		0.05	0.05	0.05																									
coexistée			coexisté	VER	VER	f	s		0.05	0.05	0.05																									
cofinancée			cofinancé	VER	VER	f	s		0.05	0.05	0.05																									
cofinancées			cofinancé	VER	VER	f	p		0.05	0.05	0.05																									
cofinancés			cofinancé	VER	VER	m	p		0.05	0.05	0.05																									
cofondée			cofondé	VER	VER	f	s		0.05	0.05	0.05																									
cofondées			cofondé	VER	VER	f	p		0.05	0.05	0.05																									
cofondés			cofondé	VER	VER	m	p		0.05	0.05	0.05																									
cogitée			cogité	VER	VER	f	s		0.05	0.05	0.05																									
cogitées			cogité	VER	VER	f	p		0.05	0.05	0.05																									
cogités			cogité	VER	VER	m	p		0.05	0.05	0.05																									
cohabitée			cohabité	VER	VER	f	s		0.05	0.05	0.05																									
cohabités			cohabité	VER	VER	m	p		0.05	0.05	0.05																									
collaborées			collaboré	VER	VER	f	p		0.05	0.05	0.05																									
collectivisées			collectivisé	VER	VER	f	p		0.05	0.05	0.05																									
collectivisés			collectivisé	VER	VER	m	p		0.05	0.05	0.05																									
colligée			colligé	VER	VER	f	s		0.05	0.05	0.05																									
colligées			colligé	VER	VER	f	p		0.05	0.05	0.05																									
colligés			colligé	VER	VER	m	p		0.05	0.05	0.05																									
colorisées			colorisé	VER	VER	f	p		0.05	0.05	0.05																									
coltinés			coltiné	VER	VER	m	p		0.05	0.05	0.05																									
comatée			comaté	VER	VER	f	s		0.05	0.05	0.05																									
comatées			comaté	VER	VER	f	p		0.05	0.05	0.05																									
comatés			comaté	VER	VER	m	p		0.05	0.05	0.05																									
commercée			commercé	VER	VER	f	s		0.05	0.05	0.05																									
commercées			commercé	VER	VER	f	p		0.05	0.05	0.05																									
commercés			commercé	VER	VER	m	p		0.05	0.05	0.05																									
communiées			communié	VER	VER	f	p		0.05	0.05	0.05																									
communiés			communié	VER	VER	m	p		0.05	0.05	0.05																									
commutées			commuté	VER	VER	f	p		0.05	0.05	0.05																									
commués			commué	VER	VER	m	p		0.05	0.05	0.05																									
commée			commé	VER	VER	f	s		0.05	0.05	0.05																									
commées			commé	VER	VER	f	p		0.05	0.05	0.05																									
commérée			comméré	VER	VER	f	s		0.05	0.05	0.05																									
commérées			comméré	VER	VER	f	p		0.05	0.05	0.05																									
commérés			comméré	VER	VER	m	p		0.05	0.05	0.05																									
commés			commé	VER	VER	m	p		0.05	0.05	0.05																									
compactifiée			compactifié	VER	VER	f	s		0.05	0.05	0.05																									
compactifiées			compactifié	VER	VER	f	p		0.05	0.05	0.05																									
compactifiés			compactifié	VER	VER	m	p		0.05	0.05	0.05																									
compassionnées			compassionné	VER	VER	f	p		0.05	0.05	0.05																									
compassionnés			compassionné	VER	VER	m	p		0.05	0.05	0.05																									
complexifiée			complexifié	VER	VER	f	s		0.05	0.05	0.05																									
complexifiées			complexifié	VER	VER	f	p		0.05	0.05	0.05																									
complexifiés			complexifié	VER	VER	m	p		0.05	0.05	0.05																									
complotée			comploté	VER	VER	f	s		0.05	0.05	0.05																									
complotées			comploté	VER	VER	f	p		0.05	0.05	0.05																									
compostée			composté	VER	VER	f	s		0.05	0.05	0.05																									
compotées			compoté	VER	VER	f	p		0.05	0.05	0.05																									
compotés			compoté	VER	VER	m	p		0.05	0.05	0.05																									
compulsée			compulsé	VER	VER	f	s		0.05	0.05	0.05																									
compulsées			compulsé	VER	VER	f	p		0.05	0.05	0.05																									
conceptualisée			conceptualisé	VER	VER	f	s		0.05	0.05	0.05																									
conceptualisées			conceptualisé	VER	VER	f	p		0.05	0.05	0.05																									
conceptualisés			conceptualisé	VER	VER	m	p		0.05	0.05	0.05																									
conciliée			concilié	VER	VER	f	s		0.05	0.05	0.05																									
conciliés			concilié	VER	VER	m	p		0.05	0.05	0.05																									
concordée			concordé	VER	VER	f	s		0.05	0.05	0.05																									
concordées			concordé	VER	VER	f	p		0.05	0.05	0.05																									
conformées			conformé	VER	VER	f	p		0.05	0.05	0.05																									
conglomérés			congloméré	VER	VER	m	p		0.05	0.05	0.05																									
conjecturée			conjecturé	VER	VER	f	s		0.05	0.05	0.05																									
conjecturés			conjecturé	VER	VER	m	p		0.05	0.05	0.05																									
connotée			connoté	VER	VER	f	s		0.05	0.05	0.05																									
consistées			consisté	VER	VER	f	p		0.05	0.05	0.05																									
consistés			consisté	VER	VER	m	p		0.05	0.05	0.05																									
conspuée			conspué	VER	VER	f	s		0.05	0.05	0.05																									
conspuées			conspué	VER	VER	f	p		0.05	0.05	0.05																									
contingentée			contingenté	VER	VER	f	s		0.05	0.05	0.05																									
contingentées			contingenté	VER	VER	f	p		0.05	0.05	0.05																									
contingentés			contingenté	VER	VER	m	p		0.05	0.05	0.05																									
contorsionnées			contorsionné	VER	VER	f	p		0.05	0.05	0.05																									
convergée			convergé	VER	VER	f	s		0.05	0.05	0.05																									
convergées			convergé	VER	VER	f	p		0.05	0.05	0.05																									
convergés			convergé	VER	VER	m	p		0.05	0.05	0.05																									
conversée			conversé	VER	VER	f	s		0.05	0.05	0.05																									
conversées			conversé	VER	VER	f	p		0.05	0.05	0.05																									
convolée			convolé	VER	VER	f	s		0.05	0.05	0.05																									
convolées			convolé	VER	VER	f	p		0.05	0.05	0.05																									
convolés			convolé	VER	VER	m	p		0.05	0.05	0.05																									
cooptées			coopté	VER	VER	f	p		0.05	0.05	0.05																									
coopérées			coopéré	VER	VER	f	p		0.05	0.05	0.05																									
copilotée			copiloté	VER	VER	f	s		0.05	0.05	0.05																									
copilotées			copiloté	VER	VER	f	p		0.05	0.05	0.05																									
copilotés			copiloté	VER	VER	m	p		0.05	0.05	0.05																									
copolymérisée			copolymérisé	VER	VER	f	s		0.05	0.05	0.05																									
copolymérisées			copolymérisé	VER	VER	f	p		0.05	0.05	0.05																									
copolymérisés			copolymérisé	VER	VER	m	p		0.05	0.05	0.05																									
copulée			copulé	VER	VER	f	s		0.05	0.05	0.05																									
copulées			copulé	VER	VER	f	p		0.05	0.05	0.05																									
copulés			copulé	VER	VER	m	p		0.05	0.05	0.05																									
corsetés			corseté	VER	VER	m	p		0.05	0.05	0.05																									
cosignées			cosigné	VER	VER	f	p		0.05	0.05	0.05																									
cosignés			cosigné	VER	VER	m	p		0.05	0.05	0.05																									
couinée			couiné	VER	VER	f	s		0.05	0.05	0.05																									
couinées			couiné	VER	VER	f	p		0.05	0.05	0.05																									
courriellée			courriellé	VER	VER	f	s		0.05	0.05	0.05																									
courriellées			courriellé	VER	VER	f	p		0.05	0.05	0.05																									
courriellés			courriellé	VER	VER	m	p		0.05	0.05	0.05																									
covoiturées			covoituré	VER	VER	f	p		0.05	0.05	0.05																									
covoiturés			covoituré	VER	VER	m	p		0.05	0.05	0.05																									
coïncidée			coïncidé	VER	VER	f	s		0.05	0.05	0.05																									
coïncidées			coïncidé	VER	VER	f	p		0.05	0.05	0.05																									
coïncidés			coïncidé	VER	VER	m	p		0.05	0.05	0.05																									
coïtée			coïté	VER	VER	f	s		0.05	0.05	0.05																									
coïtées			coïté	VER	VER	f	p		0.05	0.05	0.05																									
coïtés			coïté	VER	VER	m	p		0.05	0.05	0.05																									
cramponnées			cramponné	VER	VER	f	p		0.05	0.05	0.05																									
crapahutée			crapahuté	VER	VER	f	s		0.05	0.05	0.05																									
crapahutées			crapahuté	VER	VER	f	p		0.05	0.05	0.05																									
crapahutés			crapahuté	VER	VER	m	p		0.05	0.05	0.05																									
crapotée			crapoté	VER	VER	f	s		0.05	0.05	0.05																									
crapotées			crapoté	VER	VER	f	p		0.05	0.05	0.05																									
crapotés			crapoté	VER	VER	m	p		0.05	0.05	0.05																									
crashées			crashé	VER	VER	f	p		0.05	0.05	0.05																									
cravachée			cravaché	VER	VER	f	s		0.05	0.05	0.05																									
cravachées			cravaché	VER	VER	f	p		0.05	0.05	0.05																									
cravachés			cravaché	VER	VER	m	p		0.05	0.05	0.05																									
cravatées			cravaté	VER	VER	f	p		0.05	0.05	0.05																									
crawlées			crawlé	VER	VER	f	p		0.05	0.05	0.05																									
crawlés			crawlé	VER	VER	m	p		0.05	0.05	0.05																									
crayonnée			crayonné	VER	VER	f	s		0.05	0.05	0.05																									
crayonnées			crayonné	VER	VER	f	p		0.05	0.05	0.05																									
crayonnés			crayonné	VER	VER	m	p		0.05	0.05	0.05																									
criminalisée			criminalisé	VER	VER	f	s		0.05	0.05	0.05																									
criminalisées			criminalisé	VER	VER	f	p		0.05	0.05	0.05																									
croassée			croassé	VER	VER	f	s		0.05	0.05	0.05																									
croassées			croassé	VER	VER	f	p		0.05	0.05	0.05																									
croassés			croassé	VER	VER	m	p		0.05	0.05	0.05																									
crochée			croché	VER	VER	f	s		0.05	0.05	0.05																									
crossée			crossé	VER	VER	f	s		0.05	0.05	0.05																									
crossées			crossé	VER	VER	f	p		0.05	0.05	0.05																									
croulée			croulé	VER	VER	f	s		0.05	0.05	0.05																									
croulées			croulé	VER	VER	f	p		0.05	0.05	0.05																									
croulés			croulé	VER	VER	m	p		0.05	0.05	0.05																									
croûtées			croûté	VER	VER	f	p		0.05	0.05	0.05																									
croûtés			croûté	VER	VER	m	p		0.05	0.05	0.05																									
crânée			crâné	VER	VER	f	s		0.05	0.05	0.05																									
crânées			crâné	VER	VER	f	p		0.05	0.05	0.05																									
crânés			crâné	VER	VER	m	p		0.05	0.05	0.05																									
créchée			créché	VER	VER	f	s		0.05	0.05	0.05																									
créchées			créché	VER	VER	f	p		0.05	0.05	0.05																									
créchés			créché	VER	VER	m	p		0.05	0.05	0.05																									
crémées			crémé	VER	VER	f	p		0.05	0.05	0.05																									
crémés			crémé	VER	VER	m	p		0.05	0.05	0.05																									
crénelés			crénelé	VER	VER	m	p		0.05	0.05	0.05																									
cuités			cuité	VER	VER	m	p		0.05	0.05	0.05																									
culbutées			culbuté	VER	VER	f	p		0.05	0.05	0.05																									
culminée			culminé	VER	VER	f	s		0.05	0.05	0.05																									
culminées			culminé	VER	VER	f	p		0.05	0.05	0.05																									
culminés			culminé	VER	VER	m	p		0.05	0.05	0.05																									
cuvés			cuvé	VER	VER	m	p		0.05	0.05	0.05																									
câlissée			câlissé	VER	VER	f	s		0.05	0.05	0.05																									
câlissées			câlissé	VER	VER	f	p		0.05	0.05	0.05																									
célées			célé	VER	VER	f	p		0.05	0.05	0.05																									
célés			célé	VER	VER	m	p		0.05	0.05	0.05																									
daignée			daigné	VER	VER	f	s		0.05	0.05	0.05																									
daignées			daigné	VER	VER	f	p		0.05	0.05	0.05																									
daignés			daigné	VER	VER	m	p		0.05	0.05	0.05																									
dallée			dallé	VER	VER	f	s		0.05	0.05	0.05																									
dallées			dallé	VER	VER	f	p		0.05	0.05	0.05																									
dallés			dallé	VER	VER	m	p		0.05	0.05	0.05																									
damassés			damassé	VER	VER	m	p		0.05	0.05	0.05																									
damés			damé	VER	VER	m	p		0.05	0.05	0.05																									
dandinées			dandiné	VER	VER	f	p		0.05	0.05	0.05																									
dandinés			dandiné	VER	VER	m	p		0.05	0.05	0.05																									
dardée			dardé	VER	VER	f	s		0.05	0.05	0.05																									
dardées			dardé	VER	VER	f	p		0.05	0.05	0.05																									
dardés			dardé	VER	VER	m	p		0.05	0.05	0.05																									
daubées			daubé	VER	VER	f	p		0.05	0.05	0.05																									
dealées			dealé	VER	VER	f	p		0.05	0.05	0.05																									
demonstrée			demonstré	VER	VER	f	s		0.05	0.05	0.05																									
demonstrées			demonstré	VER	VER	f	p		0.05	0.05	0.05																									
demonstrés			demonstré	VER	VER	m	p		0.05	0.05	0.05																									
densifiées			densifié	VER	VER	f	p		0.05	0.05	0.05																									
densifiés			densifié	VER	VER	m	p		0.05	0.05	0.05																									
dessalées			dessalé	VER	VER	f	p		0.05	0.05	0.05																									
dessellée			dessellé	VER	VER	f	s		0.05	0.05	0.05																									
dessellées			dessellé	VER	VER	f	p		0.05	0.05	0.05																									
dessellés			dessellé	VER	VER	m	p		0.05	0.05	0.05																									
dessillée			dessillé	VER	VER	f	s		0.05	0.05	0.05																									
dessillées			dessillé	VER	VER	f	p		0.05	0.05	0.05																									
dessoudée			dessoudé	VER	VER	f	s		0.05	0.05	0.05																									
dessoudées			dessoudé	VER	VER	f	p		0.05	0.05	0.05																									
dessoulée			dessoulé	VER	VER	f	s		0.05	0.05	0.05																									
dessoulées			dessoulé	VER	VER	f	p		0.05	0.05	0.05																									
dessoulés			dessoulé	VER	VER	m	p		0.05	0.05	0.05																									
devisée			devisé	VER	VER	f	s		0.05	0.05	0.05																									
devisées			devisé	VER	VER	f	p		0.05	0.05	0.05																									
devisés			devisé	VER	VER	m	p		0.05	0.05	0.05																									
dialogués			dialogué	VER	VER	m	p		0.05	0.05	0.05																									
diffractées			diffracté	VER	VER	f	p		0.05	0.05	0.05																									
diffractés			diffracté	VER	VER	m	p		0.05	0.05	0.05																									
digressée			digressé	VER	VER	f	s		0.05	0.05	0.05																									
digressées			digressé	VER	VER	f	p		0.05	0.05	0.05																									
digressés			digressé	VER	VER	m	p		0.05	0.05	0.05																									
diligentées			diligenté	VER	VER	f	p		0.05	0.05	0.05																									
dimensionnée			dimensionné	VER	VER	f	s		0.05	0.05	0.05																									
dinguée			dingué	VER	VER	f	s		0.05	0.05	0.05																									
dinguées			dingué	VER	VER	f	p		0.05	0.05	0.05																									
dingués			dingué	VER	VER	m	p		0.05	0.05	0.05																									
dinées			diné	VER	VER	f	p		0.05	0.05	0.05																									
dinés			diné	VER	VER	m	p		0.05	0.05	0.05																									
discernés			discerné	VER	VER	m	p		0.05	0.05	0.05																									
discutaillée			discutaillé	VER	VER	f	s		0.05	0.05	0.05																									
discutaillées			discutaillé	VER	VER	f	p		0.05	0.05	0.05																									
discutaillés			discutaillé	VER	VER	m	p		0.05	0.05	0.05																									
dissertée			disserté	VER	VER	f	s		0.05	0.05	0.05																									
dissertées			disserté	VER	VER	f	p		0.05	0.05	0.05																									
dissertés			disserté	VER	VER	m	p		0.05	0.05	0.05																									
dissimilée			dissimilé	VER	VER	f	s		0.05	0.05	0.05																									
dissimilées			dissimilé	VER	VER	f	p		0.05	0.05	0.05																									
dissimilés			dissimilé	VER	VER	m	p		0.05	0.05	0.05																									
distanciées			distancié	VER	VER	f	p		0.05	0.05	0.05																									
divaguée			divagué	VER	VER	f	s		0.05	0.05	0.05																									
divaguées			divagué	VER	VER	f	p		0.05	0.05	0.05																									
divagués			divagué	VER	VER	m	p		0.05	0.05	0.05																									
divergés			divergé	VER	VER	m	p		0.05	0.05	0.05																									
divinisée			divinisé	VER	VER	f	s		0.05	0.05	0.05																									
divinisées			divinisé	VER	VER	f	p		0.05	0.05	0.05																									
divinisés			divinisé	VER	VER	m	p		0.05	0.05	0.05																									
dodelinée			dodeliné	VER	VER	f	s		0.05	0.05	0.05																									
dodelinées			dodeliné	VER	VER	f	p		0.05	0.05	0.05																									
dodelinés			dodeliné	VER	VER	m	p		0.05	0.05	0.05																									
dompée			dompé	VER	VER	f	s		0.05	0.05	0.05																									
dramatisées			dramatisé	VER	VER	f	p		0.05	0.05	0.05																									
dramatisés			dramatisé	VER	VER	m	p		0.05	0.05	0.05																									
dribblées			dribblé	VER	VER	f	p		0.05	0.05	0.05																									
dribblés			dribblé	VER	VER	m	p		0.05	0.05	0.05																									
drivées			drivé	VER	VER	f	p		0.05	0.05	0.05																									
drivés			drivé	VER	VER	m	p		0.05	0.05	0.05																									
droppée			droppé	VER	VER	f	s		0.05	0.05	0.05																									
droppées			droppé	VER	VER	f	p		0.05	0.05	0.05																									
drossée			drossé	VER	VER	f	s		0.05	0.05	0.05																									
drossées			drossé	VER	VER	f	p		0.05	0.05	0.05																									
drossés			drossé	VER	VER	m	p		0.05	0.05	0.05																									
dynamisée			dynamisé	VER	VER	f	s		0.05	0.05	0.05																									
dynamisées			dynamisé	VER	VER	f	p		0.05	0.05	0.05																									
dysfonctionnée			dysfonctionné	VER	VER	f	s		0.05	0.05	0.05																									
dysfonctionnées			dysfonctionné	VER	VER	f	p		0.05	0.05	0.05																									
dysfonctionnés			dysfonctionné	VER	VER	m	p		0.05	0.05	0.05																									
déambulée			déambulé	VER	VER	f	s		0.05	0.05	0.05																									
déambulées			déambulé	VER	VER	f	p		0.05	0.05	0.05																									
déambulés			déambulé	VER	VER	m	p		0.05	0.05	0.05																									
déballonnées			déballonné	VER	VER	f	p		0.05	0.05	0.05																									
débandées			débandé	VER	VER	f	p		0.05	0.05	0.05																									
débandés			débandé	VER	VER	m	p		0.05	0.05	0.05																									
débarbouillés			débarbouillé	VER	VER	m	p		0.05	0.05	0.05																									
débectée			débecté	VER	VER	f	s		0.05	0.05	0.05																									
débectées			débecté	VER	VER	f	p		0.05	0.05	0.05																									
débectés			débecté	VER	VER	m	p		0.05	0.05	0.05																									
débilitée			débilité	VER	VER	f	s		0.05	0.05	0.05																									
débinées			débiné	VER	VER	f	p		0.05	0.05	0.05																									
déblatérée			déblatéré	VER	VER	f	s		0.05	0.05	0.05																									
déblatérées			déblatéré	VER	VER	f	p		0.05	0.05	0.05																									
déblatérés			déblatéré	VER	VER	m	p		0.05	0.05	0.05																									
débobinée			débobiné	VER	VER	f	s		0.05	0.05	0.05																									
débobinés			débobiné	VER	VER	m	p		0.05	0.05	0.05																									
déboguées			débogué	VER	VER	f	p		0.05	0.05	0.05																									
débogués			débogué	VER	VER	m	p		0.05	0.05	0.05																									
débottée			débotté	VER	VER	f	s		0.05	0.05	0.05																									
débottées			débotté	VER	VER	f	p		0.05	0.05	0.05																									
débottés			débotté	VER	VER	m	p		0.05	0.05	0.05																									
débouclées			débouclé	VER	VER	f	p		0.05	0.05	0.05																									
débouclés			débouclé	VER	VER	m	p		0.05	0.05	0.05																									
déboulonnées			déboulonné	VER	VER	f	p		0.05	0.05	0.05																									
déboulonnés			déboulonné	VER	VER	m	p		0.05	0.05	0.05																									
déboulée			déboulé	VER	VER	f	s		0.05	0.05	0.05																									
déboulées			déboulé	VER	VER	f	p		0.05	0.05	0.05																									
déboursée			déboursé	VER	VER	f	s		0.05	0.05	0.05																									
débroussaillées			débroussaillé	VER	VER	f	p		0.05	0.05	0.05																									
débroussaillés			débroussaillé	VER	VER	m	p		0.05	0.05	0.05																									
décalcifiées			décalcifié	VER	VER	f	p		0.05	0.05	0.05																									
décalottées			décalotté	VER	VER	f	p		0.05	0.05	0.05																									
décalottés			décalotté	VER	VER	m	p		0.05	0.05	0.05																									
décalquées			décalqué	VER	VER	f	p		0.05	0.05	0.05																									
décampée			décampé	VER	VER	f	s		0.05	0.05	0.05																									
décampées			décampé	VER	VER	f	p		0.05	0.05	0.05																									
décampés			décampé	VER	VER	m	p		0.05	0.05	0.05																									
décantées			décanté	VER	VER	f	p		0.05	0.05	0.05																									
décantés			décanté	VER	VER	m	p		0.05	0.05	0.05																									
décapotées			décapoté	VER	VER	f	p		0.05	0.05	0.05																									
décapotés			décapoté	VER	VER	m	p		0.05	0.05	0.05																									
décapsulées			décapsulé	VER	VER	f	p		0.05	0.05	0.05																									
décarcassées			décarcassé	VER	VER	f	p		0.05	0.05	0.05																									
décentrés			décentré	VER	VER	m	p		0.05	0.05	0.05																									
déchantée			déchanté	VER	VER	f	s		0.05	0.05	0.05																									
déchantées			déchanté	VER	VER	f	p		0.05	0.05	0.05																									
déchantés			déchanté	VER	VER	m	p		0.05	0.05	0.05																									
déchristianisée			déchristianisé	VER	VER	f	s		0.05	0.05	0.05																									
déchristianisées			déchristianisé	VER	VER	f	p		0.05	0.05	0.05																									
déchristianisés			déchristianisé	VER	VER	m	p		0.05	0.05	0.05																									
déclamées			déclamé	VER	VER	f	p		0.05	0.05	0.05																									
déclivée			déclivé	VER	VER	f	s		0.05	0.05	0.05																									
déclivées			déclivé	VER	VER	f	p		0.05	0.05	0.05																									
décloisonnée			décloisonné	VER	VER	f	s		0.05	0.05	0.05																									
décloisonnées			décloisonné	VER	VER	f	p		0.05	0.05	0.05																									
décloisonnés			décloisonné	VER	VER	m	p		0.05	0.05	0.05																									
déclouées			décloué	VER	VER	f	p		0.05	0.05	0.05																									
décloués			décloué	VER	VER	m	p		0.05	0.05	0.05																									
décochés			décoché	VER	VER	m	p		0.05	0.05	0.05																									
décoincées			décoincé	VER	VER	f	p		0.05	0.05	0.05																									
décolonisée			décolonisé	VER	VER	f	s		0.05	0.05	0.05																									
décolonisées			décolonisé	VER	VER	f	p		0.05	0.05	0.05																									
décolonisés			décolonisé	VER	VER	m	p		0.05	0.05	0.05																									
décolérée			décoléré	VER	VER	f	s		0.05	0.05	0.05																									
décolérées			décoléré	VER	VER	f	p		0.05	0.05	0.05																									
décolérés			décoléré	VER	VER	m	p		0.05	0.05	0.05																									
décompilée			décompilé	VER	VER	f	s		0.05	0.05	0.05																									
décompilées			décompilé	VER	VER	f	p		0.05	0.05	0.05																									
décompilés			décompilé	VER	VER	m	p		0.05	0.05	0.05																									
décomprimée			décomprimé	VER	VER	f	s		0.05	0.05	0.05																									
décomprimées			décomprimé	VER	VER	f	p		0.05	0.05	0.05																									
décomprimés			décomprimé	VER	VER	m	p		0.05	0.05	0.05																									
décongestionnées			décongestionné	VER	VER	f	p		0.05	0.05	0.05																									
décongestionnés			décongestionné	VER	VER	m	p		0.05	0.05	0.05																									
déconnées			déconné	VER	VER	f	p		0.05	0.05	0.05																									
déconnés			déconné	VER	VER	m	p		0.05	0.05	0.05																									
déconsidérées			déconsidéré	VER	VER	f	p		0.05	0.05	0.05																									
découchée			découché	VER	VER	f	s		0.05	0.05	0.05																									
découchées			découché	VER	VER	f	p		0.05	0.05	0.05																									
découchés			découché	VER	VER	m	p		0.05	0.05	0.05																									
découlées			découlé	VER	VER	f	p		0.05	0.05	0.05																									
découlés			découlé	VER	VER	m	p		0.05	0.05	0.05																									
décrassées			décrassé	VER	VER	f	p		0.05	0.05	0.05																									
décrispée			décrispé	VER	VER	f	s		0.05	0.05	0.05																									
décrispés			décrispé	VER	VER	m	p		0.05	0.05	0.05																									
décrédibilisée			décrédibilisé	VER	VER	f	s		0.05	0.05	0.05																									
décrédibilisées			décrédibilisé	VER	VER	f	p		0.05	0.05	0.05																									
déculpabilisées			déculpabilisé	VER	VER	f	p		0.05	0.05	0.05																									
déculpabilisés			déculpabilisé	VER	VER	m	p		0.05	0.05	0.05																									
décuvée			décuvé	VER	VER	f	s		0.05	0.05	0.05																									
décuvées			décuvé	VER	VER	f	p		0.05	0.05	0.05																									
décuvés			décuvé	VER	VER	m	p		0.05	0.05	0.05																									
décélérée			décéléré	VER	VER	f	s		0.05	0.05	0.05																									
décélérées			décéléré	VER	VER	f	p		0.05	0.05	0.05																									
décélérés			décéléré	VER	VER	m	p		0.05	0.05	0.05																									
dédouanées			dédouané	VER	VER	f	p		0.05	0.05	0.05																									
dédramatisée			dédramatisé	VER	VER	f	s		0.05	0.05	0.05																									
dédramatisées			dédramatisé	VER	VER	f	p		0.05	0.05	0.05																									
dédramatisés			dédramatisé	VER	VER	m	p		0.05	0.05	0.05																									
défaussés			défaussé	VER	VER	m	p		0.05	0.05	0.05																									
défenestrées			défenestré	VER	VER	f	p		0.05	0.05	0.05																									
déferlées			déferlé	VER	VER	f	p		0.05	0.05	0.05																									
défibrillées			défibrillé	VER	VER	f	p		0.05	0.05	0.05																									
défibrillés			défibrillé	VER	VER	m	p		0.05	0.05	0.05																									
défibrinée			défibriné	VER	VER	f	s		0.05	0.05	0.05																									
défibrinées			défibriné	VER	VER	f	p		0.05	0.05	0.05																									
défibrinés			défibriné	VER	VER	m	p		0.05	0.05	0.05																									
défiscalisée			défiscalisé	VER	VER	f	s		0.05	0.05	0.05																									
défiscalisées			défiscalisé	VER	VER	f	p		0.05	0.05	0.05																									
défoliée			défolié	VER	VER	f	s		0.05	0.05	0.05																									
défoliées			défolié	VER	VER	f	p		0.05	0.05	0.05																									
défoliés			défolié	VER	VER	m	p		0.05	0.05	0.05																									
défragmentée			défragmenté	VER	VER	f	s		0.05	0.05	0.05																									
défragmentées			défragmenté	VER	VER	f	p		0.05	0.05	0.05																									
défrayée			défrayé	VER	VER	f	s		0.05	0.05	0.05																									
défrayées			défrayé	VER	VER	f	p		0.05	0.05	0.05																									
défripée			défripé	VER	VER	f	s		0.05	0.05	0.05																									
défripées			défripé	VER	VER	f	p		0.05	0.05	0.05																									
défripés			défripé	VER	VER	m	p		0.05	0.05	0.05																									
déféquées			déféqué	VER	VER	f	p		0.05	0.05	0.05																									
déférées			déféré	VER	VER	f	p		0.05	0.05	0.05																									
dégantées			déganté	VER	VER	f	p		0.05	0.05	0.05																									
dégazée			dégazé	VER	VER	f	s		0.05	0.05	0.05																									
dégazées			dégazé	VER	VER	f	p		0.05	0.05	0.05																									
dégazés			dégazé	VER	VER	m	p		0.05	0.05	0.05																									
dégivrée			dégivré	VER	VER	f	s		0.05	0.05	0.05																									
déglacée			déglacé	VER	VER	f	s		0.05	0.05	0.05																									
dégobillées			dégobillé	VER	VER	f	p		0.05	0.05	0.05																									
dégoisée			dégoisé	VER	VER	f	s		0.05	0.05	0.05																									
dégoisées			dégoisé	VER	VER	f	p		0.05	0.05	0.05																									
dégoisés			dégoisé	VER	VER	m	p		0.05	0.05	0.05																									
dégorgée			dégorgé	VER	VER	f	s		0.05	0.05	0.05																									
dégorgées			dégorgé	VER	VER	f	p		0.05	0.05	0.05																									
dégorgés			dégorgé	VER	VER	m	p		0.05	0.05	0.05																									
dégoulinée			dégouliné	VER	VER	f	s		0.05	0.05	0.05																									
dégoulinées			dégouliné	VER	VER	f	p		0.05	0.05	0.05																									
dégoulinés			dégouliné	VER	VER	m	p		0.05	0.05	0.05																									
dégoupillés			dégoupillé	VER	VER	m	p		0.05	0.05	0.05																									
dégouttées			dégoutté	VER	VER	f	p		0.05	0.05	0.05																									
dégouttés			dégoutté	VER	VER	m	p		0.05	0.05	0.05																									
dégrafées			dégrafé	VER	VER	f	p		0.05	0.05	0.05																									
dégrafés			dégrafé	VER	VER	m	p		0.05	0.05	0.05																									
dégrevées			dégrevé	VER	VER	f	p		0.05	0.05	0.05																									
dégrevés			dégrevé	VER	VER	m	p		0.05	0.05	0.05																									
dégringolées			dégringolé	VER	VER	f	p		0.05	0.05	0.05																									
dégrisées			dégrisé	VER	VER	f	p		0.05	0.05	0.05																									
dégroupée			dégroupé	VER	VER	f	s		0.05	0.05	0.05																									
dégroupées			dégroupé	VER	VER	f	p		0.05	0.05	0.05																									
dégroupés			dégroupé	VER	VER	m	p		0.05	0.05	0.05																									
dégustés			dégusté	VER	VER	m	p		0.05	0.05	0.05																									
déhanchées			déhanché	VER	VER	f	p		0.05	0.05	0.05																									
déhouillée			déhouillé	VER	VER	f	s		0.05	0.05	0.05																									
déhouillées			déhouillé	VER	VER	f	p		0.05	0.05	0.05																									
déhouillés			déhouillé	VER	VER	m	p		0.05	0.05	0.05																									
déjeûnée			déjeûné	VER	VER	f	s		0.05	0.05	0.05																									
déjeûnées			déjeûné	VER	VER	f	p		0.05	0.05	0.05																									
déjeûnés			déjeûné	VER	VER	m	p		0.05	0.05	0.05																									
déjugée			déjugé	VER	VER	f	s		0.05	0.05	0.05																									
déjugées			déjugé	VER	VER	f	p		0.05	0.05	0.05																									
délassés			délassé	VER	VER	m	p		0.05	0.05	0.05																									
délayées			délayé	VER	VER	f	p		0.05	0.05	0.05																									
délayés			délayé	VER	VER	m	p		0.05	0.05	0.05																									
délectées			délecté	VER	VER	f	p		0.05	0.05	0.05																									
délirée			déliré	VER	VER	f	s		0.05	0.05	0.05																									
délirées			déliré	VER	VER	f	p		0.05	0.05	0.05																									
délirés			déliré	VER	VER	m	p		0.05	0.05	0.05																									
délitée			délité	VER	VER	f	s		0.05	0.05	0.05																									
délitées			délité	VER	VER	f	p		0.05	0.05	0.05																									
délités			délité	VER	VER	m	p		0.05	0.05	0.05																									
délégitimée			délégitimé	VER	VER	f	s		0.05	0.05	0.05																									
délégitimées			délégitimé	VER	VER	f	p		0.05	0.05	0.05																									
délégitimés			délégitimé	VER	VER	m	p		0.05	0.05	0.05																									
démangés			démangé	VER	VER	m	p		0.05	0.05	0.05																									
démaquillées			démaquillé	VER	VER	f	p		0.05	0.05	0.05																									
démarchées			démarché	VER	VER	f	p		0.05	0.05	0.05																									
dématérialisées			dématérialisé	VER	VER	f	p		0.05	0.05	0.05																									
démilitarisés			démilitarisé	VER	VER	m	p		0.05	0.05	0.05																									
déminée			déminé	VER	VER	f	s		0.05	0.05	0.05																									
déminées			déminé	VER	VER	f	p		0.05	0.05	0.05																									
déminés			déminé	VER	VER	m	p		0.05	0.05	0.05																									
démissionnées			démissionné	VER	VER	f	p		0.05	0.05	0.05																									
démocratisée			démocratisé	VER	VER	f	s		0.05	0.05	0.05																									
démocratisées			démocratisé	VER	VER	f	p		0.05	0.05	0.05																									
démonisées			démonisé	VER	VER	f	p		0.05	0.05	0.05																									
démonisés			démonisé	VER	VER	m	p		0.05	0.05	0.05																									
démonétisée			démonétisé	VER	VER	f	s		0.05	0.05	0.05																									
démonétisées			démonétisé	VER	VER	f	p		0.05	0.05	0.05																									
démonétisés			démonétisé	VER	VER	m	p		0.05	0.05	0.05																									
démotivées			démotivé	VER	VER	f	p		0.05	0.05	0.05																									
démoulées			démoulé	VER	VER	f	p		0.05	0.05	0.05																									
démâtée			démâté	VER	VER	f	s		0.05	0.05	0.05																									
démâtées			démâté	VER	VER	f	p		0.05	0.05	0.05																									
déméritée			démérité	VER	VER	f	s		0.05	0.05	0.05																									
déméritées			démérité	VER	VER	f	p		0.05	0.05	0.05																									
démérités			démérité	VER	VER	m	p		0.05	0.05	0.05																									
déneigés			déneigé	VER	VER	m	p		0.05	0.05	0.05																									
déniaisées			déniaisé	VER	VER	f	p		0.05	0.05	0.05																									
déniaisés			déniaisé	VER	VER	m	p		0.05	0.05	0.05																									
déniées			dénié	VER	VER	f	p		0.05	0.05	0.05																									
dénombrée			dénombré	VER	VER	f	s		0.05	0.05	0.05																									
dénucléarisée			dénucléarisé	VER	VER	f	s		0.05	0.05	0.05																									
dénucléarisées			dénucléarisé	VER	VER	f	p		0.05	0.05	0.05																									
dénucléarisés			dénucléarisé	VER	VER	m	p		0.05	0.05	0.05																									
déparasitée			déparasité	VER	VER	f	s		0.05	0.05	0.05																									
déparasitées			déparasité	VER	VER	f	p		0.05	0.05	0.05																									
déparasités			déparasité	VER	VER	m	p		0.05	0.05	0.05																									
déparée			déparé	VER	VER	f	s		0.05	0.05	0.05																									
déparées			déparé	VER	VER	f	p		0.05	0.05	0.05																									
dépavée			dépavé	VER	VER	f	s		0.05	0.05	0.05																									
dépavées			dépavé	VER	VER	f	p		0.05	0.05	0.05																									
dépavés			dépavé	VER	VER	m	p		0.05	0.05	0.05																									
dépolarisées			dépolarisé	VER	VER	f	p		0.05	0.05	0.05																									
dépoétisée			dépoétisé	VER	VER	f	s		0.05	0.05	0.05																									
dépoétisées			dépoétisé	VER	VER	f	p		0.05	0.05	0.05																									
dépoétisés			dépoétisé	VER	VER	m	p		0.05	0.05	0.05																									
députées			député	VER	VER	f	p		0.05	0.05	0.05																									
dépénalisés			dépénalisé	VER	VER	m	p		0.05	0.05	0.05																									
dépêtrée			dépêtré	VER	VER	f	s		0.05	0.05	0.05																									
dépêtrés			dépêtré	VER	VER	m	p		0.05	0.05	0.05																									
déraillés			déraillé	VER	VER	m	p		0.05	0.05	0.05																									
déraisonnées			déraisonné	VER	VER	f	p		0.05	0.05	0.05																									
dératisée			dératisé	VER	VER	f	s		0.05	0.05	0.05																									
dératisées			dératisé	VER	VER	f	p		0.05	0.05	0.05																									
dératisés			dératisé	VER	VER	m	p		0.05	0.05	0.05																									
déridés			déridé	VER	VER	m	p		0.05	0.05	0.05																									
dérogées			dérogé	VER	VER	f	p		0.05	0.05	0.05																									
dérogés			dérogé	VER	VER	m	p		0.05	0.05	0.05																									
déréglementées			déréglementé	VER	VER	f	p		0.05	0.05	0.05																									
déréglementés			déréglementé	VER	VER	m	p		0.05	0.05	0.05																									
dérégulées			dérégulé	VER	VER	f	p		0.05	0.05	0.05																									
dérégulés			dérégulé	VER	VER	m	p		0.05	0.05	0.05																									
désacralisées			désacralisé	VER	VER	f	p		0.05	0.05	0.05																									
désacralisés			désacralisé	VER	VER	m	p		0.05	0.05	0.05																									
désaltérées			désaltéré	VER	VER	f	p		0.05	0.05	0.05																									
désamarrée			désamarré	VER	VER	f	s		0.05	0.05	0.05																									
désamarrées			désamarré	VER	VER	f	p		0.05	0.05	0.05																									
désamarrés			désamarré	VER	VER	m	p		0.05	0.05	0.05																									
désamiantée			désamianté	VER	VER	f	s		0.05	0.05	0.05																									
désamiantées			désamianté	VER	VER	f	p		0.05	0.05	0.05																									
désamiantés			désamianté	VER	VER	m	p		0.05	0.05	0.05																									
désappointées			désappointé	VER	VER	f	p		0.05	0.05	0.05																									
désarrimées			désarrimé	VER	VER	f	p		0.05	0.05	0.05																									
désarrimés			désarrimé	VER	VER	m	p		0.05	0.05	0.05																									
désarçonnées			désarçonné	VER	VER	f	p		0.05	0.05	0.05																									
désendettée			désendetté	VER	VER	f	s		0.05	0.05	0.05																									
désendettées			désendetté	VER	VER	f	p		0.05	0.05	0.05																									
désengorgée			désengorgé	VER	VER	f	s		0.05	0.05	0.05																									
désengorgées			désengorgé	VER	VER	f	p		0.05	0.05	0.05																									
désengorgés			désengorgé	VER	VER	m	p		0.05	0.05	0.05																									
désenterrée			désenterré	VER	VER	f	s		0.05	0.05	0.05																									
désenterrées			désenterré	VER	VER	f	p		0.05	0.05	0.05																									
désenterrés			désenterré	VER	VER	m	p		0.05	0.05	0.05																									
désertifiés			désertifié	VER	VER	m	p		0.05	0.05	0.05																									
déshabituées			déshabitué	VER	VER	f	p		0.05	0.05	0.05																									
déshabitués			déshabitué	VER	VER	m	p		0.05	0.05	0.05																									
désherbée			désherbé	VER	VER	f	s		0.05	0.05	0.05																									
désherbés			désherbé	VER	VER	m	p		0.05	0.05	0.05																									
désinformée			désinformé	VER	VER	f	s		0.05	0.05	0.05																									
désinformées			désinformé	VER	VER	f	p		0.05	0.05	0.05																									
désinsectisée			désinsectisé	VER	VER	f	s		0.05	0.05	0.05																									
désinsectisées			désinsectisé	VER	VER	f	p		0.05	0.05	0.05																									
désinsectisés			désinsectisé	VER	VER	m	p		0.05	0.05	0.05																									
désintoxiquées			désintoxiqué	VER	VER	f	p		0.05	0.05	0.05																									
désistées			désisté	VER	VER	f	p		0.05	0.05	0.05																									
désobligées			désobligé	VER	VER	f	p		0.05	0.05	0.05																									
désobligés			désobligé	VER	VER	m	p		0.05	0.05	0.05																									
désodorisée			désodorisé	VER	VER	f	s		0.05	0.05	0.05																									
désodorisées			désodorisé	VER	VER	f	p		0.05	0.05	0.05																									
désoxygénées			désoxygéné	VER	VER	f	p		0.05	0.05	0.05																									
désoxygénés			désoxygéné	VER	VER	m	p		0.05	0.05	0.05																									
déstressées			déstressé	VER	VER	f	p		0.05	0.05	0.05																									
déstructurées			déstructuré	VER	VER	f	p		0.05	0.05	0.05																									
déstructurés			déstructuré	VER	VER	m	p		0.05	0.05	0.05																									
détalée			détalé	VER	VER	f	s		0.05	0.05	0.05																									
détalées			détalé	VER	VER	f	p		0.05	0.05	0.05																									
détalés			détalé	VER	VER	m	p		0.05	0.05	0.05																									
détartrée			détartré	VER	VER	f	s		0.05	0.05	0.05																									
détartrées			détartré	VER	VER	f	p		0.05	0.05	0.05																									
détartrés			détartré	VER	VER	m	p		0.05	0.05	0.05																									
détirée			détiré	VER	VER	f	s		0.05	0.05	0.05																									
détirées			détiré	VER	VER	f	p		0.05	0.05	0.05																									
détirés			détiré	VER	VER	m	p		0.05	0.05	0.05																									
détonnées			détonné	VER	VER	f	p		0.05	0.05	0.05																									
détonnés			détonné	VER	VER	m	p		0.05	0.05	0.05																									
détonés			détoné	VER	VER	m	p		0.05	0.05	0.05																									
détoxifiée			détoxifié	VER	VER	f	s		0.05	0.05	0.05																									
détoxifiées			détoxifié	VER	VER	f	p		0.05	0.05	0.05																									
détoxifiés			détoxifié	VER	VER	m	p		0.05	0.05	0.05																									
détrompées			détrompé	VER	VER	f	p		0.05	0.05	0.05																									
dévalée			dévalé	VER	VER	f	s		0.05	0.05	0.05																									
dévalées			dévalé	VER	VER	f	p		0.05	0.05	0.05																									
dévalés			dévalé	VER	VER	m	p		0.05	0.05	0.05																									
dévidée			dévidé	VER	VER	f	s		0.05	0.05	0.05																									
dévidés			dévidé	VER	VER	m	p		0.05	0.05	0.05																									
dévisagées			dévisagé	VER	VER	f	p		0.05	0.05	0.05																									
dévissées			dévissé	VER	VER	f	p		0.05	0.05	0.05																									
dézinguée			dézingué	VER	VER	f	s		0.05	0.05	0.05																									
dézippée			dézippé	VER	VER	f	s		0.05	0.05	0.05																									
dézippées			dézippé	VER	VER	f	p		0.05	0.05	0.05																									
dézippés			dézippé	VER	VER	m	p		0.05	0.05	0.05																									
dézonée			dézoné	VER	VER	f	s		0.05	0.05	0.05																									
dézonées			dézoné	VER	VER	f	p		0.05	0.05	0.05																									
dézonés			dézoné	VER	VER	m	p		0.05	0.05	0.05																									
dînée			dîné	VER	VER	f	s		0.05	0.05	0.05																									
dînées			dîné	VER	VER	f	p		0.05	0.05	0.05																									
effeuillée			effeuillé	VER	VER	f	s		0.05	0.05	0.05																									
effeuillées			effeuillé	VER	VER	f	p		0.05	0.05	0.05																									
effoirées			effoiré	VER	VER	f	p		0.05	0.05	0.05																									
effoirés			effoiré	VER	VER	m	p		0.05	0.05	0.05																									
efforcées			efforcé	VER	VER	f	p		0.05	0.05	0.05																									
embastillées			embastillé	VER	VER	f	p		0.05	0.05	0.05																									
emberlificotées			emberlificoté	VER	VER	f	p		0.05	0.05	0.05																									
embossée			embossé	VER	VER	f	s		0.05	0.05	0.05																									
embossés			embossé	VER	VER	m	p		0.05	0.05	0.05																									
embourgeoisées			embourgeoisé	VER	VER	f	p		0.05	0.05	0.05																									
embouée			emboué	VER	VER	f	s		0.05	0.05	0.05																									
embouées			emboué	VER	VER	f	p		0.05	0.05	0.05																									
emboués			emboué	VER	VER	m	p		0.05	0.05	0.05																									
embrigadées			embrigadé	VER	VER	f	p		0.05	0.05	0.05																									
emmaillotées			emmailloté	VER	VER	f	p		0.05	0.05	0.05																									
empaffée			empaffé	VER	VER	f	s		0.05	0.05	0.05																									
empaffées			empaffé	VER	VER	f	p		0.05	0.05	0.05																									
empapaoutée			empapaouté	VER	VER	f	s		0.05	0.05	0.05																									
empapaoutées			empapaouté	VER	VER	f	p		0.05	0.05	0.05																									
empennées			empenné	VER	VER	f	p		0.05	0.05	0.05																									
empennés			empenné	VER	VER	m	p		0.05	0.05	0.05																									
empierrée			empierré	VER	VER	f	s		0.05	0.05	0.05																									
empierrées			empierré	VER	VER	f	p		0.05	0.05	0.05																									
empierrés			empierré	VER	VER	m	p		0.05	0.05	0.05																									
empiffrés			empiffré	VER	VER	m	p		0.05	0.05	0.05																									
empiétée			empiété	VER	VER	f	s		0.05	0.05	0.05																									
empiétées			empiété	VER	VER	f	p		0.05	0.05	0.05																									
emplâtrées			emplâtré	VER	VER	f	p		0.05	0.05	0.05																									
encagées			encagé	VER	VER	f	p		0.05	0.05	0.05																									
encartée			encarté	VER	VER	f	s		0.05	0.05	0.05																									
encartées			encarté	VER	VER	f	p		0.05	0.05	0.05																									
enceintées			enceinté	VER	VER	f	p		0.05	0.05	0.05																									
enceintés			enceinté	VER	VER	m	p		0.05	0.05	0.05																									
encochés			encoché	VER	VER	m	p		0.05	0.05	0.05																									
encollée			encollé	VER	VER	f	s		0.05	0.05	0.05																									
encordée			encordé	VER	VER	f	s		0.05	0.05	0.05																									
encordées			encordé	VER	VER	f	p		0.05	0.05	0.05																									
encroûtées			encroûté	VER	VER	f	p		0.05	0.05	0.05																									
endigués			endigué	VER	VER	m	p		0.05	0.05	0.05																									
endossées			endossé	VER	VER	f	p		0.05	0.05	0.05																									
enfourchées			enfourché	VER	VER	f	p		0.05	0.05	0.05																									
enfourchés			enfourché	VER	VER	m	p		0.05	0.05	0.05																									
engainée			engainé	VER	VER	f	s		0.05	0.05	0.05																									
engainées			engainé	VER	VER	f	p		0.05	0.05	0.05																									
engainés			engainé	VER	VER	m	p		0.05	0.05	0.05																									
englobés			englobé	VER	VER	m	p		0.05	0.05	0.05																									
engrangées			engrangé	VER	VER	f	p		0.05	0.05	0.05																									
engravés			engravé	VER	VER	m	p		0.05	0.05	0.05																									
enjôlées			enjôlé	VER	VER	f	p		0.05	0.05	0.05																									
enjôlés			enjôlé	VER	VER	m	p		0.05	0.05	0.05																									
enkystée			enkysté	VER	VER	f	s		0.05	0.05	0.05																									
enkystées			enkysté	VER	VER	f	p		0.05	0.05	0.05																									
enkystés			enkysté	VER	VER	m	p		0.05	0.05	0.05																									
ennuagée			ennuagé	VER	VER	f	s		0.05	0.05	0.05																									
ennuagés			ennuagé	VER	VER	m	p		0.05	0.05	0.05																									
enquiquinées			enquiquiné	VER	VER	f	p		0.05	0.05	0.05																									
enquiquinés			enquiquiné	VER	VER	m	p		0.05	0.05	0.05																									
ensouplée			ensouplé	VER	VER	f	s		0.05	0.05	0.05																									
ensouplées			ensouplé	VER	VER	f	p		0.05	0.05	0.05																									
ensouplés			ensouplé	VER	VER	m	p		0.05	0.05	0.05																									
entartée			entarté	VER	VER	f	s		0.05	0.05	0.05																									
entartées			entarté	VER	VER	f	p		0.05	0.05	0.05																									
entartés			entarté	VER	VER	m	p		0.05	0.05	0.05																									
entonnée			entonné	VER	VER	f	s		0.05	0.05	0.05																									
entonnées			entonné	VER	VER	f	p		0.05	0.05	0.05																									
entonnés			entonné	VER	VER	m	p		0.05	0.05	0.05																									
entourloupées			entourloupé	VER	VER	f	p		0.05	0.05	0.05																									
entraidée			entraidé	VER	VER	f	s		0.05	0.05	0.05																									
entrebâillés			entrebâillé	VER	VER	m	p		0.05	0.05	0.05																									
entrelardée			entrelardé	VER	VER	f	s		0.05	0.05	0.05																									
entrelardés			entrelardé	VER	VER	m	p		0.05	0.05	0.05																									
entés			enté	VER	VER	m	p		0.05	0.05	0.05																									
envasées			envasé	VER	VER	f	p		0.05	0.05	0.05																									
envasés			envasé	VER	VER	m	p		0.05	0.05	0.05																									
environnées			environné	VER	VER	f	p		0.05	0.05	0.05																									
ergotée			ergoté	VER	VER	f	s		0.05	0.05	0.05																									
ergotées			ergoté	VER	VER	f	p		0.05	0.05	0.05																									
ergotés			ergoté	VER	VER	m	p		0.05	0.05	0.05																									
escrimées			escrimé	VER	VER	f	p		0.05	0.05	0.05																									
escrimés			escrimé	VER	VER	m	p		0.05	0.05	0.05																									
esquissés			esquissé	VER	VER	m	p		0.05	0.05	0.05																									
essaimées			essaimé	VER	VER	f	p		0.05	0.05	0.05																									
essaimés			essaimé	VER	VER	m	p		0.05	0.05	0.05																									
estampée			estampé	VER	VER	f	s		0.05	0.05	0.05																									
estoquée			estoqué	VER	VER	f	s		0.05	0.05	0.05																									
estoquées			estoqué	VER	VER	f	p		0.05	0.05	0.05																									
estoqués			estoqué	VER	VER	m	p		0.05	0.05	0.05																									
exaspérées			exaspéré	VER	VER	f	p		0.05	0.05	0.05																									
excellée			excellé	VER	VER	f	s		0.05	0.05	0.05																									
excellées			excellé	VER	VER	f	p		0.05	0.05	0.05																									
exclamées			exclamé	VER	VER	f	p		0.05	0.05	0.05																									
excommuniées			excommunié	VER	VER	f	p		0.05	0.05	0.05																									
excédées			excédé	VER	VER	f	p		0.05	0.05	0.05																									
exhalées			exhalé	VER	VER	f	p		0.05	0.05	0.05																									
exhalés			exhalé	VER	VER	m	p		0.05	0.05	0.05																									
exhaurée			exhauré	VER	VER	f	s		0.05	0.05	0.05																									
exhaurées			exhauré	VER	VER	f	p		0.05	0.05	0.05																									
exhaurés			exhauré	VER	VER	m	p		0.05	0.05	0.05																									
exhortée			exhorté	VER	VER	f	s		0.05	0.05	0.05																									
exhortées			exhorté	VER	VER	f	p		0.05	0.05	0.05																									
expectorée			expectoré	VER	VER	f	s		0.05	0.05	0.05																									
expectorées			expectoré	VER	VER	f	p		0.05	0.05	0.05																									
expectorés			expectoré	VER	VER	m	p		0.05	0.05	0.05																									
explicitée			explicité	VER	VER	f	s		0.05	0.05	0.05																									
explicités			explicité	VER	VER	m	p		0.05	0.05	0.05																									
exsudée			exsudé	VER	VER	f	s		0.05	0.05	0.05																									
exsudées			exsudé	VER	VER	f	p		0.05	0.05	0.05																									
externalisées			externalisé	VER	VER	f	p		0.05	0.05	0.05																									
extradées			extradé	VER	VER	f	p		0.05	0.05	0.05																									
extubées			extubé	VER	VER	f	p		0.05	0.05	0.05																									
extubés			extubé	VER	VER	m	p		0.05	0.05	0.05																									
exultée			exulté	VER	VER	f	s		0.05	0.05	0.05																									
exultées			exulté	VER	VER	f	p		0.05	0.05	0.05																									
fabulée			fabulé	VER	VER	f	s		0.05	0.05	0.05																									
fabulées			fabulé	VER	VER	f	p		0.05	0.05	0.05																									
fabulés			fabulé	VER	VER	m	p		0.05	0.05	0.05																									
factorisée			factorisé	VER	VER	f	s		0.05	0.05	0.05																									
factorisées			factorisé	VER	VER	f	p		0.05	0.05	0.05																									
factorisés			factorisé	VER	VER	m	p		0.05	0.05	0.05																									
fanatisées			fanatisé	VER	VER	f	p		0.05	0.05	0.05																									
fanfaronnée			fanfaronné	VER	VER	f	s		0.05	0.05	0.05																									
fanfaronnées			fanfaronné	VER	VER	f	p		0.05	0.05	0.05																									
fanfaronnés			fanfaronné	VER	VER	m	p		0.05	0.05	0.05																									
farfouillée			farfouillé	VER	VER	f	s		0.05	0.05	0.05																									
farfouillées			farfouillé	VER	VER	f	p		0.05	0.05	0.05																									
farfouillés			farfouillé	VER	VER	m	p		0.05	0.05	0.05																									
fayotée			fayoté	VER	VER	f	s		0.05	0.05	0.05																									
fayotées			fayoté	VER	VER	f	p		0.05	0.05	0.05																									
fayotés			fayoté	VER	VER	m	p		0.05	0.05	0.05																									
ferraillée			ferraillé	VER	VER	f	s		0.05	0.05	0.05																									
ferraillées			ferraillé	VER	VER	f	p		0.05	0.05	0.05																									
ferraillés			ferraillé	VER	VER	m	p		0.05	0.05	0.05																									
festonnée			festonné	VER	VER	f	s		0.05	0.05	0.05																									
fiabilisée			fiabilisé	VER	VER	f	s		0.05	0.05	0.05																									
fiabilisées			fiabilisé	VER	VER	f	p		0.05	0.05	0.05																									
fiabilisés			fiabilisé	VER	VER	m	p		0.05	0.05	0.05																									
fidélisées			fidélisé	VER	VER	f	p		0.05	0.05	0.05																									
fidélisés			fidélisé	VER	VER	m	p		0.05	0.05	0.05																									
fignolées			fignolé	VER	VER	f	p		0.05	0.05	0.05																									
fignolés			fignolé	VER	VER	m	p		0.05	0.05	0.05																									
figurés			figuré	VER	VER	m	p		0.05	0.05	0.05																									
filigranée			filigrané	VER	VER	f	s		0.05	0.05	0.05																									
finassée			finassé	VER	VER	f	s		0.05	0.05	0.05																									
finassées			finassé	VER	VER	f	p		0.05	0.05	0.05																									
finassés			finassé	VER	VER	m	p		0.05	0.05	0.05																									
fiscalisée			fiscalisé	VER	VER	f	s		0.05	0.05	0.05																									
fiscalisées			fiscalisé	VER	VER	f	p		0.05	0.05	0.05																									
fiscalisés			fiscalisé	VER	VER	m	p		0.05	0.05	0.05																									
fissionnée			fissionné	VER	VER	f	s		0.05	0.05	0.05																									
fissionnées			fissionné	VER	VER	f	p		0.05	0.05	0.05																									
fissionnés			fissionné	VER	VER	m	p		0.05	0.05	0.05																									
fistée			fisté	VER	VER	f	s		0.05	0.05	0.05																									
fistées			fisté	VER	VER	f	p		0.05	0.05	0.05																									
fistés			fisté	VER	VER	m	p		0.05	0.05	0.05																									
flageolée			flageolé	VER	VER	f	s		0.05	0.05	0.05																									
flageolées			flageolé	VER	VER	f	p		0.05	0.05	0.05																									
flageolés			flageolé	VER	VER	m	p		0.05	0.05	0.05																									
flanchée			flanché	VER	VER	f	s		0.05	0.05	0.05																									
flanchées			flanché	VER	VER	f	p		0.05	0.05	0.05																									
flashées			flashé	VER	VER	f	p		0.05	0.05	0.05																									
flemmardée			flemmardé	VER	VER	f	s		0.05	0.05	0.05																									
flemmardées			flemmardé	VER	VER	f	p		0.05	0.05	0.05																									
flemmardés			flemmardé	VER	VER	m	p		0.05	0.05	0.05																									
fleurdelisée			fleurdelisé	VER	VER	f	s		0.05	0.05	0.05																									
fleurdelisées			fleurdelisé	VER	VER	f	p		0.05	0.05	0.05																									
fleurdelisés			fleurdelisé	VER	VER	m	p		0.05	0.05	0.05																									
flinguées			flingué	VER	VER	f	p		0.05	0.05	0.05																									
fliquée			fliqué	VER	VER	f	s		0.05	0.05	0.05																									
flottées			flotté	VER	VER	f	p		0.05	0.05	0.05																									
fluctuée			fluctué	VER	VER	f	s		0.05	0.05	0.05																									
fluctuées			fluctué	VER	VER	f	p		0.05	0.05	0.05																									
fluctués			fluctué	VER	VER	m	p		0.05	0.05	0.05																									
fluidifiée			fluidifié	VER	VER	f	s		0.05	0.05	0.05																									
fluidifiées			fluidifié	VER	VER	f	p		0.05	0.05	0.05																									
fluidifiés			fluidifié	VER	VER	m	p		0.05	0.05	0.05																									
flânée			flâné	VER	VER	f	s		0.05	0.05	0.05																									
flânées			flâné	VER	VER	f	p		0.05	0.05	0.05																									
flânés			flâné	VER	VER	m	p		0.05	0.05	0.05																									
folâtrée			folâtré	VER	VER	f	s		0.05	0.05	0.05																									
folâtrées			folâtré	VER	VER	f	p		0.05	0.05	0.05																									
folâtrés			folâtré	VER	VER	m	p		0.05	0.05	0.05																									
formalisés			formalisé	VER	VER	m	p		0.05	0.05	0.05																									
forniquées			forniqué	VER	VER	f	p		0.05	0.05	0.05																									
fouinées			fouiné	VER	VER	f	p		0.05	0.05	0.05																									
fouinés			fouiné	VER	VER	m	p		0.05	0.05	0.05																									
fourchées			fourché	VER	VER	f	p		0.05	0.05	0.05																									
fourchés			fourché	VER	VER	m	p		0.05	0.05	0.05																									
fourguées			fourgué	VER	VER	f	p		0.05	0.05	0.05																									
fourmillée			fourmillé	VER	VER	f	s		0.05	0.05	0.05																									
fourmillées			fourmillé	VER	VER	f	p		0.05	0.05	0.05																									
fourmillés			fourmillé	VER	VER	m	p		0.05	0.05	0.05																									
fourragée			fourragé	VER	VER	f	s		0.05	0.05	0.05																									
fourragées			fourragé	VER	VER	f	p		0.05	0.05	0.05																									
fourragés			fourragé	VER	VER	m	p		0.05	0.05	0.05																									
francisés			francisé	VER	VER	m	p		0.05	0.05	0.05																									
fraternisée			fraternisé	VER	VER	f	s		0.05	0.05	0.05																									
fraternisées			fraternisé	VER	VER	f	p		0.05	0.05	0.05																									
fraternisés			fraternisé	VER	VER	m	p		0.05	0.05	0.05																									
fraudée			fraudé	VER	VER	f	s		0.05	0.05	0.05																									
fraudées			fraudé	VER	VER	f	p		0.05	0.05	0.05																									
fraudés			fraudé	VER	VER	m	p		0.05	0.05	0.05																									
fredonnées			fredonné	VER	VER	f	p		0.05	0.05	0.05																									
frenchées			frenché	VER	VER	f	p		0.05	0.05	0.05																									
fricotées			fricoté	VER	VER	f	p		0.05	0.05	0.05																									
fricotés			fricoté	VER	VER	m	p		0.05	0.05	0.05																									
frictionnés			frictionné	VER	VER	m	p		0.05	0.05	0.05																									
frimées			frimé	VER	VER	f	p		0.05	0.05	0.05																									
frissonnée			frissonné	VER	VER	f	s		0.05	0.05	0.05																									
frissonnées			frissonné	VER	VER	f	p		0.05	0.05	0.05																									
frissonnés			frissonné	VER	VER	m	p		0.05	0.05	0.05																									
frondée			frondé	VER	VER	f	s		0.05	0.05	0.05																									
frondées			frondé	VER	VER	f	p		0.05	0.05	0.05																									
frondés			frondé	VER	VER	m	p		0.05	0.05	0.05																									
frétillée			frétillé	VER	VER	f	s		0.05	0.05	0.05																									
frétillées			frétillé	VER	VER	f	p		0.05	0.05	0.05																									
frétillés			frétillé	VER	VER	m	p		0.05	0.05	0.05																									
fuguées			fugué	VER	VER	f	p		0.05	0.05	0.05																									
fuitées			fuité	VER	VER	f	p		0.05	0.05	0.05																									
fulgurée			fulguré	VER	VER	f	s		0.05	0.05	0.05																									
fulgurées			fulguré	VER	VER	f	p		0.05	0.05	0.05																									
fulgurés			fulguré	VER	VER	m	p		0.05	0.05	0.05																									
fulminée			fulminé	VER	VER	f	s		0.05	0.05	0.05																									
fulminées			fulminé	VER	VER	f	p		0.05	0.05	0.05																									
fulminés			fulminé	VER	VER	m	p		0.05	0.05	0.05																									
furetée			fureté	VER	VER	f	s		0.05	0.05	0.05																									
furetées			fureté	VER	VER	f	p		0.05	0.05	0.05																									
furetés			fureté	VER	VER	m	p		0.05	0.05	0.05																									
fuselés			fuselé	VER	VER	m	p		0.05	0.05	0.05																									
fédéralisée			fédéralisé	VER	VER	f	s		0.05	0.05	0.05																									
fédéralisées			fédéralisé	VER	VER	f	p		0.05	0.05	0.05																									
fédéralisés			fédéralisé	VER	VER	m	p		0.05	0.05	0.05																									
féminisées			féminisé	VER	VER	f	p		0.05	0.05	0.05																									
fétichisée			fétichisé	VER	VER	f	s		0.05	0.05	0.05																									
fétichisées			fétichisé	VER	VER	f	p		0.05	0.05	0.05																									
fétichisés			fétichisé	VER	VER	m	p		0.05	0.05	0.05																									
gaffée			gaffé	VER	VER	f	s		0.05	0.05	0.05																									
gaffées			gaffé	VER	VER	f	p		0.05	0.05	0.05																									
gaffés			gaffé	VER	VER	m	p		0.05	0.05	0.05																									
galochées			galoché	VER	VER	f	p		0.05	0.05	0.05																									
galonnées			galonné	VER	VER	f	p		0.05	0.05	0.05																									
galopée			galopé	VER	VER	f	s		0.05	0.05	0.05																									
galopées			galopé	VER	VER	f	p		0.05	0.05	0.05																									
galopés			galopé	VER	VER	m	p		0.05	0.05	0.05																									
galérée			galéré	VER	VER	f	s		0.05	0.05	0.05																									
galérées			galéré	VER	VER	f	p		0.05	0.05	0.05																									
gambadée			gambadé	VER	VER	f	s		0.05	0.05	0.05																									
gambadées			gambadé	VER	VER	f	p		0.05	0.05	0.05																									
gambadés			gambadé	VER	VER	m	p		0.05	0.05	0.05																									
gambergée			gambergé	VER	VER	f	s		0.05	0.05	0.05																									
gambergées			gambergé	VER	VER	f	p		0.05	0.05	0.05																									
gambergés			gambergé	VER	VER	m	p		0.05	0.05	0.05																									
gangrénée			gangréné	VER	VER	f	s		0.05	0.05	0.05																									
gargarisées			gargarisé	VER	VER	f	p		0.05	0.05	0.05																									
gargouillée			gargouillé	VER	VER	f	s		0.05	0.05	0.05																									
gargouillées			gargouillé	VER	VER	f	p		0.05	0.05	0.05																									
gargouillés			gargouillé	VER	VER	m	p		0.05	0.05	0.05																									
garrochés			garroché	VER	VER	m	p		0.05	0.05	0.05																									
garrottées			garrotté	VER	VER	f	p		0.05	0.05	0.05																									
gaufrées			gaufré	VER	VER	f	p		0.05	0.05	0.05																									
gaussée			gaussé	VER	VER	f	s		0.05	0.05	0.05																									
gaussées			gaussé	VER	VER	f	p		0.05	0.05	0.05																									
gaussés			gaussé	VER	VER	m	p		0.05	0.05	0.05																									
gazonnées			gazonné	VER	VER	f	p		0.05	0.05	0.05																									
gazonnés			gazonné	VER	VER	m	p		0.05	0.05	0.05																									
gazouillée			gazouillé	VER	VER	f	s		0.05	0.05	0.05																									
gazouillées			gazouillé	VER	VER	f	p		0.05	0.05	0.05																									
gazouillés			gazouillé	VER	VER	m	p		0.05	0.05	0.05																									
gerbée			gerbé	VER	VER	f	s		0.05	0.05	0.05																									
gerbées			gerbé	VER	VER	f	p		0.05	0.05	0.05																									
gerbés			gerbé	VER	VER	m	p		0.05	0.05	0.05																									
gesticulée			gesticulé	VER	VER	f	s		0.05	0.05	0.05																									
gesticulées			gesticulé	VER	VER	f	p		0.05	0.05	0.05																									
gesticulés			gesticulé	VER	VER	m	p		0.05	0.05	0.05																									
ghettoïsée			ghettoïsé	VER	VER	f	s		0.05	0.05	0.05																									
ghettoïsés			ghettoïsé	VER	VER	m	p		0.05	0.05	0.05																									
gigotée			gigoté	VER	VER	f	s		0.05	0.05	0.05																									
gigotées			gigoté	VER	VER	f	p		0.05	0.05	0.05																									
gigotés			gigoté	VER	VER	m	p		0.05	0.05	0.05																									
glamourisée			glamourisé	VER	VER	f	s		0.05	0.05	0.05																									
glamourisées			glamourisé	VER	VER	f	p		0.05	0.05	0.05																									
glamourisés			glamourisé	VER	VER	m	p		0.05	0.05	0.05																									
glandouillée			glandouillé	VER	VER	f	s		0.05	0.05	0.05																									
glandouillées			glandouillé	VER	VER	f	p		0.05	0.05	0.05																									
glandouillés			glandouillé	VER	VER	m	p		0.05	0.05	0.05																									
glandée			glandé	VER	VER	f	s		0.05	0.05	0.05																									
glandées			glandé	VER	VER	f	p		0.05	0.05	0.05																									
glandés			glandé	VER	VER	m	p		0.05	0.05	0.05																									
glosée			glosé	VER	VER	f	s		0.05	0.05	0.05																									
glosées			glosé	VER	VER	f	p		0.05	0.05	0.05																									
glosés			glosé	VER	VER	m	p		0.05	0.05	0.05																									
glougloutée			glouglouté	VER	VER	f	s		0.05	0.05	0.05																									
glougloutées			glouglouté	VER	VER	f	p		0.05	0.05	0.05																									
glougloutés			glouglouté	VER	VER	m	p		0.05	0.05	0.05																									
gloussée			gloussé	VER	VER	f	s		0.05	0.05	0.05																									
gloussées			gloussé	VER	VER	f	p		0.05	0.05	0.05																									
gloussés			gloussé	VER	VER	m	p		0.05	0.05	0.05																									
googlées			googlé	VER	VER	f	p		0.05	0.05	0.05																									
googlés			googlé	VER	VER	m	p		0.05	0.05	0.05																									
goupillées			goupillé	VER	VER	f	p		0.05	0.05	0.05																									
goupillés			goupillé	VER	VER	m	p		0.05	0.05	0.05																									
gourmandée			gourmandé	VER	VER	f	s		0.05	0.05	0.05																									
gourmandées			gourmandé	VER	VER	f	p		0.05	0.05	0.05																									
gourmandés			gourmandé	VER	VER	m	p		0.05	0.05	0.05																									
gourées			gouré	VER	VER	f	p		0.05	0.05	0.05																									
gouttée			goutté	VER	VER	f	s		0.05	0.05	0.05																									
gouttés			goutté	VER	VER	m	p		0.05	0.05	0.05																									
graillée			graillé	VER	VER	f	s		0.05	0.05	0.05																									
graillées			graillé	VER	VER	f	p		0.05	0.05	0.05																									
grappillée			grappillé	VER	VER	f	s		0.05	0.05	0.05																									
gratifiées			gratifié	VER	VER	f	p		0.05	0.05	0.05																									
gratouillée			gratouillé	VER	VER	f	s		0.05	0.05	0.05																									
gratouillées			gratouillé	VER	VER	f	p		0.05	0.05	0.05																									
gratouillés			gratouillé	VER	VER	m	p		0.05	0.05	0.05																									
grattouillée			grattouillé	VER	VER	f	s		0.05	0.05	0.05																									
grattouillées			grattouillé	VER	VER	f	p		0.05	0.05	0.05																									
grattouillés			grattouillé	VER	VER	m	p		0.05	0.05	0.05																									
gravitées			gravité	VER	VER	f	p		0.05	0.05	0.05																									
grelottée			grelotté	VER	VER	f	s		0.05	0.05	0.05																									
grelottées			grelotté	VER	VER	f	p		0.05	0.05	0.05																									
grelottés			grelotté	VER	VER	m	p		0.05	0.05	0.05																									
grevées			grevé	VER	VER	f	p		0.05	0.05	0.05																									
grevés			grevé	VER	VER	m	p		0.05	0.05	0.05																									
grimacée			grimacé	VER	VER	f	s		0.05	0.05	0.05																									
grimacées			grimacé	VER	VER	f	p		0.05	0.05	0.05																									
grimacés			grimacé	VER	VER	m	p		0.05	0.05	0.05																									
grimées			grimé	VER	VER	f	p		0.05	0.05	0.05																									
grincée			grincé	VER	VER	f	s		0.05	0.05	0.05																									
grincées			grincé	VER	VER	f	p		0.05	0.05	0.05																									
grincés			grincé	VER	VER	m	p		0.05	0.05	0.05																									
grisonnée			grisonné	VER	VER	f	s		0.05	0.05	0.05																									
grisonnées			grisonné	VER	VER	f	p		0.05	0.05	0.05																									
grisonnés			grisonné	VER	VER	m	p		0.05	0.05	0.05																									
grognées			grogné	VER	VER	f	p		0.05	0.05	0.05																									
grognés			grogné	VER	VER	m	p		0.05	0.05	0.05																									
grommelée			grommelé	VER	VER	f	s		0.05	0.05	0.05																									
grommelées			grommelé	VER	VER	f	p		0.05	0.05	0.05																									
grommelés			grommelé	VER	VER	m	p		0.05	0.05	0.05																									
grouillées			grouillé	VER	VER	f	p		0.05	0.05	0.05																									
grésillée			grésillé	VER	VER	f	s		0.05	0.05	0.05																									
grésillées			grésillé	VER	VER	f	p		0.05	0.05	0.05																									
grésillés			grésillé	VER	VER	m	p		0.05	0.05	0.05																									
gréés			gréé	VER	VER	m	p		0.05	0.05	0.05																									
guettées			guetté	VER	VER	f	p		0.05	0.05	0.05																									
gueulées			gueulé	VER	VER	f	p		0.05	0.05	0.05																									
gueulés			gueulé	VER	VER	m	p		0.05	0.05	0.05																									
guignée			guigné	VER	VER	f	s		0.05	0.05	0.05																									
guignées			guigné	VER	VER	f	p		0.05	0.05	0.05																									
guignés			guigné	VER	VER	m	p		0.05	0.05	0.05																									
guillotinées			guillotiné	VER	VER	f	p		0.05	0.05	0.05																									
guinchée			guinché	VER	VER	f	s		0.05	0.05	0.05																									
guinchées			guinché	VER	VER	f	p		0.05	0.05	0.05																									
guinchés			guinché	VER	VER	m	p		0.05	0.05	0.05																									
hachurées			hachuré	VER	VER	f	p		0.05	0.05	0.05																									
haletées			haleté	VER	VER	f	p		0.05	0.05	0.05																									
haletés			haleté	VER	VER	m	p		0.05	0.05	0.05																									
haranguées			harangué	VER	VER	f	p		0.05	0.05	0.05																									
harassées			harassé	VER	VER	f	p		0.05	0.05	0.05																									
harmonisée			harmonisé	VER	VER	f	s		0.05	0.05	0.05																									
harmonisées			harmonisé	VER	VER	f	p		0.05	0.05	0.05																									
hasardées			hasardé	VER	VER	f	p		0.05	0.05	0.05																									
haussées			haussé	VER	VER	f	p		0.05	0.05	0.05																									
hellénisée			hellénisé	VER	VER	f	s		0.05	0.05	0.05																									
hellénisées			hellénisé	VER	VER	f	p		0.05	0.05	0.05																									
hellénisés			hellénisé	VER	VER	m	p		0.05	0.05	0.05																									
hibernée			hiberné	VER	VER	f	s		0.05	0.05	0.05																									
hibernées			hiberné	VER	VER	f	p		0.05	0.05	0.05																									
hibernés			hiberné	VER	VER	m	p		0.05	0.05	0.05																									
hivernées			hiverné	VER	VER	f	p		0.05	0.05	0.05																									
hivernés			hiverné	VER	VER	m	p		0.05	0.05	0.05																									
hochées			hoché	VER	VER	f	p		0.05	0.05	0.05																									
hochés			hoché	VER	VER	m	p		0.05	0.05	0.05																									
homicidées			homicidé	VER	VER	f	p		0.05	0.05	0.05																									
homicidés			homicidé	VER	VER	m	p		0.05	0.05	0.05																									
hoquetée			hoqueté	VER	VER	f	s		0.05	0.05	0.05																									
hoquetées			hoqueté	VER	VER	f	p		0.05	0.05	0.05																									
hoquetés			hoqueté	VER	VER	m	p		0.05	0.05	0.05																									
horripilées			horripilé	VER	VER	f	p		0.05	0.05	0.05																									
horripilés			horripilé	VER	VER	m	p		0.05	0.05	0.05																									
houspillée			houspillé	VER	VER	f	s		0.05	0.05	0.05																									
houspillées			houspillé	VER	VER	f	p		0.05	0.05	0.05																									
houspillés			houspillé	VER	VER	m	p		0.05	0.05	0.05																									
hululée			hululé	VER	VER	f	s		0.05	0.05	0.05																									
hululées			hululé	VER	VER	f	p		0.05	0.05	0.05																									
hululés			hululé	VER	VER	m	p		0.05	0.05	0.05																									
humectées			humecté	VER	VER	f	p		0.05	0.05	0.05																									
humées			humé	VER	VER	f	p		0.05	0.05	0.05																									
humés			humé	VER	VER	m	p		0.05	0.05	0.05																									
huttée			hutté	VER	VER	f	s		0.05	0.05	0.05																									
huttées			hutté	VER	VER	f	p		0.05	0.05	0.05																									
huttés			hutté	VER	VER	m	p		0.05	0.05	0.05																									
hybridée			hybridé	VER	VER	f	s		0.05	0.05	0.05																									
hybridées			hybridé	VER	VER	f	p		0.05	0.05	0.05																									
hélitreuillée			hélitreuillé	VER	VER	f	s		0.05	0.05	0.05																									
hélitreuillés			hélitreuillé	VER	VER	m	p		0.05	0.05	0.05																									
hélées			hélé	VER	VER	f	p		0.05	0.05	0.05																									
héroïsée			héroïsé	VER	VER	f	s		0.05	0.05	0.05																									
héroïsées			héroïsé	VER	VER	f	p		0.05	0.05	0.05																									
héroïsés			héroïsé	VER	VER	m	p		0.05	0.05	0.05																									
hésitées			hésité	VER	VER	f	p		0.05	0.05	0.05																									
illusionnée			illusionné	VER	VER	f	s		0.05	0.05	0.05																									
illégalisées			illégalisé	VER	VER	f	p		0.05	0.05	0.05																									
illégalisés			illégalisé	VER	VER	m	p		0.05	0.05	0.05																									
immiscées			immiscé	VER	VER	f	p		0.05	0.05	0.05																									
impactés			impacté	VER	VER	m	p		0.05	0.05	0.05																									
impatientées			impatienté	VER	VER	f	p		0.05	0.05	0.05																									
imperméabilisées			imperméabilisé	VER	VER	f	p		0.05	0.05	0.05																									
implosés			implosé	VER	VER	m	p		0.05	0.05	0.05																									
incantée			incanté	VER	VER	f	s		0.05	0.05	0.05																									
incantées			incanté	VER	VER	f	p		0.05	0.05	0.05																									
incantés			incanté	VER	VER	m	p		0.05	0.05	0.05																									
incapacitée			incapacité	VER	VER	f	s		0.05	0.05	0.05																									
incapacitées			incapacité	VER	VER	f	p		0.05	0.05	0.05																									
incombée			incombé	VER	VER	f	s		0.05	0.05	0.05																									
incombées			incombé	VER	VER	f	p		0.05	0.05	0.05																									
incombés			incombé	VER	VER	m	p		0.05	0.05	0.05																									
incubée			incubé	VER	VER	f	s		0.05	0.05	0.05																									
indifférée			indifféré	VER	VER	f	s		0.05	0.05	0.05																									
indifférées			indifféré	VER	VER	f	p		0.05	0.05	0.05																									
indifférés			indifféré	VER	VER	m	p		0.05	0.05	0.05																									
infantilisées			infantilisé	VER	VER	f	p		0.05	0.05	0.05																									
infantilisés			infantilisé	VER	VER	m	p		0.05	0.05	0.05																									
infatués			infatué	VER	VER	m	p		0.05	0.05	0.05																									
influée			influé	VER	VER	f	s		0.05	0.05	0.05																									
influées			influé	VER	VER	f	p		0.05	0.05	0.05																									
influés			influé	VER	VER	m	p		0.05	0.05	0.05																									
inférées			inféré	VER	VER	f	p		0.05	0.05	0.05																									
inférés			inféré	VER	VER	m	p		0.05	0.05	0.05																									
ingéniée			ingénié	VER	VER	f	s		0.05	0.05	0.05																									
ingéniées			ingénié	VER	VER	f	p		0.05	0.05	0.05																									
innovée			innové	VER	VER	f	s		0.05	0.05	0.05																									
innovées			innové	VER	VER	f	p		0.05	0.05	0.05																									
innovés			innové	VER	VER	m	p		0.05	0.05	0.05																									
insensibilisées			insensibilisé	VER	VER	f	p		0.05	0.05	0.05																									
insinuées			insinué	VER	VER	f	p		0.05	0.05	0.05																									
insistées			insisté	VER	VER	f	p		0.05	0.05	0.05																									
instrumentalisée			instrumentalisé	VER	VER	f	s		0.05	0.05	0.05																									
instrumentalisées			instrumentalisé	VER	VER	f	p		0.05	0.05	0.05																									
instrumentée			instrumenté	VER	VER	f	s		0.05	0.05	0.05																									
instrumentées			instrumenté	VER	VER	f	p		0.05	0.05	0.05																									
instrumentés			instrumenté	VER	VER	m	p		0.05	0.05	0.05																									
intellectualisée			intellectualisé	VER	VER	f	s		0.05	0.05	0.05																									
intellectualisées			intellectualisé	VER	VER	f	p		0.05	0.05	0.05																									
intellectualisés			intellectualisé	VER	VER	m	p		0.05	0.05	0.05																									
intercalée			intercalé	VER	VER	f	s		0.05	0.05	0.05																									
intercalées			intercalé	VER	VER	f	p		0.05	0.05	0.05																									
intercédée			intercédé	VER	VER	f	s		0.05	0.05	0.05																									
intercédées			intercédé	VER	VER	f	p		0.05	0.05	0.05																									
intercédés			intercédé	VER	VER	m	p		0.05	0.05	0.05																									
interfacée			interfacé	VER	VER	f	s		0.05	0.05	0.05																									
interfacées			interfacé	VER	VER	f	p		0.05	0.05	0.05																									
interfacés			interfacé	VER	VER	m	p		0.05	0.05	0.05																									
interférées			interféré	VER	VER	f	p		0.05	0.05	0.05																									
interjetés			interjeté	VER	VER	m	p		0.05	0.05	0.05																									
interloquées			interloqué	VER	VER	f	p		0.05	0.05	0.05																									
intimées			intimé	VER	VER	f	p		0.05	0.05	0.05																									
intimés			intimé	VER	VER	m	p		0.05	0.05	0.05																									
invaginée			invaginé	VER	VER	f	s		0.05	0.05	0.05																									
invaginées			invaginé	VER	VER	f	p		0.05	0.05	0.05																									
invaginés			invaginé	VER	VER	m	p		0.05	0.05	0.05																									
invectivées			invectivé	VER	VER	f	p		0.05	0.05	0.05																									
invectivés			invectivé	VER	VER	m	p		0.05	0.05	0.05																									
ironisée			ironisé	VER	VER	f	s		0.05	0.05	0.05																									
ironisées			ironisé	VER	VER	f	p		0.05	0.05	0.05																									
ironisés			ironisé	VER	VER	m	p		0.05	0.05	0.05																									
jacassée			jacassé	VER	VER	f	s		0.05	0.05	0.05																									
jacassées			jacassé	VER	VER	f	p		0.05	0.05	0.05																									
jacassés			jacassé	VER	VER	m	p		0.05	0.05	0.05																									
jackée			jacké	VER	VER	f	s		0.05	0.05	0.05																									
jackées			jacké	VER	VER	f	p		0.05	0.05	0.05																									
jackés			jacké	VER	VER	m	p		0.05	0.05	0.05																									
jactée			jacté	VER	VER	f	s		0.05	0.05	0.05																									
jactées			jacté	VER	VER	f	p		0.05	0.05	0.05																									
jactés			jacté	VER	VER	m	p		0.05	0.05	0.05																									
jalonnés			jalonné	VER	VER	m	p		0.05	0.05	0.05																									
japonisée			japonisé	VER	VER	f	s		0.05	0.05	0.05																									
japonisées			japonisé	VER	VER	f	p		0.05	0.05	0.05																									
japonisés			japonisé	VER	VER	m	p		0.05	0.05	0.05																									
jappée			jappé	VER	VER	f	s		0.05	0.05	0.05																									
jappées			jappé	VER	VER	f	p		0.05	0.05	0.05																									
jappés			jappé	VER	VER	m	p		0.05	0.05	0.05																									
jasée			jasé	VER	VER	f	s		0.05	0.05	0.05																									
jasées			jasé	VER	VER	f	p		0.05	0.05	0.05																									
jasés			jasé	VER	VER	m	p		0.05	0.05	0.05																									
jaugées			jaugé	VER	VER	f	p		0.05	0.05	0.05																									
javellisées			javellisé	VER	VER	f	p		0.05	0.05	0.05																									
jettées			jetté	VER	VER	f	p		0.05	0.05	0.05																									
jeunée			jeuné	VER	VER	f	s		0.05	0.05	0.05																									
jeunées			jeuné	VER	VER	f	p		0.05	0.05	0.05																									
jeunés			jeuné	VER	VER	m	p		0.05	0.05	0.05																									
jointoyée			jointoyé	VER	VER	f	s		0.05	0.05	0.05																									
jointoyées			jointoyé	VER	VER	f	p		0.05	0.05	0.05																									
jointoyés			jointoyé	VER	VER	m	p		0.05	0.05	0.05																									
jonglées			jonglé	VER	VER	f	p		0.05	0.05	0.05																									
joutée			jouté	VER	VER	f	s		0.05	0.05	0.05																									
joutées			jouté	VER	VER	f	p		0.05	0.05	0.05																									
joutés			jouté	VER	VER	m	p		0.05	0.05	0.05																									
jubilées			jubilé	VER	VER	f	p		0.05	0.05	0.05																									
juchées			juché	VER	VER	f	p		0.05	0.05	0.05																									
jugulés			jugulé	VER	VER	m	p		0.05	0.05	0.05																									
jutée			juté	VER	VER	f	s		0.05	0.05	0.05																									
jutées			juté	VER	VER	f	p		0.05	0.05	0.05																									
jutés			juté	VER	VER	m	p		0.05	0.05	0.05																									
kiffées			kiffé	VER	VER	f	p		0.05	0.05	0.05																									
klaxonnées			klaxonné	VER	VER	f	p		0.05	0.05	0.05																									
laciniée			lacinié	VER	VER	f	s		0.05	0.05	0.05																									
lambinée			lambiné	VER	VER	f	s		0.05	0.05	0.05																									
lambinées			lambiné	VER	VER	f	p		0.05	0.05	0.05																									
lambinés			lambiné	VER	VER	m	p		0.05	0.05	0.05																									
lambrissés			lambrissé	VER	VER	m	p		0.05	0.05	0.05																									
lamentées			lamenté	VER	VER	f	p		0.05	0.05	0.05																									
lamentés			lamenté	VER	VER	m	p		0.05	0.05	0.05																									
lampés			lampé	VER	VER	m	p		0.05	0.05	0.05																									
lamées			lamé	VER	VER	f	p		0.05	0.05	0.05																									
langées			langé	VER	VER	f	p		0.05	0.05	0.05																									
langés			langé	VER	VER	m	p		0.05	0.05	0.05																									
lanternée			lanterné	VER	VER	f	s		0.05	0.05	0.05																									
lanternées			lanterné	VER	VER	f	p		0.05	0.05	0.05																									
lanternés			lanterné	VER	VER	m	p		0.05	0.05	0.05																									
lapée			lapé	VER	VER	f	s		0.05	0.05	0.05																									
lapés			lapé	VER	VER	m	p		0.05	0.05	0.05																									
lardées			lardé	VER	VER	f	p		0.05	0.05	0.05																									
laïcisée			laïcisé	VER	VER	f	s		0.05	0.05	0.05																									
laïcisées			laïcisé	VER	VER	f	p		0.05	0.05	0.05																									
laïcisés			laïcisé	VER	VER	m	p		0.05	0.05	0.05																									
libellées			libellé	VER	VER	f	p		0.05	0.05	0.05																									
libéralisée			libéralisé	VER	VER	f	s		0.05	0.05	0.05																									
libéralisées			libéralisé	VER	VER	f	p		0.05	0.05	0.05																									
libéralisés			libéralisé	VER	VER	m	p		0.05	0.05	0.05																									
likées			liké	VER	VER	f	p		0.05	0.05	0.05																									
limogées			limogé	VER	VER	f	p		0.05	0.05	0.05																									
lisérée			liséré	VER	VER	f	s		0.05	0.05	0.05																									
lisérées			liséré	VER	VER	f	p		0.05	0.05	0.05																									
lisérés			liséré	VER	VER	m	p		0.05	0.05	0.05																									
loguées			logué	VER	VER	f	p		0.05	0.05	0.05																									
longées			longé	VER	VER	f	p		0.05	0.05	0.05																									
lorgnées			lorgné	VER	VER	f	p		0.05	0.05	0.05																									
louangée			louangé	VER	VER	f	s		0.05	0.05	0.05																									
louangées			louangé	VER	VER	f	p		0.05	0.05	0.05																									
louchées			louché	VER	VER	f	p		0.05	0.05	0.05																									
louchés			louché	VER	VER	m	p		0.05	0.05	0.05																									
lutinées			lutiné	VER	VER	f	p		0.05	0.05	0.05																									
lutinés			lutiné	VER	VER	m	p		0.05	0.05	0.05																									
luttées			lutté	VER	VER	f	p		0.05	0.05	0.05																									
luxées			luxé	VER	VER	f	p		0.05	0.05	0.05																									
légiférées			légiféré	VER	VER	f	p		0.05	0.05	0.05																									
légiférés			légiféré	VER	VER	m	p		0.05	0.05	0.05																									
lésinée			lésiné	VER	VER	f	s		0.05	0.05	0.05																									
lésinées			lésiné	VER	VER	f	p		0.05	0.05	0.05																									
lésinés			lésiné	VER	VER	m	p		0.05	0.05	0.05																									
lévitée			lévité	VER	VER	f	s		0.05	0.05	0.05																									
lévitées			lévité	VER	VER	f	p		0.05	0.05	0.05																									
lévités			lévité	VER	VER	m	p		0.05	0.05	0.05																									
machinées			machiné	VER	VER	f	p		0.05	0.05	0.05																									
magasinée			magasiné	VER	VER	f	s		0.05	0.05	0.05																									
magasinées			magasiné	VER	VER	f	p		0.05	0.05	0.05																									
magasinés			magasiné	VER	VER	m	p		0.05	0.05	0.05																									
magnée			magné	VER	VER	f	s		0.05	0.05	0.05																									
magnées			magné	VER	VER	f	p		0.05	0.05	0.05																									
magnés			magné	VER	VER	m	p		0.05	0.05	0.05																									
magouillée			magouillé	VER	VER	f	s		0.05	0.05	0.05																									
magouillées			magouillé	VER	VER	f	p		0.05	0.05	0.05																									
maillées			maillé	VER	VER	f	p		0.05	0.05	0.05																									
mailés			mailé	VER	VER	m	p		0.05	0.05	0.05																									
mandées			mandé	VER	VER	f	p		0.05	0.05	0.05																									
manigancées			manigancé	VER	VER	f	p		0.05	0.05	0.05																									
mantelées			mantelé	VER	VER	f	p		0.05	0.05	0.05																									
mantelés			mantelé	VER	VER	m	p		0.05	0.05	0.05																									
mappée			mappé	VER	VER	f	s		0.05	0.05	0.05																									
mappées			mappé	VER	VER	f	p		0.05	0.05	0.05																									
mappés			mappé	VER	VER	m	p		0.05	0.05	0.05																									
maraboutée			marabouté	VER	VER	f	s		0.05	0.05	0.05																									
maraboutées			marabouté	VER	VER	f	p		0.05	0.05	0.05																									
maraboutés			marabouté	VER	VER	m	p		0.05	0.05	0.05																									
maraudée			maraudé	VER	VER	f	s		0.05	0.05	0.05																									
maraudées			maraudé	VER	VER	f	p		0.05	0.05	0.05																									
maraudés			maraudé	VER	VER	m	p		0.05	0.05	0.05																									
marbrées			marbré	VER	VER	f	p		0.05	0.05	0.05																									
marnée			marné	VER	VER	f	s		0.05	0.05	0.05																									
marnées			marné	VER	VER	f	p		0.05	0.05	0.05																									
marnés			marné	VER	VER	m	p		0.05	0.05	0.05																									
masculinisées			masculinisé	VER	VER	f	p		0.05	0.05	0.05																									
masculinisés			masculinisé	VER	VER	m	p		0.05	0.05	0.05																									
masterisée			masterisé	VER	VER	f	s		0.05	0.05	0.05																									
masterisées			masterisé	VER	VER	f	p		0.05	0.05	0.05																									
masterisés			masterisé	VER	VER	m	p		0.05	0.05	0.05																									
mastiquées			mastiqué	VER	VER	f	p		0.05	0.05	0.05																									
maternées			materné	VER	VER	f	p		0.05	0.05	0.05																									
matriculée			matriculé	VER	VER	f	s		0.05	0.05	0.05																									
matriculées			matriculé	VER	VER	f	p		0.05	0.05	0.05																									
matriculés			matriculé	VER	VER	m	p		0.05	0.05	0.05																									
mattées			matté	VER	VER	f	p		0.05	0.05	0.05																									
mattés			matté	VER	VER	m	p		0.05	0.05	0.05																									
maturées			maturé	VER	VER	f	p		0.05	0.05	0.05																									
maturés			maturé	VER	VER	m	p		0.05	0.05	0.05																									
maugréée			maugréé	VER	VER	f	s		0.05	0.05	0.05																									
maugréées			maugréé	VER	VER	f	p		0.05	0.05	0.05																									
maugréés			maugréé	VER	VER	m	p		0.05	0.05	0.05																									
maximisée			maximisé	VER	VER	f	s		0.05	0.05	0.05																									
menstruées			menstrué	VER	VER	f	p		0.05	0.05	0.05																									
menstrués			menstrué	VER	VER	m	p		0.05	0.05	0.05																									
mensualisée			mensualisé	VER	VER	f	s		0.05	0.05	0.05																									
mensualisées			mensualisé	VER	VER	f	p		0.05	0.05	0.05																									
menuisée			menuisé	VER	VER	f	s		0.05	0.05	0.05																									
menuisées			menuisé	VER	VER	f	p		0.05	0.05	0.05																									
menuisés			menuisé	VER	VER	m	p		0.05	0.05	0.05																									
mercerisée			mercerisé	VER	VER	f	s		0.05	0.05	0.05																									
mercerisées			mercerisé	VER	VER	f	p		0.05	0.05	0.05																									
mercerisés			mercerisé	VER	VER	m	p		0.05	0.05	0.05																									
merdées			merdé	VER	VER	f	p		0.05	0.05	0.05																									
meulée			meulé	VER	VER	f	s		0.05	0.05	0.05																									
meulées			meulé	VER	VER	f	p		0.05	0.05	0.05																									
meulés			meulé	VER	VER	m	p		0.05	0.05	0.05																									
miaulée			miaulé	VER	VER	f	s		0.05	0.05	0.05																									
miaulées			miaulé	VER	VER	f	p		0.05	0.05	0.05																									
miaulés			miaulé	VER	VER	m	p		0.05	0.05	0.05																									
microfilmés			microfilmé	VER	VER	m	p		0.05	0.05	0.05																									
militée			milité	VER	VER	f	s		0.05	0.05	0.05																									
militées			milité	VER	VER	f	p		0.05	0.05	0.05																									
milités			milité	VER	VER	m	p		0.05	0.05	0.05																									
minaudées			minaudé	VER	VER	f	p		0.05	0.05	0.05																									
minaudés			minaudé	VER	VER	m	p		0.05	0.05	0.05																									
minorées			minoré	VER	VER	f	p		0.05	0.05	0.05																									
minorés			minoré	VER	VER	m	p		0.05	0.05	0.05																									
miroitées			miroité	VER	VER	f	p		0.05	0.05	0.05																									
mirée			miré	VER	VER	f	s		0.05	0.05	0.05																									
mirées			miré	VER	VER	f	p		0.05	0.05	0.05																									
mirés			miré	VER	VER	m	p		0.05	0.05	0.05																									
missionnées			missionné	VER	VER	f	p		0.05	0.05	0.05																									
misées			misé	VER	VER	f	p		0.05	0.05	0.05																									
mitrée			mitré	VER	VER	f	s		0.05	0.05	0.05																									
modulées			modulé	VER	VER	f	p		0.05	0.05	0.05																									
moitées			moité	VER	VER	f	p		0.05	0.05	0.05																									
moités			moité	VER	VER	m	p		0.05	0.05	0.05																									
mollardée			mollardé	VER	VER	f	s		0.05	0.05	0.05																									
mollardées			mollardé	VER	VER	f	p		0.05	0.05	0.05																									
mollardés			mollardé	VER	VER	m	p		0.05	0.05	0.05																									
mondialisées			mondialisé	VER	VER	f	p		0.05	0.05	0.05																									
mondées			mondé	VER	VER	f	p		0.05	0.05	0.05																									
mondés			mondé	VER	VER	m	p		0.05	0.05	0.05																									
monnayées			monnayé	VER	VER	f	p		0.05	0.05	0.05																									
monologuée			monologué	VER	VER	f	s		0.05	0.05	0.05																									
monologuées			monologué	VER	VER	f	p		0.05	0.05	0.05																									
monologués			monologué	VER	VER	m	p		0.05	0.05	0.05																									
monophtonguée			monophtongué	VER	VER	f	s		0.05	0.05	0.05																									
monophtonguées			monophtongué	VER	VER	f	p		0.05	0.05	0.05																									
monophtongués			monophtongué	VER	VER	m	p		0.05	0.05	0.05																									
monétisés			monétisé	VER	VER	m	p		0.05	0.05	0.05																									
moquettées			moquetté	VER	VER	f	p		0.05	0.05	0.05																									
moquettés			moquetté	VER	VER	m	p		0.05	0.05	0.05																									
moralisée			moralisé	VER	VER	f	s		0.05	0.05	0.05																									
moralisées			moralisé	VER	VER	f	p		0.05	0.05	0.05																									
moralisés			moralisé	VER	VER	m	p		0.05	0.05	0.05																									
mordillées			mordillé	VER	VER	f	p		0.05	0.05	0.05																									
morflée			morflé	VER	VER	f	s		0.05	0.05	0.05																									
morflées			morflé	VER	VER	f	p		0.05	0.05	0.05																									
morflés			morflé	VER	VER	m	p		0.05	0.05	0.05																									
mouchardées			mouchardé	VER	VER	f	p		0.05	0.05	0.05																									
mouftée			moufté	VER	VER	f	s		0.05	0.05	0.05																									
mouftées			moufté	VER	VER	f	p		0.05	0.05	0.05																									
mouftés			moufté	VER	VER	m	p		0.05	0.05	0.05																									
moulinée			mouliné	VER	VER	f	s		0.05	0.05	0.05																									
moussée			moussé	VER	VER	f	s		0.05	0.05	0.05																									
moussées			moussé	VER	VER	f	p		0.05	0.05	0.05																									
moussés			moussé	VER	VER	m	p		0.05	0.05	0.05																									
multiplexée			multiplexé	VER	VER	f	s		0.05	0.05	0.05																									
multiplexées			multiplexé	VER	VER	f	p		0.05	0.05	0.05																									
multiplexés			multiplexé	VER	VER	m	p		0.05	0.05	0.05																									
musardée			musardé	VER	VER	f	s		0.05	0.05	0.05																									
musardées			musardé	VER	VER	f	p		0.05	0.05	0.05																									
musardés			musardé	VER	VER	m	p		0.05	0.05	0.05																									
muscadée			muscadé	VER	VER	f	s		0.05	0.05	0.05																									
muscadées			muscadé	VER	VER	f	p		0.05	0.05	0.05																									
muscadés			muscadé	VER	VER	m	p		0.05	0.05	0.05																									
mussées			mussé	VER	VER	f	p		0.05	0.05	0.05																									
mussés			mussé	VER	VER	m	p		0.05	0.05	0.05																									
mythifiées			mythifié	VER	VER	f	p		0.05	0.05	0.05																									
mâchonnées			mâchonné	VER	VER	f	p		0.05	0.05	0.05																									
mâchonnés			mâchonné	VER	VER	m	p		0.05	0.05	0.05																									
mâchouillées			mâchouillé	VER	VER	f	p		0.05	0.05	0.05																									
mâtée			mâté	VER	VER	f	s		0.05	0.05	0.05																									
mâtés			mâté	VER	VER	m	p		0.05	0.05	0.05																									
mécontentées			mécontenté	VER	VER	f	p		0.05	0.05	0.05																									
mécontentés			mécontenté	VER	VER	m	p		0.05	0.05	0.05																									
méditées			médité	VER	VER	f	p		0.05	0.05	0.05																									
médités			médité	VER	VER	m	p		0.05	0.05	0.05																									
médusées			médusé	VER	VER	f	p		0.05	0.05	0.05																									
mégotée			mégoté	VER	VER	f	s		0.05	0.05	0.05																									
mégotées			mégoté	VER	VER	f	p		0.05	0.05	0.05																									
mégotés			mégoté	VER	VER	m	p		0.05	0.05	0.05																									
méjugées			méjugé	VER	VER	f	p		0.05	0.05	0.05																									
mésestimés			mésestimé	VER	VER	m	p		0.05	0.05	0.05																									
métrée			métré	VER	VER	f	s		0.05	0.05	0.05																									
métrées			métré	VER	VER	f	p		0.05	0.05	0.05																									
napalmisée			napalmisé	VER	VER	f	s		0.05	0.05	0.05																									
napalmisées			napalmisé	VER	VER	f	p		0.05	0.05	0.05																									
napalmisés			napalmisé	VER	VER	m	p		0.05	0.05	0.05																									
narguées			nargué	VER	VER	f	p		0.05	0.05	0.05																									
narrées			narré	VER	VER	f	p		0.05	0.05	0.05																									
naviguées			navigué	VER	VER	f	p		0.05	0.05	0.05																									
nervée			nervé	VER	VER	f	s		0.05	0.05	0.05																									
nervées			nervé	VER	VER	f	p		0.05	0.05	0.05																									
nervés			nervé	VER	VER	m	p		0.05	0.05	0.05																									
niaisées			niaisé	VER	VER	f	p		0.05	0.05	0.05																									
niaisés			niaisé	VER	VER	m	p		0.05	0.05	0.05																									
nimbées			nimbé	VER	VER	f	p		0.05	0.05	0.05																									
nivelés			nivelé	VER	VER	m	p		0.05	0.05	0.05																									
nombrée			nombré	VER	VER	f	s		0.05	0.05	0.05																									
nombrées			nombré	VER	VER	f	p		0.05	0.05	0.05																									
nombrés			nombré	VER	VER	m	p		0.05	0.05	0.05																									
normée			normé	VER	VER	f	s		0.05	0.05	0.05																									
novée			nové	VER	VER	f	s		0.05	0.05	0.05																									
novées			nové	VER	VER	f	p		0.05	0.05	0.05																									
novés			nové	VER	VER	m	p		0.05	0.05	0.05																									
noyautées			noyauté	VER	VER	f	p		0.05	0.05	0.05																									
nucléarisées			nucléarisé	VER	VER	f	p		0.05	0.05	0.05																									
nucléarisés			nucléarisé	VER	VER	m	p		0.05	0.05	0.05																									
objectivées			objectivé	VER	VER	f	p		0.05	0.05	0.05																									
objectée			objecté	VER	VER	f	s		0.05	0.05	0.05																									
objectées			objecté	VER	VER	f	p		0.05	0.05	0.05																									
objectés			objecté	VER	VER	m	p		0.05	0.05	0.05																									
obliquée			obliqué	VER	VER	f	s		0.05	0.05	0.05																									
obliquées			obliqué	VER	VER	f	p		0.05	0.05	0.05																									
obliqués			obliqué	VER	VER	m	p		0.05	0.05	0.05																									
obtempérée			obtempéré	VER	VER	f	s		0.05	0.05	0.05																									
obtempérées			obtempéré	VER	VER	f	p		0.05	0.05	0.05																									
obtempérés			obtempéré	VER	VER	m	p		0.05	0.05	0.05																									
obturée			obturé	VER	VER	f	s		0.05	0.05	0.05																									
octuplée			octuplé	VER	VER	f	s		0.05	0.05	0.05																									
oeuvrée			oeuvré	VER	VER	f	s		0.05	0.05	0.05																									
oeuvrées			oeuvré	VER	VER	f	p		0.05	0.05	0.05																									
officialisées			officialisé	VER	VER	f	p		0.05	0.05	0.05																									
officiée			officié	VER	VER	f	s		0.05	0.05	0.05																									
officiées			officié	VER	VER	f	p		0.05	0.05	0.05																									
ombrés			ombré	VER	VER	m	p		0.05	0.05	0.05																									
opacifiés			opacifié	VER	VER	m	p		0.05	0.05	0.05																									
opinée			opiné	VER	VER	f	s		0.05	0.05	0.05																									
opinées			opiné	VER	VER	f	p		0.05	0.05	0.05																									
opinés			opiné	VER	VER	m	p		0.05	0.05	0.05																									
optées			opté	VER	VER	f	p		0.05	0.05	0.05																									
orbitée			orbité	VER	VER	f	s		0.05	0.05	0.05																									
orbitées			orbité	VER	VER	f	p		0.05	0.05	0.05																									
orbités			orbité	VER	VER	m	p		0.05	0.05	0.05																									
ordonnancée			ordonnancé	VER	VER	f	s		0.05	0.05	0.05																									
ordonnancées			ordonnancé	VER	VER	f	p		0.05	0.05	0.05																									
ordonnancés			ordonnancé	VER	VER	m	p		0.05	0.05	0.05																									
ornementées			ornementé	VER	VER	f	p		0.05	0.05	0.05																									
oscillée			oscillé	VER	VER	f	s		0.05	0.05	0.05																									
oscillées			oscillé	VER	VER	f	p		0.05	0.05	0.05																									
oscillés			oscillé	VER	VER	m	p		0.05	0.05	0.05																									
ossifiée			ossifié	VER	VER	f	s		0.05	0.05	0.05																									
ovalisée			ovalisé	VER	VER	f	s		0.05	0.05	0.05																									
ovalisées			ovalisé	VER	VER	f	p		0.05	0.05	0.05																									
ovalisés			ovalisé	VER	VER	m	p		0.05	0.05	0.05																									
ovationnées			ovationné	VER	VER	f	p		0.05	0.05	0.05																									
overbookées			overbooké	VER	VER	f	p		0.05	0.05	0.05																									
ovulée			ovulé	VER	VER	f	s		0.05	0.05	0.05																									
ovulées			ovulé	VER	VER	f	p		0.05	0.05	0.05																									
ovulés			ovulé	VER	VER	m	p		0.05	0.05	0.05																									
pactisée			pactisé	VER	VER	f	s		0.05	0.05	0.05																									
pactisées			pactisé	VER	VER	f	p		0.05	0.05	0.05																									
pactisés			pactisé	VER	VER	m	p		0.05	0.05	0.05																									
paillées			paillé	VER	VER	f	p		0.05	0.05	0.05																									
palabrée			palabré	VER	VER	f	s		0.05	0.05	0.05																									
palabrées			palabré	VER	VER	f	p		0.05	0.05	0.05																									
palabrés			palabré	VER	VER	m	p		0.05	0.05	0.05																									
palliée			pallié	VER	VER	f	s		0.05	0.05	0.05																									
palliées			pallié	VER	VER	f	p		0.05	0.05	0.05																									
palliés			pallié	VER	VER	m	p		0.05	0.05	0.05																									
palpitée			palpité	VER	VER	f	s		0.05	0.05	0.05																									
palpitées			palpité	VER	VER	f	p		0.05	0.05	0.05																									
palpités			palpité	VER	VER	m	p		0.05	0.05	0.05																									
palpées			palpé	VER	VER	f	p		0.05	0.05	0.05																									
paluchée			paluché	VER	VER	f	s		0.05	0.05	0.05																									
paluchées			paluché	VER	VER	f	p		0.05	0.05	0.05																									
paluchés			paluché	VER	VER	m	p		0.05	0.05	0.05																									
papillonnée			papillonné	VER	VER	f	s		0.05	0.05	0.05																									
papillonnées			papillonné	VER	VER	f	p		0.05	0.05	0.05																									
papotée			papoté	VER	VER	f	s		0.05	0.05	0.05																									
papotées			papoté	VER	VER	f	p		0.05	0.05	0.05																									
papotés			papoté	VER	VER	m	p		0.05	0.05	0.05																									
paradées			paradé	VER	VER	f	p		0.05	0.05	0.05																									
paraphrasées			paraphrasé	VER	VER	f	p		0.05	0.05	0.05																									
paraphrasés			paraphrasé	VER	VER	m	p		0.05	0.05	0.05																									
paraphées			paraphé	VER	VER	f	p		0.05	0.05	0.05																									
parcellisée			parcellisé	VER	VER	f	s		0.05	0.05	0.05																									
parcellisées			parcellisé	VER	VER	f	p		0.05	0.05	0.05																									
parcellisés			parcellisé	VER	VER	m	p		0.05	0.05	0.05																									
paressée			paressé	VER	VER	f	s		0.05	0.05	0.05																									
paressées			paressé	VER	VER	f	p		0.05	0.05	0.05																									
paressés			paressé	VER	VER	m	p		0.05	0.05	0.05																									
pariée			parié	VER	VER	f	s		0.05	0.05	0.05																									
parjurées			parjuré	VER	VER	f	p		0.05	0.05	0.05																									
parlementée			parlementé	VER	VER	f	s		0.05	0.05	0.05																									
parlementées			parlementé	VER	VER	f	p		0.05	0.05	0.05																									
parlementés			parlementé	VER	VER	m	p		0.05	0.05	0.05																									
parodiée			parodié	VER	VER	f	s		0.05	0.05	0.05																									
parodiés			parodié	VER	VER	m	p		0.05	0.05	0.05																									
partitionnée			partitionné	VER	VER	f	s		0.05	0.05	0.05																									
partitionnés			partitionné	VER	VER	m	p		0.05	0.05	0.05																									
pataugée			pataugé	VER	VER	f	s		0.05	0.05	0.05																									
pataugées			pataugé	VER	VER	f	p		0.05	0.05	0.05																									
pataugés			pataugé	VER	VER	m	p		0.05	0.05	0.05																									
patientées			patienté	VER	VER	f	p		0.05	0.05	0.05																									
patientés			patienté	VER	VER	m	p		0.05	0.05	0.05																									
patronnées			patronné	VER	VER	f	p		0.05	0.05	0.05																									
pavanées			pavané	VER	VER	f	p		0.05	0.05	0.05																									
pavoisés			pavoisé	VER	VER	m	p		0.05	0.05	0.05																									
peaufinées			peaufiné	VER	VER	f	p		0.05	0.05	0.05																									
peinturées			peinturé	VER	VER	f	p		0.05	0.05	0.05																									
pelotonnées			pelotonné	VER	VER	f	p		0.05	0.05	0.05																									
peluchées			peluché	VER	VER	f	p		0.05	0.05	0.05																									
peluchés			peluché	VER	VER	m	p		0.05	0.05	0.05																									
pendillée			pendillé	VER	VER	f	s		0.05	0.05	0.05																									
pendillées			pendillé	VER	VER	f	p		0.05	0.05	0.05																									
pendillés			pendillé	VER	VER	m	p		0.05	0.05	0.05																									
pensionnée			pensionné	VER	VER	f	s		0.05	0.05	0.05																									
pensionnées			pensionné	VER	VER	f	p		0.05	0.05	0.05																									
perdurées			perduré	VER	VER	f	p		0.05	0.05	0.05																									
perfusées			perfusé	VER	VER	f	p		0.05	0.05	0.05																									
permutée			permuté	VER	VER	f	s		0.05	0.05	0.05																									
perquisitionnées			perquisitionné	VER	VER	f	p		0.05	0.05	0.05																									
persiflée			persiflé	VER	VER	f	s		0.05	0.05	0.05																									
persiflées			persiflé	VER	VER	f	p		0.05	0.05	0.05																									
persiflés			persiflé	VER	VER	m	p		0.05	0.05	0.05																									
persévérée			persévéré	VER	VER	f	s		0.05	0.05	0.05																									
persévérées			persévéré	VER	VER	f	p		0.05	0.05	0.05																									
persévérés			persévéré	VER	VER	m	p		0.05	0.05	0.05																									
pestée			pesté	VER	VER	f	s		0.05	0.05	0.05																									
pestées			pesté	VER	VER	f	p		0.05	0.05	0.05																									
pestés			pesté	VER	VER	m	p		0.05	0.05	0.05																									
phagocytée			phagocyté	VER	VER	f	s		0.05	0.05	0.05																									
phagocytées			phagocyté	VER	VER	f	p		0.05	0.05	0.05																									
philosophée			philosophé	VER	VER	f	s		0.05	0.05	0.05																									
philosophées			philosophé	VER	VER	f	p		0.05	0.05	0.05																									
philosophés			philosophé	VER	VER	m	p		0.05	0.05	0.05																									
phonée			phoné	VER	VER	f	s		0.05	0.05	0.05																									
phonées			phoné	VER	VER	f	p		0.05	0.05	0.05																									
phonés			phoné	VER	VER	m	p		0.05	0.05	0.05																									
phrasée			phrasé	VER	VER	f	s		0.05	0.05	0.05																									
phrasées			phrasé	VER	VER	f	p		0.05	0.05	0.05																									
piaffée			piaffé	VER	VER	f	s		0.05	0.05	0.05																									
piaffées			piaffé	VER	VER	f	p		0.05	0.05	0.05																									
piaffés			piaffé	VER	VER	m	p		0.05	0.05	0.05																									
piaillée			piaillé	VER	VER	f	s		0.05	0.05	0.05																									
piaillées			piaillé	VER	VER	f	p		0.05	0.05	0.05																									
piaillés			piaillé	VER	VER	m	p		0.05	0.05	0.05																									
pianotée			pianoté	VER	VER	f	s		0.05	0.05	0.05																									
pianotées			pianoté	VER	VER	f	p		0.05	0.05	0.05																									
pianotés			pianoté	VER	VER	m	p		0.05	0.05	0.05																									
picolée			picolé	VER	VER	f	s		0.05	0.05	0.05																									
picolées			picolé	VER	VER	f	p		0.05	0.05	0.05																									
picorée			picoré	VER	VER	f	s		0.05	0.05	0.05																									
picorées			picoré	VER	VER	f	p		0.05	0.05	0.05																									
picotée			picoté	VER	VER	f	s		0.05	0.05	0.05																									
picotées			picoté	VER	VER	f	p		0.05	0.05	0.05																									
picotés			picoté	VER	VER	m	p		0.05	0.05	0.05																									
pieutées			pieuté	VER	VER	f	p		0.05	0.05	0.05																									
piffée			piffé	VER	VER	f	s		0.05	0.05	0.05																									
piffées			piffé	VER	VER	f	p		0.05	0.05	0.05																									
piffés			piffé	VER	VER	m	p		0.05	0.05	0.05																									
pigeonnées			pigeonné	VER	VER	f	p		0.05	0.05	0.05																									
pigmentés			pigmenté	VER	VER	m	p		0.05	0.05	0.05																									
pinaillée			pinaillé	VER	VER	f	s		0.05	0.05	0.05																									
pinaillées			pinaillé	VER	VER	f	p		0.05	0.05	0.05																									
pinaillés			pinaillé	VER	VER	m	p		0.05	0.05	0.05																									
pintées			pinté	VER	VER	f	p		0.05	0.05	0.05																									
pinée			piné	VER	VER	f	s		0.05	0.05	0.05																									
pinées			piné	VER	VER	f	p		0.05	0.05	0.05																									
pioncée			pioncé	VER	VER	f	s		0.05	0.05	0.05																									
pioncées			pioncé	VER	VER	f	p		0.05	0.05	0.05																									
pioncés			pioncé	VER	VER	m	p		0.05	0.05	0.05																									
pirouettée			pirouetté	VER	VER	f	s		0.05	0.05	0.05																									
pirouettées			pirouetté	VER	VER	f	p		0.05	0.05	0.05																									
pirouettés			pirouetté	VER	VER	m	p		0.05	0.05	0.05																									
pissées			pissé	VER	VER	f	p		0.05	0.05	0.05																									
pistonnées			pistonné	VER	VER	f	p		0.05	0.05	0.05																									
pivotées			pivoté	VER	VER	f	p		0.05	0.05	0.05																									
pivotés			pivoté	VER	VER	m	p		0.05	0.05	0.05																									
pixellisées			pixellisé	VER	VER	f	p		0.05	0.05	0.05																									
plaisantée			plaisanté	VER	VER	f	s		0.05	0.05	0.05																									
plaisantées			plaisanté	VER	VER	f	p		0.05	0.05	0.05																									
plaisantés			plaisanté	VER	VER	m	p		0.05	0.05	0.05																									
planchée			planché	VER	VER	f	s		0.05	0.05	0.05																									
planchées			planché	VER	VER	f	p		0.05	0.05	0.05																									
planchés			planché	VER	VER	m	p		0.05	0.05	0.05																									
planées			plané	VER	VER	f	p		0.05	0.05	0.05																									
plastiquées			plastiqué	VER	VER	f	p		0.05	0.05	0.05																									
pleurnichée			pleurniché	VER	VER	f	s		0.05	0.05	0.05																									
pleurnichées			pleurniché	VER	VER	f	p		0.05	0.05	0.05																									
plottées			plotté	VER	VER	f	p		0.05	0.05	0.05																									
plottés			plotté	VER	VER	m	p		0.05	0.05	0.05																									
podcastée			podcasté	VER	VER	f	s		0.05	0.05	0.05																									
podcastées			podcasté	VER	VER	f	p		0.05	0.05	0.05																									
podcastés			podcasté	VER	VER	m	p		0.05	0.05	0.05																									
poilée			poilé	VER	VER	f	s		0.05	0.05	0.05																									
poilées			poilé	VER	VER	f	p		0.05	0.05	0.05																									
poilés			poilé	VER	VER	m	p		0.05	0.05	0.05																									
poireautée			poireauté	VER	VER	f	s		0.05	0.05	0.05																									
poireautées			poireauté	VER	VER	f	p		0.05	0.05	0.05																									
poireautés			poireauté	VER	VER	m	p		0.05	0.05	0.05																									
pollinisés			pollinisé	VER	VER	m	p		0.05	0.05	0.05																									
polémiquée			polémiqué	VER	VER	f	s		0.05	0.05	0.05																									
polémiquées			polémiqué	VER	VER	f	p		0.05	0.05	0.05																									
polémiqués			polémiqué	VER	VER	m	p		0.05	0.05	0.05																									
pommées			pommé	VER	VER	f	p		0.05	0.05	0.05																									
pontifiée			pontifié	VER	VER	f	s		0.05	0.05	0.05																									
pontifiées			pontifié	VER	VER	f	p		0.05	0.05	0.05																									
pontifiés			pontifié	VER	VER	m	p		0.05	0.05	0.05																									
portraiturée			portraituré	VER	VER	f	s		0.05	0.05	0.05																									
portraiturées			portraituré	VER	VER	f	p		0.05	0.05	0.05																									
portraiturés			portraituré	VER	VER	m	p		0.05	0.05	0.05																									
positivée			positivé	VER	VER	f	s		0.05	0.05	0.05																									
positivées			positivé	VER	VER	f	p		0.05	0.05	0.05																									
positivés			positivé	VER	VER	m	p		0.05	0.05	0.05																									
postdatée			postdaté	VER	VER	f	s		0.05	0.05	0.05																									
postillonnée			postillonné	VER	VER	f	s		0.05	0.05	0.05																									
postillonnées			postillonné	VER	VER	f	p		0.05	0.05	0.05																									
postposées			postposé	VER	VER	f	p		0.05	0.05	0.05																									
potassée			potassé	VER	VER	f	s		0.05	0.05	0.05																									
potassées			potassé	VER	VER	f	p		0.05	0.05	0.05																									
potassés			potassé	VER	VER	m	p		0.05	0.05	0.05																									
potentialisée			potentialisé	VER	VER	f	s		0.05	0.05	0.05																									
potentialisées			potentialisé	VER	VER	f	p		0.05	0.05	0.05																									
potentialisés			potentialisé	VER	VER	m	p		0.05	0.05	0.05																									
pouffée			pouffé	VER	VER	f	s		0.05	0.05	0.05																									
pouffées			pouffé	VER	VER	f	p		0.05	0.05	0.05																									
pouffés			pouffé	VER	VER	m	p		0.05	0.05	0.05																									
poulinée			pouliné	VER	VER	f	s		0.05	0.05	0.05																									
poulinées			pouliné	VER	VER	f	p		0.05	0.05	0.05																									
poulinés			pouliné	VER	VER	m	p		0.05	0.05	0.05																									
pouponnées			pouponné	VER	VER	f	p		0.05	0.05	0.05																									
procrastinée			procrastiné	VER	VER	f	s		0.05	0.05	0.05																									
procrastinées			procrastiné	VER	VER	f	p		0.05	0.05	0.05																									
procrastinés			procrastiné	VER	VER	m	p		0.05	0.05	0.05																									
procréée			procréé	VER	VER	f	s		0.05	0.05	0.05																									
procréées			procréé	VER	VER	f	p		0.05	0.05	0.05																									
procréés			procréé	VER	VER	m	p		0.05	0.05	0.05																									
procédée			procédé	VER	VER	f	s		0.05	0.05	0.05																									
professionnalisées			professionnalisé	VER	VER	f	p		0.05	0.05	0.05																									
professées			professé	VER	VER	f	p		0.05	0.05	0.05																									
profitées			profité	VER	VER	f	p		0.05	0.05	0.05																									
proliférée			proliféré	VER	VER	f	s		0.05	0.05	0.05																									
proliférées			proliféré	VER	VER	f	p		0.05	0.05	0.05																									
proliférés			proliféré	VER	VER	m	p		0.05	0.05	0.05																									
pronostiquée			pronostiqué	VER	VER	f	s		0.05	0.05	0.05																									
pronostiquées			pronostiqué	VER	VER	f	p		0.05	0.05	0.05																									
pronostiqués			pronostiqué	VER	VER	m	p		0.05	0.05	0.05																									
prophétisées			prophétisé	VER	VER	f	p		0.05	0.05	0.05																									
prospectée			prospecté	VER	VER	f	s		0.05	0.05	0.05																									
prospectées			prospecté	VER	VER	f	p		0.05	0.05	0.05																									
prospérées			prospéré	VER	VER	f	p		0.05	0.05	0.05																									
prospérés			prospéré	VER	VER	m	p		0.05	0.05	0.05																									
protestée			protesté	VER	VER	f	s		0.05	0.05	0.05																									
protestées			protesté	VER	VER	f	p		0.05	0.05	0.05																									
provisionnée			provisionné	VER	VER	f	s		0.05	0.05	0.05																									
provisionnées			provisionné	VER	VER	f	p		0.05	0.05	0.05																									
provisionnés			provisionné	VER	VER	m	p		0.05	0.05	0.05																									
préchauffées			préchauffé	VER	VER	f	p		0.05	0.05	0.05																									
préconisées			préconisé	VER	VER	f	p		0.05	0.05	0.05																									
prédominée			prédominé	VER	VER	f	s		0.05	0.05	0.05																									
prédominées			prédominé	VER	VER	f	p		0.05	0.05	0.05																									
prédominés			prédominé	VER	VER	m	p		0.05	0.05	0.05																									
prédécédée			prédécédé	VER	VER	f	s		0.05	0.05	0.05																									
prédécédées			prédécédé	VER	VER	f	p		0.05	0.05	0.05																									
prédécédés			prédécédé	VER	VER	m	p		0.05	0.05	0.05																									
préemptée			préempté	VER	VER	f	s		0.05	0.05	0.05																									
préexistée			préexisté	VER	VER	f	s		0.05	0.05	0.05																									
préexistées			préexisté	VER	VER	f	p		0.05	0.05	0.05																									
préexistés			préexisté	VER	VER	m	p		0.05	0.05	0.05																									
préfacée			préfacé	VER	VER	f	s		0.05	0.05	0.05																									
préfacées			préfacé	VER	VER	f	p		0.05	0.05	0.05																									
préfacés			préfacé	VER	VER	m	p		0.05	0.05	0.05																									
préfigurées			préfiguré	VER	VER	f	p		0.05	0.05	0.05																									
préfigurés			préfiguré	VER	VER	m	p		0.05	0.05	0.05																									
préformée			préformé	VER	VER	f	s		0.05	0.05	0.05																									
préformées			préformé	VER	VER	f	p		0.05	0.05	0.05																									
préformés			préformé	VER	VER	m	p		0.05	0.05	0.05																									
préjugées			préjugé	VER	VER	f	p		0.05	0.05	0.05																									
prélassées			prélassé	VER	VER	f	p		0.05	0.05	0.05																									
prépositionnée			prépositionné	VER	VER	f	s		0.05	0.05	0.05																									
prépositionnés			prépositionné	VER	VER	m	p		0.05	0.05	0.05																									
présagée			présagé	VER	VER	f	s		0.05	0.05	0.05																									
présagées			présagé	VER	VER	f	p		0.05	0.05	0.05																									
présagés			présagé	VER	VER	m	p		0.05	0.05	0.05																									
prétextées			prétexté	VER	VER	f	p		0.05	0.05	0.05																									
prétextés			prétexté	VER	VER	m	p		0.05	0.05	0.05																									
prévisualisées			prévisualisé	VER	VER	f	p		0.05	0.05	0.05																									
prévisualisés			prévisualisé	VER	VER	m	p		0.05	0.05	0.05																									
psalmodiée			psalmodié	VER	VER	f	s		0.05	0.05	0.05																									
psychanalysées			psychanalysé	VER	VER	f	p		0.05	0.05	0.05																									
psychiatrisée			psychiatrisé	VER	VER	f	s		0.05	0.05	0.05																									
psychiatrisées			psychiatrisé	VER	VER	f	p		0.05	0.05	0.05																									
psychiatrisés			psychiatrisé	VER	VER	m	p		0.05	0.05	0.05																									
psychologisée			psychologisé	VER	VER	f	s		0.05	0.05	0.05																									
psychologisées			psychologisé	VER	VER	f	p		0.05	0.05	0.05																									
psychologisés			psychologisé	VER	VER	m	p		0.05	0.05	0.05																									
pullulée			pullulé	VER	VER	f	s		0.05	0.05	0.05																									
pullulées			pullulé	VER	VER	f	p		0.05	0.05	0.05																									
pullulés			pullulé	VER	VER	m	p		0.05	0.05	0.05																									
puttée			putté	VER	VER	f	s		0.05	0.05	0.05																									
puttées			putté	VER	VER	f	p		0.05	0.05	0.05																									
puttés			putté	VER	VER	m	p		0.05	0.05	0.05																									
puée			pué	VER	VER	f	s		0.05	0.05	0.05																									
puées			pué	VER	VER	f	p		0.05	0.05	0.05																									
pâturée			pâturé	VER	VER	f	s		0.05	0.05	0.05																									
pâturés			pâturé	VER	VER	m	p		0.05	0.05	0.05																									
péchées			péché	VER	VER	f	p		0.05	0.05	0.05																									
pédalée			pédalé	VER	VER	f	s		0.05	0.05	0.05																									
pédalées			pédalé	VER	VER	f	p		0.05	0.05	0.05																									
pédalés			pédalé	VER	VER	m	p		0.05	0.05	0.05																									
périclitées			périclité	VER	VER	f	p		0.05	0.05	0.05																									
périclités			périclité	VER	VER	m	p		0.05	0.05	0.05																									
pérorée			péroré	VER	VER	f	s		0.05	0.05	0.05																									
pérorées			péroré	VER	VER	f	p		0.05	0.05	0.05																									
pérorés			péroré	VER	VER	m	p		0.05	0.05	0.05																									
pétaradée			pétaradé	VER	VER	f	s		0.05	0.05	0.05																									
pétaradés			pétaradé	VER	VER	m	p		0.05	0.05	0.05																									
pétitionnée			pétitionné	VER	VER	f	s		0.05	0.05	0.05																									
pétitionnées			pétitionné	VER	VER	f	p		0.05	0.05	0.05																									
pétitionnés			pétitionné	VER	VER	m	p		0.05	0.05	0.05																									
queutée			queuté	VER	VER	f	s		0.05	0.05	0.05																									
queutées			queuté	VER	VER	f	p		0.05	0.05	0.05																									
queutés			queuté	VER	VER	m	p		0.05	0.05	0.05																									
quichée			quiché	VER	VER	f	s		0.05	0.05	0.05																									
quichées			quiché	VER	VER	f	p		0.05	0.05	0.05																									
quichés			quiché	VER	VER	m	p		0.05	0.05	0.05																									
quintée			quinté	VER	VER	f	s		0.05	0.05	0.05																									
quintées			quinté	VER	VER	f	p		0.05	0.05	0.05																									
quémandée			quémandé	VER	VER	f	s		0.05	0.05	0.05																									
quémandées			quémandé	VER	VER	f	p		0.05	0.05	0.05																									
quêtée			quêté	VER	VER	f	s		0.05	0.05	0.05																									
quêtées			quêté	VER	VER	f	p		0.05	0.05	0.05																									
quêtés			quêté	VER	VER	m	p		0.05	0.05	0.05																									
rabrouées			rabroué	VER	VER	f	p		0.05	0.05	0.05																									
rabroués			rabroué	VER	VER	m	p		0.05	0.05	0.05																									
radinées			radiné	VER	VER	f	p		0.05	0.05	0.05																									
radiodiffusées			radiodiffusé	VER	VER	f	p		0.05	0.05	0.05																									
radiographiées			radiographié	VER	VER	f	p		0.05	0.05	0.05																									
radotée			radoté	VER	VER	f	s		0.05	0.05	0.05																									
radotées			radoté	VER	VER	f	p		0.05	0.05	0.05																									
radotés			radoté	VER	VER	m	p		0.05	0.05	0.05																									
raffolée			raffolé	VER	VER	f	s		0.05	0.05	0.05																									
raffolées			raffolé	VER	VER	f	p		0.05	0.05	0.05																									
raffolés			raffolé	VER	VER	m	p		0.05	0.05	0.05																									
ragée			ragé	VER	VER	f	s		0.05	0.05	0.05																									
ragés			ragé	VER	VER	m	p		0.05	0.05	0.05																									
raillées			raillé	VER	VER	f	p		0.05	0.05	0.05																									
rainurées			rainuré	VER	VER	f	p		0.05	0.05	0.05																									
rainée			rainé	VER	VER	f	s		0.05	0.05	0.05																									
rainées			rainé	VER	VER	f	p		0.05	0.05	0.05																									
rainés			rainé	VER	VER	m	p		0.05	0.05	0.05																									
raisonnées			raisonné	VER	VER	f	p		0.05	0.05	0.05																									
rajustées			rajusté	VER	VER	f	p		0.05	0.05	0.05																									
rampées			rampé	VER	VER	f	p		0.05	0.05	0.05																									
ramées			ramé	VER	VER	f	p		0.05	0.05	0.05																									
rapetissées			rapetissé	VER	VER	f	p		0.05	0.05	0.05																									
rappliquée			rappliqué	VER	VER	f	s		0.05	0.05	0.05																									
rappliquées			rappliqué	VER	VER	f	p		0.05	0.05	0.05																									
raquées			raqué	VER	VER	f	p		0.05	0.05	0.05																									
ratonnée			ratonné	VER	VER	f	s		0.05	0.05	0.05																									
ratonnées			ratonné	VER	VER	f	p		0.05	0.05	0.05																									
ratonnés			ratonné	VER	VER	m	p		0.05	0.05	0.05																									
raturée			raturé	VER	VER	f	s		0.05	0.05	0.05																									
raturés			raturé	VER	VER	m	p		0.05	0.05	0.05																									
ravalées			ravalé	VER	VER	f	p		0.05	0.05	0.05																									
ravalés			ravalé	VER	VER	m	p		0.05	0.05	0.05																									
ravigotées			ravigoté	VER	VER	f	p		0.05	0.05	0.05																									
razziée			razzié	VER	VER	f	s		0.05	0.05	0.05																									
razziées			razzié	VER	VER	f	p		0.05	0.05	0.05																									
razziés			razzié	VER	VER	m	p		0.05	0.05	0.05																									
rebaisée			rebaisé	VER	VER	f	s		0.05	0.05	0.05																									
rebaisées			rebaisé	VER	VER	f	p		0.05	0.05	0.05																									
rebaisés			rebaisé	VER	VER	m	p		0.05	0.05	0.05																									
rebandée			rebandé	VER	VER	f	s		0.05	0.05	0.05																									
rebandées			rebandé	VER	VER	f	p		0.05	0.05	0.05																									
rebandés			rebandé	VER	VER	m	p		0.05	0.05	0.05																									
rebiffées			rebiffé	VER	VER	f	p		0.05	0.05	0.05																									
reboisée			reboisé	VER	VER	f	s		0.05	0.05	0.05																									
reboisées			reboisé	VER	VER	f	p		0.05	0.05	0.05																									
reboisés			reboisé	VER	VER	m	p		0.05	0.05	0.05																									
rebouchées			rebouché	VER	VER	f	p		0.05	0.05	0.05																									
reboutonnées			reboutonné	VER	VER	f	p		0.05	0.05	0.05																									
reboutonnés			reboutonné	VER	VER	m	p		0.05	0.05	0.05																									
rebroussée			rebroussé	VER	VER	f	s		0.05	0.05	0.05																									
rebroussées			rebroussé	VER	VER	f	p		0.05	0.05	0.05																									
rebroussés			rebroussé	VER	VER	m	p		0.05	0.05	0.05																									
recadrés			recadré	VER	VER	m	p		0.05	0.05	0.05																									
recasées			recasé	VER	VER	f	p		0.05	0.05	0.05																									
recelés			recelé	VER	VER	m	p		0.05	0.05	0.05																									
recentrés			recentré	VER	VER	m	p		0.05	0.05	0.05																									
rechangées			rechangé	VER	VER	f	p		0.05	0.05	0.05																									
rechangés			rechangé	VER	VER	m	p		0.05	0.05	0.05																									
rechapée			rechapé	VER	VER	f	s		0.05	0.05	0.05																									
rechapées			rechapé	VER	VER	f	p		0.05	0.05	0.05																									
rechignée			rechigné	VER	VER	f	s		0.05	0.05	0.05																									
rechignées			rechigné	VER	VER	f	p		0.05	0.05	0.05																									
rechignés			rechigné	VER	VER	m	p		0.05	0.05	0.05																									
rechutées			rechuté	VER	VER	f	p		0.05	0.05	0.05																									
rechutés			rechuté	VER	VER	m	p		0.05	0.05	0.05																									
reclassées			reclassé	VER	VER	f	p		0.05	0.05	0.05																									
recoiffés			recoiffé	VER	VER	m	p		0.05	0.05	0.05																									
recomptée			recompté	VER	VER	f	s		0.05	0.05	0.05																									
recomptées			recompté	VER	VER	f	p		0.05	0.05	0.05																									
reconfigurées			reconfiguré	VER	VER	f	p		0.05	0.05	0.05																									
recréditée			recrédité	VER	VER	f	s		0.05	0.05	0.05																									
recréditées			recrédité	VER	VER	f	p		0.05	0.05	0.05																									
recrédités			recrédité	VER	VER	m	p		0.05	0.05	0.05																									
redemandées			redemandé	VER	VER	f	p		0.05	0.05	0.05																									
redemandés			redemandé	VER	VER	m	p		0.05	0.05	0.05																									
redimensionnées			redimensionné	VER	VER	f	p		0.05	0.05	0.05																									
redimensionnés			redimensionné	VER	VER	m	p		0.05	0.05	0.05																									
rediscutées			rediscuté	VER	VER	f	p		0.05	0.05	0.05																									
redonnées			redonné	VER	VER	f	p		0.05	0.05	0.05																									
redorées			redoré	VER	VER	f	p		0.05	0.05	0.05																									
redorés			redoré	VER	VER	m	p		0.05	0.05	0.05																									
redoublées			redoublé	VER	VER	f	p		0.05	0.05	0.05																									
redynamisée			redynamisé	VER	VER	f	s		0.05	0.05	0.05																									
redynamisées			redynamisé	VER	VER	f	p		0.05	0.05	0.05																									
redécollée			redécollé	VER	VER	f	s		0.05	0.05	0.05																									
redécollées			redécollé	VER	VER	f	p		0.05	0.05	0.05																									
redécollés			redécollé	VER	VER	m	p		0.05	0.05	0.05																									
redéposées			redéposé	VER	VER	f	p		0.05	0.05	0.05																									
redéveloppées			redéveloppé	VER	VER	f	p		0.05	0.05	0.05																									
redéveloppés			redéveloppé	VER	VER	m	p		0.05	0.05	0.05																									
refaçonnée			refaçonné	VER	VER	f	s		0.05	0.05	0.05																									
refaçonnés			refaçonné	VER	VER	m	p		0.05	0.05	0.05																									
refilmés			refilmé	VER	VER	m	p		0.05	0.05	0.05																									
refluées			reflué	VER	VER	f	p		0.05	0.05	0.05																									
reflués			reflué	VER	VER	m	p		0.05	0.05	0.05																									
refonctionnée			refonctionné	VER	VER	f	s		0.05	0.05	0.05																									
refonctionnées			refonctionné	VER	VER	f	p		0.05	0.05	0.05																									
refonctionnés			refonctionné	VER	VER	m	p		0.05	0.05	0.05																									
refondées			refondé	VER	VER	f	p		0.05	0.05	0.05																									
refondés			refondé	VER	VER	m	p		0.05	0.05	0.05																									
reformatée			reformaté	VER	VER	f	s		0.05	0.05	0.05																									
reformatées			reformaté	VER	VER	f	p		0.05	0.05	0.05																									
reformulées			reformulé	VER	VER	f	p		0.05	0.05	0.05																									
reformulés			reformulé	VER	VER	m	p		0.05	0.05	0.05																									
reformées			reformé	VER	VER	f	p		0.05	0.05	0.05																									
refrénée			refréné	VER	VER	f	s		0.05	0.05	0.05																									
refrénées			refréné	VER	VER	f	p		0.05	0.05	0.05																									
refrénés			refréné	VER	VER	m	p		0.05	0.05	0.05																									
refusionnée			refusionné	VER	VER	f	s		0.05	0.05	0.05																									
refusionnées			refusionné	VER	VER	f	p		0.05	0.05	0.05																									
refusionnés			refusionné	VER	VER	m	p		0.05	0.05	0.05																									
regagnées			regagné	VER	VER	f	p		0.05	0.05	0.05																									
regimbée			regimbé	VER	VER	f	s		0.05	0.05	0.05																									
regimbées			regimbé	VER	VER	f	p		0.05	0.05	0.05																									
regimbés			regimbé	VER	VER	m	p		0.05	0.05	0.05																									
regrimpée			regrimpé	VER	VER	f	s		0.05	0.05	0.05																									
regrimpées			regrimpé	VER	VER	f	p		0.05	0.05	0.05																									
regrimpés			regrimpé	VER	VER	m	p		0.05	0.05	0.05																									
relativisée			relativisé	VER	VER	f	s		0.05	0.05	0.05																									
relativisées			relativisé	VER	VER	f	p		0.05	0.05	0.05																									
relativisés			relativisé	VER	VER	m	p		0.05	0.05	0.05																									
relavée			relavé	VER	VER	f	s		0.05	0.05	0.05																									
relavées			relavé	VER	VER	f	p		0.05	0.05	0.05																									
relouées			reloué	VER	VER	f	p		0.05	0.05	0.05																									
reloués			reloué	VER	VER	m	p		0.05	0.05	0.05																									
remangée			remangé	VER	VER	f	s		0.05	0.05	0.05																									
remarchée			remarché	VER	VER	f	s		0.05	0.05	0.05																									
remarchées			remarché	VER	VER	f	p		0.05	0.05	0.05																									
remarchés			remarché	VER	VER	m	p		0.05	0.05	0.05																									
remastérisées			remastérisé	VER	VER	f	p		0.05	0.05	0.05																									
rembarquée			rembarqué	VER	VER	f	s		0.05	0.05	0.05																									
rembarquées			rembarqué	VER	VER	f	p		0.05	0.05	0.05																									
rembobinées			rembobiné	VER	VER	f	p		0.05	0.05	0.05																									
remobilisée			remobilisé	VER	VER	f	s		0.05	0.05	0.05																									
remobilisées			remobilisé	VER	VER	f	p		0.05	0.05	0.05																									
remobilisés			remobilisé	VER	VER	m	p		0.05	0.05	0.05																									
remontrées			remontré	VER	VER	f	p		0.05	0.05	0.05																									
remontrés			remontré	VER	VER	m	p		0.05	0.05	0.05																									
remotivées			remotivé	VER	VER	f	p		0.05	0.05	0.05																									
remotivés			remotivé	VER	VER	m	p		0.05	0.05	0.05																									
rempaillée			rempaillé	VER	VER	f	s		0.05	0.05	0.05																									
rempaillées			rempaillé	VER	VER	f	p		0.05	0.05	0.05																									
rempaillés			rempaillé	VER	VER	m	p		0.05	0.05	0.05																									
rempilée			rempilé	VER	VER	f	s		0.05	0.05	0.05																									
rempilées			rempilé	VER	VER	f	p		0.05	0.05	0.05																									
rempilés			rempilé	VER	VER	m	p		0.05	0.05	0.05																									
remplumées			remplumé	VER	VER	f	p		0.05	0.05	0.05																									
remplumés			remplumé	VER	VER	m	p		0.05	0.05	0.05																									
rempotée			rempoté	VER	VER	f	s		0.05	0.05	0.05																									
rempotés			rempoté	VER	VER	m	p		0.05	0.05	0.05																									
remâchée			remâché	VER	VER	f	s		0.05	0.05	0.05																									
remâchées			remâché	VER	VER	f	p		0.05	0.05	0.05																									
remâchés			remâché	VER	VER	m	p		0.05	0.05	0.05																									
remédiée			remédié	VER	VER	f	s		0.05	0.05	0.05																									
remédiées			remédié	VER	VER	f	p		0.05	0.05	0.05																									
remédiés			remédié	VER	VER	m	p		0.05	0.05	0.05																									
renflée			renflé	VER	VER	f	s		0.05	0.05	0.05																									
renflées			renflé	VER	VER	f	p		0.05	0.05	0.05																									
renflés			renflé	VER	VER	m	p		0.05	0.05	0.05																									
rengagée			rengagé	VER	VER	f	s		0.05	0.05	0.05																									
rengagées			rengagé	VER	VER	f	p		0.05	0.05	0.05																									
rengainés			rengainé	VER	VER	m	p		0.05	0.05	0.05																									
renotées			renoté	VER	VER	f	p		0.05	0.05	0.05																									
renotés			renoté	VER	VER	m	p		0.05	0.05	0.05																									
renoués			renoué	VER	VER	m	p		0.05	0.05	0.05																									
rentabilisées			rentabilisé	VER	VER	f	p		0.05	0.05	0.05																									
rentabilisés			rentabilisé	VER	VER	m	p		0.05	0.05	0.05																									
rentamée			rentamé	VER	VER	f	s		0.05	0.05	0.05																									
rentamées			rentamé	VER	VER	f	p		0.05	0.05	0.05																									
rentamés			rentamé	VER	VER	m	p		0.05	0.05	0.05																									
rentées			renté	VER	VER	f	p		0.05	0.05	0.05																									
renégociée			renégocié	VER	VER	f	s		0.05	0.05	0.05																									
repairée			repairé	VER	VER	f	s		0.05	0.05	0.05																									
repairées			repairé	VER	VER	f	p		0.05	0.05	0.05																									
repairés			repairé	VER	VER	m	p		0.05	0.05	0.05																									
reparlées			reparlé	VER	VER	f	p		0.05	0.05	0.05																									
repensés			repensé	VER	VER	m	p		0.05	0.05	0.05																									
repeuplés			repeuplé	VER	VER	m	p		0.05	0.05	0.05																									
repiquées			repiqué	VER	VER	f	p		0.05	0.05	0.05																									
repleurée			repleuré	VER	VER	f	s		0.05	0.05	0.05																									
repleurées			repleuré	VER	VER	f	p		0.05	0.05	0.05																									
repleurés			repleuré	VER	VER	m	p		0.05	0.05	0.05																									
replongées			replongé	VER	VER	f	p		0.05	0.05	0.05																									
replâtrées			replâtré	VER	VER	f	p		0.05	0.05	0.05																									
replâtrés			replâtré	VER	VER	m	p		0.05	0.05	0.05																									
reproposée			reproposé	VER	VER	f	s		0.05	0.05	0.05																									
reproposées			reproposé	VER	VER	f	p		0.05	0.05	0.05																									
reproposés			reproposé	VER	VER	m	p		0.05	0.05	0.05																									
republiées			republié	VER	VER	f	p		0.05	0.05	0.05																									
republiés			republié	VER	VER	m	p		0.05	0.05	0.05																									
repétés			repété	VER	VER	m	p		0.05	0.05	0.05																									
requalifiées			requalifié	VER	VER	f	p		0.05	0.05	0.05																									
requinquées			requinqué	VER	VER	f	p		0.05	0.05	0.05																									
reregardée			reregardé	VER	VER	f	s		0.05	0.05	0.05																									
reregardées			reregardé	VER	VER	f	p		0.05	0.05	0.05																									
reregardés			reregardé	VER	VER	m	p		0.05	0.05	0.05																									
resignée			resigné	VER	VER	f	s		0.05	0.05	0.05																									
resignées			resigné	VER	VER	f	p		0.05	0.05	0.05																									
responsabilisés			responsabilisé	VER	VER	m	p		0.05	0.05	0.05																									
resquillée			resquillé	VER	VER	f	s		0.05	0.05	0.05																									
resquillés			resquillé	VER	VER	m	p		0.05	0.05	0.05																									
retentées			retenté	VER	VER	f	p		0.05	0.05	0.05																									
retentés			retenté	VER	VER	m	p		0.05	0.05	0.05																									
retestées			retesté	VER	VER	f	p		0.05	0.05	0.05																									
retransférées			retransféré	VER	VER	f	p		0.05	0.05	0.05																									
retraversée			retraversé	VER	VER	f	s		0.05	0.05	0.05																									
retraversées			retraversé	VER	VER	f	p		0.05	0.05	0.05																									
retraversés			retraversé	VER	VER	m	p		0.05	0.05	0.05																									
revalorisées			revalorisé	VER	VER	f	p		0.05	0.05	0.05																									
revalorisés			revalorisé	VER	VER	m	p		0.05	0.05	0.05																									
revissée			revissé	VER	VER	f	s		0.05	0.05	0.05																									
revissées			revissé	VER	VER	f	p		0.05	0.05	0.05																									
revissés			revissé	VER	VER	m	p		0.05	0.05	0.05																									
revivifiées			revivifié	VER	VER	f	p		0.05	0.05	0.05																									
revivifiés			revivifié	VER	VER	m	p		0.05	0.05	0.05																									
revolées			revolé	VER	VER	f	p		0.05	0.05	0.05																									
ricanée			ricané	VER	VER	f	s		0.05	0.05	0.05																									
ricanées			ricané	VER	VER	f	p		0.05	0.05	0.05																									
ricanés			ricané	VER	VER	m	p		0.05	0.05	0.05																									
ricochées			ricoché	VER	VER	f	p		0.05	0.05	0.05																									
rigidifiée			rigidifié	VER	VER	f	s		0.05	0.05	0.05																									
rigidifiées			rigidifié	VER	VER	f	p		0.05	0.05	0.05																									
rigolées			rigolé	VER	VER	f	p		0.05	0.05	0.05																									
rimaillée			rimaillé	VER	VER	f	s		0.05	0.05	0.05																									
rimaillées			rimaillé	VER	VER	f	p		0.05	0.05	0.05																									
rimaillés			rimaillé	VER	VER	m	p		0.05	0.05	0.05																									
rimée			rimé	VER	VER	f	s		0.05	0.05	0.05																									
ripaillée			ripaillé	VER	VER	f	s		0.05	0.05	0.05																									
ripaillées			ripaillé	VER	VER	f	p		0.05	0.05	0.05																									
ripaillés			ripaillé	VER	VER	m	p		0.05	0.05	0.05																									
ripostées			riposté	VER	VER	f	p		0.05	0.05	0.05																									
ripée			ripé	VER	VER	f	s		0.05	0.05	0.05																									
ripées			ripé	VER	VER	f	p		0.05	0.05	0.05																									
ripés			ripé	VER	VER	m	p		0.05	0.05	0.05																									
rissolés			rissolé	VER	VER	m	p		0.05	0.05	0.05																									
rivalisées			rivalisé	VER	VER	f	p		0.05	0.05	0.05																									
rivalisés			rivalisé	VER	VER	m	p		0.05	0.05	0.05																									
rockées			rocké	VER	VER	f	p		0.05	0.05	0.05																									
rockés			rocké	VER	VER	m	p		0.05	0.05	0.05																									
rognés			rogné	VER	VER	m	p		0.05	0.05	0.05																									
ronchonnées			ronchonné	VER	VER	f	p		0.05	0.05	0.05																									
ronchonnés			ronchonné	VER	VER	m	p		0.05	0.05	0.05																									
ronflées			ronflé	VER	VER	f	p		0.05	0.05	0.05																									
ronflés			ronflé	VER	VER	m	p		0.05	0.05	0.05																									
ronronnée			ronronné	VER	VER	f	s		0.05	0.05	0.05																									
ronronnées			ronronné	VER	VER	f	p		0.05	0.05	0.05																									
ronronnés			ronronné	VER	VER	m	p		0.05	0.05	0.05																									
rotées			roté	VER	VER	f	p		0.05	0.05	0.05																									
rotés			roté	VER	VER	m	p		0.05	0.05	0.05																									
roucoulée			roucoulé	VER	VER	f	s		0.05	0.05	0.05																									
roucoulées			roucoulé	VER	VER	f	p		0.05	0.05	0.05																									
roucoulés			roucoulé	VER	VER	m	p		0.05	0.05	0.05																									
roupillée			roupillé	VER	VER	f	s		0.05	0.05	0.05																									
roupillées			roupillé	VER	VER	f	p		0.05	0.05	0.05																									
roupillés			roupillé	VER	VER	m	p		0.05	0.05	0.05																									
rouspétées			rouspété	VER	VER	f	p		0.05	0.05	0.05																									
rouspétés			rouspété	VER	VER	m	p		0.05	0.05	0.05																									
routées			routé	VER	VER	f	p		0.05	0.05	0.05																									
ruchées			ruché	VER	VER	f	p		0.05	0.05	0.05																									
ruchés			ruché	VER	VER	m	p		0.05	0.05	0.05																									
ruisselée			ruisselé	VER	VER	f	s		0.05	0.05	0.05																									
ruisselées			ruisselé	VER	VER	f	p		0.05	0.05	0.05																									
ruisselés			ruisselé	VER	VER	m	p		0.05	0.05	0.05																									
ruminée			ruminé	VER	VER	f	s		0.05	0.05	0.05																									
ruminées			ruminé	VER	VER	f	p		0.05	0.05	0.05																									
râclés			râclé	VER	VER	m	p		0.05	0.05	0.05																									
râlée			râlé	VER	VER	f	s		0.05	0.05	0.05																									
râlées			râlé	VER	VER	f	p		0.05	0.05	0.05																									
râlés			râlé	VER	VER	m	p		0.05	0.05	0.05																									
réabonnée			réabonné	VER	VER	f	s		0.05	0.05	0.05																									
réabonnées			réabonné	VER	VER	f	p		0.05	0.05	0.05																									
réabonnés			réabonné	VER	VER	m	p		0.05	0.05	0.05																									
réactualisées			réactualisé	VER	VER	f	p		0.05	0.05	0.05																									
réadaptées			réadapté	VER	VER	f	p		0.05	0.05	0.05																									
réaffirmés			réaffirmé	VER	VER	m	p		0.05	0.05	0.05																									
réalimentée			réalimenté	VER	VER	f	s		0.05	0.05	0.05																									
réalimentées			réalimenté	VER	VER	f	p		0.05	0.05	0.05																									
réalimentés			réalimenté	VER	VER	m	p		0.05	0.05	0.05																									
réallouée			réalloué	VER	VER	f	s		0.05	0.05	0.05																									
réallouées			réalloué	VER	VER	f	p		0.05	0.05	0.05																									
réalloués			réalloué	VER	VER	m	p		0.05	0.05	0.05																									
réaménagés			réaménagé	VER	VER	m	p		0.05	0.05	0.05																									
réappropriés			réapproprié	VER	VER	m	p		0.05	0.05	0.05																									
réarmée			réarmé	VER	VER	f	s		0.05	0.05	0.05																									
réarmées			réarmé	VER	VER	f	p		0.05	0.05	0.05																									
réassurées			réassuré	VER	VER	f	p		0.05	0.05	0.05																									
réassurés			réassuré	VER	VER	m	p		0.05	0.05	0.05																									
réchappées			réchappé	VER	VER	f	p		0.05	0.05	0.05																									
récidivée			récidivé	VER	VER	f	s		0.05	0.05	0.05																									
récidivées			récidivé	VER	VER	f	p		0.05	0.05	0.05																									
récidivés			récidivé	VER	VER	m	p		0.05	0.05	0.05																									
réengagées			réengagé	VER	VER	f	p		0.05	0.05	0.05																									
réenterrée			réenterré	VER	VER	f	s		0.05	0.05	0.05																									
réenterrées			réenterré	VER	VER	f	p		0.05	0.05	0.05																									
réenvisagée			réenvisagé	VER	VER	f	s		0.05	0.05	0.05																									
réenvisagées			réenvisagé	VER	VER	f	p		0.05	0.05	0.05																									
réenvisagés			réenvisagé	VER	VER	m	p		0.05	0.05	0.05																									
réexprimée			réexprimé	VER	VER	f	s		0.05	0.05	0.05																									
réexprimées			réexprimé	VER	VER	f	p		0.05	0.05	0.05																									
réexprimés			réexprimé	VER	VER	m	p		0.05	0.05	0.05																									
réfractées			réfracté	VER	VER	f	p		0.05	0.05	0.05																									
réfrénés			réfréné	VER	VER	m	p		0.05	0.05	0.05																									
référées			référé	VER	VER	f	p		0.05	0.05	0.05																									
régentées			régenté	VER	VER	f	p		0.05	0.05	0.05																									
régentés			régenté	VER	VER	m	p		0.05	0.05	0.05																									
régionalisée			régionalisé	VER	VER	f	s		0.05	0.05	0.05																									
régionalisées			régionalisé	VER	VER	f	p		0.05	0.05	0.05																									
régionalisés			régionalisé	VER	VER	m	p		0.05	0.05	0.05																									
régnée			régné	VER	VER	f	s		0.05	0.05	0.05																									
régnées			régné	VER	VER	f	p		0.05	0.05	0.05																									
régressées			régressé	VER	VER	f	p		0.05	0.05	0.05																									
régressés			régressé	VER	VER	m	p		0.05	0.05	0.05																									
régularisées			régularisé	VER	VER	f	p		0.05	0.05	0.05																									
réimaginée			réimaginé	VER	VER	f	s		0.05	0.05	0.05																									
réimaginées			réimaginé	VER	VER	f	p		0.05	0.05	0.05																									
réimaginés			réimaginé	VER	VER	m	p		0.05	0.05	0.05																									
réimprimée			réimprimé	VER	VER	f	s		0.05	0.05	0.05																									
réimprimés			réimprimé	VER	VER	m	p		0.05	0.05	0.05																									
réincarcérées			réincarcéré	VER	VER	f	p		0.05	0.05	0.05																									
réincarcérés			réincarcéré	VER	VER	m	p		0.05	0.05	0.05																									
réincorporées			réincorporé	VER	VER	f	p		0.05	0.05	0.05																									
réinjectées			réinjecté	VER	VER	f	p		0.05	0.05	0.05																									
réinstaurées			réinstauré	VER	VER	f	p		0.05	0.05	0.05																									
réinterprétées			réinterprété	VER	VER	f	p		0.05	0.05	0.05																									
réinterrogées			réinterrogé	VER	VER	f	p		0.05	0.05	0.05																									
réinventées			réinventé	VER	VER	f	p		0.05	0.05	0.05																									
réoccupée			réoccupé	VER	VER	f	s		0.05	0.05	0.05																									
réoccupées			réoccupé	VER	VER	f	p		0.05	0.05	0.05																									
réoccupés			réoccupé	VER	VER	m	p		0.05	0.05	0.05																									
répugnées			répugné	VER	VER	f	p		0.05	0.05	0.05																									
résidée			résidé	VER	VER	f	s		0.05	0.05	0.05																									
résidées			résidé	VER	VER	f	p		0.05	0.05	0.05																									
résidés			résidé	VER	VER	m	p		0.05	0.05	0.05																									
résinée			résiné	VER	VER	f	s		0.05	0.05	0.05																									
résinées			résiné	VER	VER	f	p		0.05	0.05	0.05																									
résinés			résiné	VER	VER	m	p		0.05	0.05	0.05																									
résolvée			résolvé	VER	VER	f	s		0.05	0.05	0.05																									
résolvées			résolvé	VER	VER	f	p		0.05	0.05	0.05																									
résolvés			résolvé	VER	VER	m	p		0.05	0.05	0.05																									
résonnées			résonné	VER	VER	f	p		0.05	0.05	0.05																									
résonnés			résonné	VER	VER	m	p		0.05	0.05	0.05																									
résorbés			résorbé	VER	VER	m	p		0.05	0.05	0.05																									
résultée			résulté	VER	VER	f	s		0.05	0.05	0.05																									
rétorquée			rétorqué	VER	VER	f	s		0.05	0.05	0.05																									
rétorquées			rétorqué	VER	VER	f	p		0.05	0.05	0.05																									
rétorqués			rétorqué	VER	VER	m	p		0.05	0.05	0.05																									
rétribuées			rétribué	VER	VER	f	p		0.05	0.05	0.05																									
rétrocédée			rétrocédé	VER	VER	f	s		0.05	0.05	0.05																									
rétrocédées			rétrocédé	VER	VER	f	p		0.05	0.05	0.05																									
rétrocédés			rétrocédé	VER	VER	m	p		0.05	0.05	0.05																									
réveillonnée			réveillonné	VER	VER	f	s		0.05	0.05	0.05																									
réveillonnées			réveillonné	VER	VER	f	p		0.05	0.05	0.05																									
réveillonnés			réveillonné	VER	VER	m	p		0.05	0.05	0.05																									
réverbérée			réverbéré	VER	VER	f	s		0.05	0.05	0.05																									
réverbérées			réverbéré	VER	VER	f	p		0.05	0.05	0.05																									
réverbérés			réverbéré	VER	VER	m	p		0.05	0.05	0.05																									
réécoutée			réécouté	VER	VER	f	s		0.05	0.05	0.05																									
réécoutés			réécouté	VER	VER	m	p		0.05	0.05	0.05																									
rééditée			réédité	VER	VER	f	s		0.05	0.05	0.05																									
rééduquées			rééduqué	VER	VER	f	p		0.05	0.05	0.05																									
rêvassée			rêvassé	VER	VER	f	s		0.05	0.05	0.05																									
rêvassées			rêvassé	VER	VER	f	p		0.05	0.05	0.05																									
rêvassés			rêvassé	VER	VER	m	p		0.05	0.05	0.05																									
rôdées			rôdé	VER	VER	f	p		0.05	0.05	0.05																									
sabordées			sabordé	VER	VER	f	p		0.05	0.05	0.05																									
sabrées			sabré	VER	VER	f	p		0.05	0.05	0.05																									
sacralisée			sacralisé	VER	VER	f	s		0.05	0.05	0.05																									
sacralisées			sacralisé	VER	VER	f	p		0.05	0.05	0.05																									
salivée			salivé	VER	VER	f	s		0.05	0.05	0.05																									
salivées			salivé	VER	VER	f	p		0.05	0.05	0.05																									
salivés			salivé	VER	VER	m	p		0.05	0.05	0.05																									
sanctuarisée			sanctuarisé	VER	VER	f	s		0.05	0.05	0.05																									
sanctuarisées			sanctuarisé	VER	VER	f	p		0.05	0.05	0.05																									
sanctuarisés			sanctuarisé	VER	VER	m	p		0.05	0.05	0.05																									
sanglotée			sangloté	VER	VER	f	s		0.05	0.05	0.05																									
sanglotées			sangloté	VER	VER	f	p		0.05	0.05	0.05																									
sanglotés			sangloté	VER	VER	m	p		0.05	0.05	0.05																									
saquées			saqué	VER	VER	f	p		0.05	0.05	0.05																									
sarclés			sarclé	VER	VER	m	p		0.05	0.05	0.05																									
sassée			sassé	VER	VER	f	s		0.05	0.05	0.05																									
sassées			sassé	VER	VER	f	p		0.05	0.05	0.05																									
sassés			sassé	VER	VER	m	p		0.05	0.05	0.05																									
saumurée			saumuré	VER	VER	f	s		0.05	0.05	0.05																									
saumurés			saumuré	VER	VER	m	p		0.05	0.05	0.05																									
sautillées			sautillé	VER	VER	f	p		0.05	0.05	0.05																									
sautillés			sautillé	VER	VER	m	p		0.05	0.05	0.05																									
scandées			scandé	VER	VER	f	p		0.05	0.05	0.05																									
scarifiées			scarifié	VER	VER	f	p		0.05	0.05	0.05																									
scarifiés			scarifié	VER	VER	m	p		0.05	0.05	0.05																									
schtroumpfées			schtroumpfé	VER	VER	f	p		0.05	0.05	0.05																									
schtroumpfés			schtroumpfé	VER	VER	m	p		0.05	0.05	0.05																									
schématisée			schématisé	VER	VER	f	s		0.05	0.05	0.05																									
schématisées			schématisé	VER	VER	f	p		0.05	0.05	0.05																									
scintillée			scintillé	VER	VER	f	s		0.05	0.05	0.05																									
scintillées			scintillé	VER	VER	f	p		0.05	0.05	0.05																									
scintillés			scintillé	VER	VER	m	p		0.05	0.05	0.05																									
scolarisées			scolarisé	VER	VER	f	p		0.05	0.05	0.05																									
scorée			scoré	VER	VER	f	s		0.05	0.05	0.05																									
scorées			scoré	VER	VER	f	p		0.05	0.05	0.05																									
scorés			scoré	VER	VER	m	p		0.05	0.05	0.05																									
sectorisée			sectorisé	VER	VER	f	s		0.05	0.05	0.05																									
sectorisées			sectorisé	VER	VER	f	p		0.05	0.05	0.05																									
sectorisés			sectorisé	VER	VER	m	p		0.05	0.05	0.05																									
sensibilisées			sensibilisé	VER	VER	f	p		0.05	0.05	0.05																									
serpentée			serpenté	VER	VER	f	s		0.05	0.05	0.05																									
serpentées			serpenté	VER	VER	f	p		0.05	0.05	0.05																									
serpentés			serpenté	VER	VER	m	p		0.05	0.05	0.05																									
sextuplée			sextuplé	VER	VER	f	s		0.05	0.05	0.05																									
sextuplées			sextuplé	VER	VER	f	p		0.05	0.05	0.05																									
shampooinée			shampooiné	VER	VER	f	s		0.05	0.05	0.05																									
shampooinées			shampooiné	VER	VER	f	p		0.05	0.05	0.05																									
shampooinés			shampooiné	VER	VER	m	p		0.05	0.05	0.05																									
shampouinées			shampouiné	VER	VER	f	p		0.05	0.05	0.05																									
sifflotée			siffloté	VER	VER	f	s		0.05	0.05	0.05																									
sifflotées			siffloté	VER	VER	f	p		0.05	0.05	0.05																									
sifflotés			siffloté	VER	VER	m	p		0.05	0.05	0.05																									
signalisées			signalisé	VER	VER	f	p		0.05	0.05	0.05																									
signalisés			signalisé	VER	VER	m	p		0.05	0.05	0.05																									
silée			silé	VER	VER	f	s		0.05	0.05	0.05																									
silées			silé	VER	VER	f	p		0.05	0.05	0.05																									
silés			silé	VER	VER	m	p		0.05	0.05	0.05																									
singularisée			singularisé	VER	VER	f	s		0.05	0.05	0.05																									
singularisées			singularisé	VER	VER	f	p		0.05	0.05	0.05																									
singularisés			singularisé	VER	VER	m	p		0.05	0.05	0.05																									
singées			singé	VER	VER	f	p		0.05	0.05	0.05																									
skippée			skippé	VER	VER	f	s		0.05	0.05	0.05																									
skippées			skippé	VER	VER	f	p		0.05	0.05	0.05																									
skippés			skippé	VER	VER	m	p		0.05	0.05	0.05																									
skiée			skié	VER	VER	f	s		0.05	0.05	0.05																									
skiées			skié	VER	VER	f	p		0.05	0.05	0.05																									
skiés			skié	VER	VER	m	p		0.05	0.05	0.05																									
slalomée			slalomé	VER	VER	f	s		0.05	0.05	0.05																									
slalomées			slalomé	VER	VER	f	p		0.05	0.05	0.05																									
slalomés			slalomé	VER	VER	m	p		0.05	0.05	0.05																									
slicés			slicé	VER	VER	m	p		0.05	0.05	0.05																									
smashées			smashé	VER	VER	f	p		0.05	0.05	0.05																									
smashés			smashé	VER	VER	m	p		0.05	0.05	0.05																									
snackée			snacké	VER	VER	f	s		0.05	0.05	0.05																									
snackées			snacké	VER	VER	f	p		0.05	0.05	0.05																									
snackés			snacké	VER	VER	m	p		0.05	0.05	0.05																									
solidarisée			solidarisé	VER	VER	f	s		0.05	0.05	0.05																									
solidarisées			solidarisé	VER	VER	f	p		0.05	0.05	0.05																									
solidarisés			solidarisé	VER	VER	m	p		0.05	0.05	0.05																									
solutionnée			solutionné	VER	VER	f	s		0.05	0.05	0.05																									
solutionnées			solutionné	VER	VER	f	p		0.05	0.05	0.05																									
solutionnés			solutionné	VER	VER	m	p		0.05	0.05	0.05																									
sommeillée			sommeillé	VER	VER	f	s		0.05	0.05	0.05																									
sommeillées			sommeillé	VER	VER	f	p		0.05	0.05	0.05																									
sommeillés			sommeillé	VER	VER	m	p		0.05	0.05	0.05																									
somnolée			somnolé	VER	VER	f	s		0.05	0.05	0.05																									
somnolées			somnolé	VER	VER	f	p		0.05	0.05	0.05																									
somnolés			somnolé	VER	VER	m	p		0.05	0.05	0.05																									
souffletée			souffleté	VER	VER	f	s		0.05	0.05	0.05																									
souffletées			souffleté	VER	VER	f	p		0.05	0.05	0.05																									
souffletés			souffleté	VER	VER	m	p		0.05	0.05	0.05																									
soulées			soulé	VER	VER	f	p		0.05	0.05	0.05																									
soumissionnée			soumissionné	VER	VER	f	s		0.05	0.05	0.05																									
soumissionnées			soumissionné	VER	VER	f	p		0.05	0.05	0.05																									
soumissionnés			soumissionné	VER	VER	m	p		0.05	0.05	0.05																									
soupesée			soupesé	VER	VER	f	s		0.05	0.05	0.05																									
soupesées			soupesé	VER	VER	f	p		0.05	0.05	0.05																									
soupesés			soupesé	VER	VER	m	p		0.05	0.05	0.05																									
soupirée			soupiré	VER	VER	f	s		0.05	0.05	0.05																									
soupirées			soupiré	VER	VER	f	p		0.05	0.05	0.05																									
soupirés			soupiré	VER	VER	m	p		0.05	0.05	0.05																									
soupoudrée			soupoudré	VER	VER	f	s		0.05	0.05	0.05																									
soupoudrés			soupoudré	VER	VER	m	p		0.05	0.05	0.05																									
soupée			soupé	VER	VER	f	s		0.05	0.05	0.05																									
soupées			soupé	VER	VER	f	p		0.05	0.05	0.05																									
soupés			soupé	VER	VER	m	p		0.05	0.05	0.05																									
souquée			souqué	VER	VER	f	s		0.05	0.05	0.05																									
souquées			souqué	VER	VER	f	p		0.05	0.05	0.05																									
souqués			souqué	VER	VER	m	p		0.05	0.05	0.05																									
sourcillées			sourcillé	VER	VER	f	p		0.05	0.05	0.05																									
sourcillés			sourcillé	VER	VER	m	p		0.05	0.05	0.05																									
spiralés			spiralé	VER	VER	m	p		0.05	0.05	0.05																									
sprintée			sprinté	VER	VER	f	s		0.05	0.05	0.05																									
sprintées			sprinté	VER	VER	f	p		0.05	0.05	0.05																									
sprintés			sprinté	VER	VER	m	p		0.05	0.05	0.05																									
spéculée			spéculé	VER	VER	f	s		0.05	0.05	0.05																									
spéculées			spéculé	VER	VER	f	p		0.05	0.05	0.05																									
spéculés			spéculé	VER	VER	m	p		0.05	0.05	0.05																									
squattées			squatté	VER	VER	f	p		0.05	0.05	0.05																									
stagnée			stagné	VER	VER	f	s		0.05	0.05	0.05																									
stagnées			stagné	VER	VER	f	p		0.05	0.05	0.05																									
stagnés			stagné	VER	VER	m	p		0.05	0.05	0.05																									
statuées			statué	VER	VER	f	p		0.05	0.05	0.05																									
stipendiée			stipendié	VER	VER	f	s		0.05	0.05	0.05																									
stipendiées			stipendié	VER	VER	f	p		0.05	0.05	0.05																									
stipendiés			stipendié	VER	VER	m	p		0.05	0.05	0.05																									
sténographiées			sténographié	VER	VER	f	p		0.05	0.05	0.05																									
sténographiés			sténographié	VER	VER	m	p		0.05	0.05	0.05																									
subdivisés			subdivisé	VER	VER	m	p		0.05	0.05	0.05																									
subodorée			subodoré	VER	VER	f	s		0.05	0.05	0.05																									
subodorées			subodoré	VER	VER	f	p		0.05	0.05	0.05																									
subodorés			subodoré	VER	VER	m	p		0.05	0.05	0.05																									
subornées			suborné	VER	VER	f	p		0.05	0.05	0.05																									
subsistées			subsisté	VER	VER	f	p		0.05	0.05	0.05																									
subsistés			subsisté	VER	VER	m	p		0.05	0.05	0.05																									
subsumées			subsumé	VER	VER	f	p		0.05	0.05	0.05																									
subsumés			subsumé	VER	VER	m	p		0.05	0.05	0.05																									
succombée			succombé	VER	VER	f	s		0.05	0.05	0.05																									
suiffée			suiffé	VER	VER	f	s		0.05	0.05	0.05																									
suiffées			suiffé	VER	VER	f	p		0.05	0.05	0.05																									
suiffés			suiffé	VER	VER	m	p		0.05	0.05	0.05																									
suintée			suinté	VER	VER	f	s		0.05	0.05	0.05																									
suintées			suinté	VER	VER	f	p		0.05	0.05	0.05																									
suintés			suinté	VER	VER	m	p		0.05	0.05	0.05																									
suppléée			suppléé	VER	VER	f	s		0.05	0.05	0.05																									
suppléées			suppléé	VER	VER	f	p		0.05	0.05	0.05																									
suppléés			suppléé	VER	VER	m	p		0.05	0.05	0.05																									
supputée			supputé	VER	VER	f	s		0.05	0.05	0.05																									
supputées			supputé	VER	VER	f	p		0.05	0.05	0.05																									
supputés			supputé	VER	VER	m	p		0.05	0.05	0.05																									
supée			supé	VER	VER	f	s		0.05	0.05	0.05																									
supées			supé	VER	VER	f	p		0.05	0.05	0.05																									
supés			supé	VER	VER	m	p		0.05	0.05	0.05																									
surcoupée			surcoupé	VER	VER	f	s		0.05	0.05	0.05																									
surcoupées			surcoupé	VER	VER	f	p		0.05	0.05	0.05																									
surcoupés			surcoupé	VER	VER	m	p		0.05	0.05	0.05																									
surfacée			surfacé	VER	VER	f	s		0.05	0.05	0.05																									
surfacées			surfacé	VER	VER	f	p		0.05	0.05	0.05																									
surfacés			surfacé	VER	VER	m	p		0.05	0.05	0.05																									
surfilée			surfilé	VER	VER	f	s		0.05	0.05	0.05																									
surfilées			surfilé	VER	VER	f	p		0.05	0.05	0.05																									
surfilés			surfilé	VER	VER	m	p		0.05	0.05	0.05																									
surfées			surfé	VER	VER	f	p		0.05	0.05	0.05																									
surfés			surfé	VER	VER	m	p		0.05	0.05	0.05																									
surimposée			surimposé	VER	VER	f	s		0.05	0.05	0.05																									
surimposées			surimposé	VER	VER	f	p		0.05	0.05	0.05																									
surimposés			surimposé	VER	VER	m	p		0.05	0.05	0.05																									
surimprimée			surimprimé	VER	VER	f	s		0.05	0.05	0.05																									
surimprimées			surimprimé	VER	VER	f	p		0.05	0.05	0.05																									
surinées			suriné	VER	VER	f	p		0.05	0.05	0.05																									
surinés			suriné	VER	VER	m	p		0.05	0.05	0.05																									
surnagée			surnagé	VER	VER	f	s		0.05	0.05	0.05																									
surnagées			surnagé	VER	VER	f	p		0.05	0.05	0.05																									
surnagés			surnagé	VER	VER	m	p		0.05	0.05	0.05																									
surpiquée			surpiqué	VER	VER	f	s		0.05	0.05	0.05																									
surpiquées			surpiqué	VER	VER	f	p		0.05	0.05	0.05																									
surpiqués			surpiqué	VER	VER	m	p		0.05	0.05	0.05																									
sursautées			sursauté	VER	VER	f	p		0.05	0.05	0.05																									
surtaxée			surtaxé	VER	VER	f	s		0.05	0.05	0.05																									
surutilisée			surutilisé	VER	VER	f	s		0.05	0.05	0.05																									
surutilisées			surutilisé	VER	VER	f	p		0.05	0.05	0.05																									
surutilisés			surutilisé	VER	VER	m	p		0.05	0.05	0.05																									
susurrés			susurré	VER	VER	m	p		0.05	0.05	0.05																									
suçotée			suçoté	VER	VER	f	s		0.05	0.05	0.05																									
suçotées			suçoté	VER	VER	f	p		0.05	0.05	0.05																									
suçotés			suçoté	VER	VER	m	p		0.05	0.05	0.05																									
swinguées			swingué	VER	VER	f	p		0.05	0.05	0.05																									
swingués			swingué	VER	VER	m	p		0.05	0.05	0.05																									
sympathisée			sympathisé	VER	VER	f	s		0.05	0.05	0.05																									
sympathisées			sympathisé	VER	VER	f	p		0.05	0.05	0.05																									
syncopées			syncopé	VER	VER	f	p		0.05	0.05	0.05																									
systématisées			systématisé	VER	VER	f	p		0.05	0.05	0.05																									
systématisés			systématisé	VER	VER	m	p		0.05	0.05	0.05																									
sécularisés			sécularisé	VER	VER	m	p		0.05	0.05	0.05																									
sédentarisée			sédentarisé	VER	VER	f	s		0.05	0.05	0.05																									
sédentarisées			sédentarisé	VER	VER	f	p		0.05	0.05	0.05																									
sédentarisés			sédentarisé	VER	VER	m	p		0.05	0.05	0.05																									
séjournées			séjourné	VER	VER	f	p		0.05	0.05	0.05																									
séjournés			séjourné	VER	VER	m	p		0.05	0.05	0.05																									
sériée			sérié	VER	VER	f	s		0.05	0.05	0.05																									
sériées			sérié	VER	VER	f	p		0.05	0.05	0.05																									
sériés			sérié	VER	VER	m	p		0.05	0.05	0.05																									
tacklée			tacklé	VER	VER	f	s		0.05	0.05	0.05																									
tacklées			tacklé	VER	VER	f	p		0.05	0.05	0.05																									
tacklés			tacklé	VER	VER	m	p		0.05	0.05	0.05																									
taclés			taclé	VER	VER	m	p		0.05	0.05	0.05																									
taffée			taffé	VER	VER	f	s		0.05	0.05	0.05																									
taffées			taffé	VER	VER	f	p		0.05	0.05	0.05																									
taffés			taffé	VER	VER	m	p		0.05	0.05	0.05																									
talochée			taloché	VER	VER	f	s		0.05	0.05	0.05																									
talochées			taloché	VER	VER	f	p		0.05	0.05	0.05																									
talochés			taloché	VER	VER	m	p		0.05	0.05	0.05																									
talonnées			talonné	VER	VER	f	p		0.05	0.05	0.05																									
talquée			talqué	VER	VER	f	s		0.05	0.05	0.05																									
tambourinées			tambouriné	VER	VER	f	p		0.05	0.05	0.05																									
tambourinés			tambouriné	VER	VER	m	p		0.05	0.05	0.05																									
tanguée			tangué	VER	VER	f	s		0.05	0.05	0.05																									
tanguées			tangué	VER	VER	f	p		0.05	0.05	0.05																									
tangués			tangué	VER	VER	m	p		0.05	0.05	0.05																									
tapotées			tapoté	VER	VER	f	p		0.05	0.05	0.05																									
tarabustées			tarabusté	VER	VER	f	p		0.05	0.05	0.05																									
tarabustés			tarabusté	VER	VER	m	p		0.05	0.05	0.05																									
taraudée			taraudé	VER	VER	f	s		0.05	0.05	0.05																									
tardée			tardé	VER	VER	f	s		0.05	0.05	0.05																									
tardés			tardé	VER	VER	m	p		0.05	0.05	0.05																									
tarifée			tarifé	VER	VER	f	s		0.05	0.05	0.05																									
tarifés			tarifé	VER	VER	m	p		0.05	0.05	0.05																									
tartinées			tartiné	VER	VER	f	p		0.05	0.05	0.05																									
tchattée			tchatté	VER	VER	f	s		0.05	0.05	0.05																									
tchattées			tchatté	VER	VER	f	p		0.05	0.05	0.05																									
tchattés			tchatté	VER	VER	m	p		0.05	0.05	0.05																									
tchatée			tchaté	VER	VER	f	s		0.05	0.05	0.05																									
tchatées			tchaté	VER	VER	f	p		0.05	0.05	0.05																									
tchatés			tchaté	VER	VER	m	p		0.05	0.05	0.05																									
temporisés			temporisé	VER	VER	m	p		0.05	0.05	0.05																									
tempêtée			tempêté	VER	VER	f	s		0.05	0.05	0.05																									
tempêtées			tempêté	VER	VER	f	p		0.05	0.05	0.05																									
tempêtés			tempêté	VER	VER	m	p		0.05	0.05	0.05																									
tenaillées			tenaillé	VER	VER	f	p		0.05	0.05	0.05																									
tergiversée			tergiversé	VER	VER	f	s		0.05	0.05	0.05																									
tergiversées			tergiversé	VER	VER	f	p		0.05	0.05	0.05																									
tergiversés			tergiversé	VER	VER	m	p		0.05	0.05	0.05																									
tetés			teté	VER	VER	m	p		0.05	0.05	0.05																									
théorisés			théorisé	VER	VER	m	p		0.05	0.05	0.05																									
tictaquée			tictaqué	VER	VER	f	s		0.05	0.05	0.05																									
tictaquées			tictaqué	VER	VER	f	p		0.05	0.05	0.05																									
tictaqués			tictaqué	VER	VER	m	p		0.05	0.05	0.05																									
tiercée			tiercé	VER	VER	f	s		0.05	0.05	0.05																									
tiercées			tiercé	VER	VER	f	p		0.05	0.05	0.05																									
tintés			tinté	VER	VER	m	p		0.05	0.05	0.05																									
tiquée			tiqué	VER	VER	f	s		0.05	0.05	0.05																									
tiquées			tiqué	VER	VER	f	p		0.05	0.05	0.05																									
tiqués			tiqué	VER	VER	m	p		0.05	0.05	0.05																									
tisonnée			tisonné	VER	VER	f	s		0.05	0.05	0.05																									
tisonnées			tisonné	VER	VER	f	p		0.05	0.05	0.05																									
tisonnés			tisonné	VER	VER	m	p		0.05	0.05	0.05																									
titillées			titillé	VER	VER	f	p		0.05	0.05	0.05																									
titubée			titubé	VER	VER	f	s		0.05	0.05	0.05																									
titubés			titubé	VER	VER	m	p		0.05	0.05	0.05																									
titularisées			titularisé	VER	VER	f	p		0.05	0.05	0.05																									
toisées			toisé	VER	VER	f	p		0.05	0.05	0.05																									
tonnée			tonné	VER	VER	f	s		0.05	0.05	0.05																									
tonnées			tonné	VER	VER	f	p		0.05	0.05	0.05																									
tonnés			tonné	VER	VER	m	p		0.05	0.05	0.05																									
torchées			torché	VER	VER	f	p		0.05	0.05	0.05																									
torréfiée			torréfié	VER	VER	f	s		0.05	0.05	0.05																									
tortillées			tortillé	VER	VER	f	p		0.05	0.05	0.05																									
toréée			toréé	VER	VER	f	s		0.05	0.05	0.05																									
toréées			toréé	VER	VER	f	p		0.05	0.05	0.05																									
toréés			toréé	VER	VER	m	p		0.05	0.05	0.05																									
totalisées			totalisé	VER	VER	f	p		0.05	0.05	0.05																									
touillées			touillé	VER	VER	f	p		0.05	0.05	0.05																									
tourbillonnées			tourbillonné	VER	VER	f	p		0.05	0.05	0.05																									
tourbillonnés			tourbillonné	VER	VER	m	p		0.05	0.05	0.05																									
tournicotée			tournicoté	VER	VER	f	s		0.05	0.05	0.05																									
tournicotées			tournicoté	VER	VER	f	p		0.05	0.05	0.05																									
tournicotés			tournicoté	VER	VER	m	p		0.05	0.05	0.05																									
toussotée			toussoté	VER	VER	f	s		0.05	0.05	0.05																									
toussotées			toussoté	VER	VER	f	p		0.05	0.05	0.05																									
toussotés			toussoté	VER	VER	m	p		0.05	0.05	0.05																									
toussées			toussé	VER	VER	f	p		0.05	0.05	0.05																									
toussés			toussé	VER	VER	m	p		0.05	0.05	0.05																									
tracassées			tracassé	VER	VER	f	p		0.05	0.05	0.05																									
tramées			tramé	VER	VER	f	p		0.05	0.05	0.05																									
tramés			tramé	VER	VER	m	p		0.05	0.05	0.05																									
tranquillisées			tranquillisé	VER	VER	f	p		0.05	0.05	0.05																									
transbahutée			transbahuté	VER	VER	f	s		0.05	0.05	0.05																									
transbahutées			transbahuté	VER	VER	f	p		0.05	0.05	0.05																									
transbordée			transbordé	VER	VER	f	s		0.05	0.05	0.05																									
transbordées			transbordé	VER	VER	f	p		0.05	0.05	0.05																									
transigée			transigé	VER	VER	f	s		0.05	0.05	0.05																									
transigées			transigé	VER	VER	f	p		0.05	0.05	0.05																									
transigés			transigé	VER	VER	m	p		0.05	0.05	0.05																									
transitée			transité	VER	VER	f	s		0.05	0.05	0.05																									
transitées			transité	VER	VER	f	p		0.05	0.05	0.05																									
transités			transité	VER	VER	m	p		0.05	0.05	0.05																									
transpirées			transpiré	VER	VER	f	p		0.05	0.05	0.05																									
transvasée			transvasé	VER	VER	f	s		0.05	0.05	0.05																									
transvasées			transvasé	VER	VER	f	p		0.05	0.05	0.05																									
trappée			trappé	VER	VER	f	s		0.05	0.05	0.05																									
trappées			trappé	VER	VER	f	p		0.05	0.05	0.05																									
trappés			trappé	VER	VER	m	p		0.05	0.05	0.05																									
traînaillée			traînaillé	VER	VER	f	s		0.05	0.05	0.05																									
traînaillées			traînaillé	VER	VER	f	p		0.05	0.05	0.05																									
traînaillés			traînaillé	VER	VER	m	p		0.05	0.05	0.05																									
traînassée			traînassé	VER	VER	f	s		0.05	0.05	0.05																									
traînassées			traînassé	VER	VER	f	p		0.05	0.05	0.05																									
traînassés			traînassé	VER	VER	m	p		0.05	0.05	0.05																									
tressautée			tressauté	VER	VER	f	s		0.05	0.05	0.05																									
tressautées			tressauté	VER	VER	f	p		0.05	0.05	0.05																									
tressautés			tressauté	VER	VER	m	p		0.05	0.05	0.05																									
treuillée			treuillé	VER	VER	f	s		0.05	0.05	0.05																									
treuillées			treuillé	VER	VER	f	p		0.05	0.05	0.05																									
treuillés			treuillé	VER	VER	m	p		0.05	0.05	0.05																									
triangulées			triangulé	VER	VER	f	p		0.05	0.05	0.05																									
trifouillés			trifouillé	VER	VER	m	p		0.05	0.05	0.05																									
trillée			trillé	VER	VER	f	s		0.05	0.05	0.05																									
trillées			trillé	VER	VER	f	p		0.05	0.05	0.05																									
trillés			trillé	VER	VER	m	p		0.05	0.05	0.05																									
trimées			trimé	VER	VER	f	p		0.05	0.05	0.05																									
trimés			trimé	VER	VER	m	p		0.05	0.05	0.05																									
tringlés			tringlé	VER	VER	m	p		0.05	0.05	0.05																									
trinquée			trinqué	VER	VER	f	s		0.05	0.05	0.05																									
trinquées			trinqué	VER	VER	f	p		0.05	0.05	0.05																									
triomphés			triomphé	VER	VER	m	p		0.05	0.05	0.05																									
tripatouillée			tripatouillé	VER	VER	f	s		0.05	0.05	0.05																									
tripatouillés			tripatouillé	VER	VER	m	p		0.05	0.05	0.05																									
triturées			trituré	VER	VER	f	p		0.05	0.05	0.05																									
triturés			trituré	VER	VER	m	p		0.05	0.05	0.05																									
tronchées			tronché	VER	VER	f	p		0.05	0.05	0.05																									
tronchés			tronché	VER	VER	m	p		0.05	0.05	0.05																									
tronçonnée			tronçonné	VER	VER	f	s		0.05	0.05	0.05																									
tronçonnées			tronçonné	VER	VER	f	p		0.05	0.05	0.05																									
trottinée			trottiné	VER	VER	f	s		0.05	0.05	0.05																									
trottinées			trottiné	VER	VER	f	p		0.05	0.05	0.05																									
trottinés			trottiné	VER	VER	m	p		0.05	0.05	0.05																									
trottée			trotté	VER	VER	f	s		0.05	0.05	0.05																									
trottées			trotté	VER	VER	f	p		0.05	0.05	0.05																									
trottés			trotté	VER	VER	m	p		0.05	0.05	0.05																									
troussés			troussé	VER	VER	m	p		0.05	0.05	0.05																									
truandée			truandé	VER	VER	f	s		0.05	0.05	0.05																									
truandées			truandé	VER	VER	f	p		0.05	0.05	0.05																									
trucidées			trucidé	VER	VER	f	p		0.05	0.05	0.05																									
trébuchées			trébuché	VER	VER	f	p		0.05	0.05	0.05																									
trébuchés			trébuché	VER	VER	m	p		0.05	0.05	0.05																									
trépanées			trépané	VER	VER	f	p		0.05	0.05	0.05																									
trépanés			trépané	VER	VER	m	p		0.05	0.05	0.05																									
trépignée			trépigné	VER	VER	f	s		0.05	0.05	0.05																									
trépignées			trépigné	VER	VER	f	p		0.05	0.05	0.05																									
trépignés			trépigné	VER	VER	m	p		0.05	0.05	0.05																									
tubée			tubé	VER	VER	f	s		0.05	0.05	0.05																									
tubées			tubé	VER	VER	f	p		0.05	0.05	0.05																									
tunés			tuné	VER	VER	m	p		0.05	0.05	0.05																									
turbinée			turbiné	VER	VER	f	s		0.05	0.05	0.05																									
turbinées			turbiné	VER	VER	f	p		0.05	0.05	0.05																									
turbinés			turbiné	VER	VER	m	p		0.05	0.05	0.05																									
turlupinées			turlupiné	VER	VER	f	p		0.05	0.05	0.05																									
turlupinés			turlupiné	VER	VER	m	p		0.05	0.05	0.05																									
tutoyées			tutoyé	VER	VER	f	p		0.05	0.05	0.05																									
tweetées			tweeté	VER	VER	f	p		0.05	0.05	0.05																									
tweetés			tweeté	VER	VER	m	p		0.05	0.05	0.05																									
twistées			twisté	VER	VER	f	p		0.05	0.05	0.05																									
tyrannisées			tyrannisé	VER	VER	f	p		0.05	0.05	0.05																									
tâtonnée			tâtonné	VER	VER	f	s		0.05	0.05	0.05																									
tâtonnées			tâtonné	VER	VER	f	p		0.05	0.05	0.05																									
tâtonnés			tâtonné	VER	VER	m	p		0.05	0.05	0.05																									
tâtées			tâté	VER	VER	f	p		0.05	0.05	0.05																									
télescopée			télescopé	VER	VER	f	s		0.05	0.05	0.05																									
télexée			télexé	VER	VER	f	s		0.05	0.05	0.05																									
télexés			télexé	VER	VER	m	p		0.05	0.05	0.05																									
télégraphiée			télégraphié	VER	VER	f	s		0.05	0.05	0.05																									
télégraphiées			télégraphié	VER	VER	f	p		0.05	0.05	0.05																									
téléversées			téléversé	VER	VER	f	p		0.05	0.05	0.05																									
téléversés			téléversé	VER	VER	m	p		0.05	0.05	0.05																									
ululée			ululé	VER	VER	f	s		0.05	0.05	0.05																									
ululées			ululé	VER	VER	f	p		0.05	0.05	0.05																									
ululés			ululé	VER	VER	m	p		0.05	0.05	0.05																									
uniformisées			uniformisé	VER	VER	f	p		0.05	0.05	0.05																									
universalisée			universalisé	VER	VER	f	s		0.05	0.05	0.05																									
universalisées			universalisé	VER	VER	f	p		0.05	0.05	0.05																									
universalisés			universalisé	VER	VER	m	p		0.05	0.05	0.05																									
updatée			updaté	VER	VER	f	s		0.05	0.05	0.05																									
updatées			updaté	VER	VER	f	p		0.05	0.05	0.05																									
updatés			updaté	VER	VER	m	p		0.05	0.05	0.05																									
urinées			uriné	VER	VER	f	p		0.05	0.05	0.05																									
urinés			uriné	VER	VER	m	p		0.05	0.05	0.05																									
usinés			usiné	VER	VER	m	p		0.05	0.05	0.05																									
vacillée			vacillé	VER	VER	f	s		0.05	0.05	0.05																									
vacillées			vacillé	VER	VER	f	p		0.05	0.05	0.05																									
vacillés			vacillé	VER	VER	m	p		0.05	0.05	0.05																									
vadrouillée			vadrouillé	VER	VER	f	s		0.05	0.05	0.05																									
vadrouillées			vadrouillé	VER	VER	f	p		0.05	0.05	0.05																									
vadrouillés			vadrouillé	VER	VER	m	p		0.05	0.05	0.05																									
vagabondée			vagabondé	VER	VER	f	s		0.05	0.05	0.05																									
vagabondées			vagabondé	VER	VER	f	p		0.05	0.05	0.05																									
vagabondés			vagabondé	VER	VER	m	p		0.05	0.05	0.05																									
valdinguées			valdingué	VER	VER	f	p		0.05	0.05	0.05																									
valsées			valsé	VER	VER	f	p		0.05	0.05	0.05																									
valsés			valsé	VER	VER	m	p		0.05	0.05	0.05																									
vampirisées			vampirisé	VER	VER	f	p		0.05	0.05	0.05																									
vampirisés			vampirisé	VER	VER	m	p		0.05	0.05	0.05																									
vampée			vampé	VER	VER	f	s		0.05	0.05	0.05																									
vampées			vampé	VER	VER	f	p		0.05	0.05	0.05																									
vampés			vampé	VER	VER	m	p		0.05	0.05	0.05																									
vaquée			vaqué	VER	VER	f	s		0.05	0.05	0.05																									
vaquées			vaqué	VER	VER	f	p		0.05	0.05	0.05																									
vaqués			vaqué	VER	VER	m	p		0.05	0.05	0.05																									
vendangées			vendangé	VER	VER	f	p		0.05	0.05	0.05																									
vendangés			vendangé	VER	VER	m	p		0.05	0.05	0.05																									
vergée			vergé	VER	VER	f	s		0.05	0.05	0.05																									
vibrées			vibré	VER	VER	f	p		0.05	0.05	0.05																									
vibrés			vibré	VER	VER	m	p		0.05	0.05	0.05																									
vilipendées			vilipendé	VER	VER	f	p		0.05	0.05	0.05																									
virevoltée			virevolté	VER	VER	f	s		0.05	0.05	0.05																									
virevoltées			virevolté	VER	VER	f	p		0.05	0.05	0.05																									
virevoltés			virevolté	VER	VER	m	p		0.05	0.05	0.05																									
virilisée			virilisé	VER	VER	f	s		0.05	0.05	0.05																									
virilisées			virilisé	VER	VER	f	p		0.05	0.05	0.05																									
virilisés			virilisé	VER	VER	m	p		0.05	0.05	0.05																									
vitupérée			vitupéré	VER	VER	f	s		0.05	0.05	0.05																									
vitupérées			vitupéré	VER	VER	f	p		0.05	0.05	0.05																									
vitupérés			vitupéré	VER	VER	m	p		0.05	0.05	0.05																									
vivifiés			vivifié	VER	VER	m	p		0.05	0.05	0.05																									
vivotée			vivoté	VER	VER	f	s		0.05	0.05	0.05																									
vivotées			vivoté	VER	VER	f	p		0.05	0.05	0.05																									
vivotés			vivoté	VER	VER	m	p		0.05	0.05	0.05																									
vociférée			vociféré	VER	VER	f	s		0.05	0.05	0.05																									
vociférées			vociféré	VER	VER	f	p		0.05	0.05	0.05																									
vociférés			vociféré	VER	VER	m	p		0.05	0.05	0.05																									
voguée			vogué	VER	VER	f	s		0.05	0.05	0.05																									
voguées			vogué	VER	VER	f	p		0.05	0.05	0.05																									
vogués			vogué	VER	VER	m	p		0.05	0.05	0.05																									
voisinée			voisiné	VER	VER	f	s		0.05	0.05	0.05																									
voisinées			voisiné	VER	VER	f	p		0.05	0.05	0.05																									
voisinés			voisiné	VER	VER	m	p		0.05	0.05	0.05																									
voiturée			voituré	VER	VER	f	s		0.05	0.05	0.05																									
voiturées			voituré	VER	VER	f	p		0.05	0.05	0.05																									
voiturés			voituré	VER	VER	m	p		0.05	0.05	0.05																									
voletée			voleté	VER	VER	f	s		0.05	0.05	0.05																									
voletées			voleté	VER	VER	f	p		0.05	0.05	0.05																									
voletés			voleté	VER	VER	m	p		0.05	0.05	0.05																									
voltigée			voltigé	VER	VER	f	s		0.05	0.05	0.05																									
voltigées			voltigé	VER	VER	f	p		0.05	0.05	0.05																									
voltigés			voltigé	VER	VER	m	p		0.05	0.05	0.05																									
voutés			vouté	VER	VER	m	p		0.05	0.05	0.05																									
vouvoyées			vouvoyé	VER	VER	f	p		0.05	0.05	0.05																									
vouvoyés			vouvoyé	VER	VER	m	p		0.05	0.05	0.05																									
vulgarisée			vulgarisé	VER	VER	f	s		0.05	0.05	0.05																									
vulgarisées			vulgarisé	VER	VER	f	p		0.05	0.05	0.05																									
vulgarisés			vulgarisé	VER	VER	m	p		0.05	0.05	0.05																									
végétalisée			végétalisé	VER	VER	f	s		0.05	0.05	0.05																									
végétée			végété	VER	VER	f	s		0.05	0.05	0.05																									
végétées			végété	VER	VER	f	p		0.05	0.05	0.05																									
végétés			végété	VER	VER	m	p		0.05	0.05	0.05																									
vêlée			vêlé	VER	VER	f	s		0.05	0.05	0.05																									
vêlées			vêlé	VER	VER	f	p		0.05	0.05	0.05																									
vêlés			vêlé	VER	VER	m	p		0.05	0.05	0.05																									
yodlée			yodlé	VER	VER	f	s		0.05	0.05	0.05																									
yodlées			yodlé	VER	VER	f	p		0.05	0.05	0.05																									
yodlés			yodlé	VER	VER	m	p		0.05	0.05	0.05																									
zapée			zapé	VER	VER	f	s		0.05	0.05	0.05																									
zapées			zapé	VER	VER	f	p		0.05	0.05	0.05																									
zapés			zapé	VER	VER	m	p		0.05	0.05	0.05																									
zieutées			zieuté	VER	VER	f	p		0.05	0.05	0.05																									
zieutés			zieuté	VER	VER	m	p		0.05	0.05	0.05																									
zigzaguée			zigzagué	VER	VER	f	s		0.05	0.05	0.05																									
zigzaguées			zigzagué	VER	VER	f	p		0.05	0.05	0.05																									
zigzagués			zigzagué	VER	VER	m	p		0.05	0.05	0.05																									
zombifiées			zombifié	VER	VER	f	p		0.05	0.05	0.05																									
zonées			zoné	VER	VER	f	p		0.05	0.05	0.05																									
zoomées			zoomé	VER	VER	f	p		0.05	0.05	0.05																									
zoomés			zoomé	VER	VER	m	p		0.05	0.05	0.05																									
zozotée			zozoté	VER	VER	f	s		0.05	0.05	0.05																									
zozotées			zozoté	VER	VER	f	p		0.05	0.05	0.05																									
zozotés			zozoté	VER	VER	m	p		0.05	0.05	0.05																									
zyeutée			zyeuté	VER	VER	f	s		0.05	0.05	0.05																									
zyeutées			zyeuté	VER	VER	f	p		0.05	0.05	0.05																									
zyeutés			zyeuté	VER	VER	m	p		0.05	0.05	0.05																									
ânonnée			ânonné	VER	VER	f	s		0.05	0.05	0.05																									
ânonnées			ânonné	VER	VER	f	p		0.05	0.05	0.05																									
ânonnés			ânonné	VER	VER	m	p		0.05	0.05	0.05																									
ébarbée			ébarbé	VER	VER	f	s		0.05	0.05	0.05																									
ébarbées			ébarbé	VER	VER	f	p		0.05	0.05	0.05																									
ébarbés			ébarbé	VER	VER	m	p		0.05	0.05	0.05																									
éberluées			éberlué	VER	VER	f	p		0.05	0.05	0.05																									
éborgnée			éborgné	VER	VER	f	s		0.05	0.05	0.05																									
éborgnées			éborgné	VER	VER	f	p		0.05	0.05	0.05																									
éboulées			éboulé	VER	VER	f	p		0.05	0.05	0.05																									
écalées			écalé	VER	VER	f	p		0.05	0.05	0.05																									
écharpées			écharpé	VER	VER	f	p		0.05	0.05	0.05																									
échaudées			échaudé	VER	VER	f	p		0.05	0.05	0.05																									
écimée			écimé	VER	VER	f	s		0.05	0.05	0.05																									
écimées			écimé	VER	VER	f	p		0.05	0.05	0.05																									
écimés			écimé	VER	VER	m	p		0.05	0.05	0.05																									
éclusées			éclusé	VER	VER	f	p		0.05	0.05	0.05																									
éclusés			éclusé	VER	VER	m	p		0.05	0.05	0.05																									
écopée			écopé	VER	VER	f	s		0.05	0.05	0.05																									
écopées			écopé	VER	VER	f	p		0.05	0.05	0.05																									
écopés			écopé	VER	VER	m	p		0.05	0.05	0.05																									
écorcée			écorcé	VER	VER	f	s		0.05	0.05	0.05																									
écorcées			écorcé	VER	VER	f	p		0.05	0.05	0.05																									
écorcés			écorcé	VER	VER	m	p		0.05	0.05	0.05																									
écossée			écossé	VER	VER	f	s		0.05	0.05	0.05																									
écossées			écossé	VER	VER	f	p		0.05	0.05	0.05																									
écriées			écrié	VER	VER	f	p		0.05	0.05	0.05																									
écrouées			écroué	VER	VER	f	p		0.05	0.05	0.05																									
écumés			écumé	VER	VER	m	p		0.05	0.05	0.05																									
égaillées			égaillé	VER	VER	f	p		0.05	0.05	0.05																									
égaillés			égaillé	VER	VER	m	p		0.05	0.05	0.05																									
égayés			égayé	VER	VER	m	p		0.05	0.05	0.05																									
égouttée			égoutté	VER	VER	f	s		0.05	0.05	0.05																									
égouttées			égoutté	VER	VER	f	p		0.05	0.05	0.05																									
égrainée			égrainé	VER	VER	f	s		0.05	0.05	0.05																									
égrainées			égrainé	VER	VER	f	p		0.05	0.05	0.05																									
égrainés			égrainé	VER	VER	m	p		0.05	0.05	0.05																									
égrenée			égrené	VER	VER	f	s		0.05	0.05	0.05																									
éjaculées			éjaculé	VER	VER	f	p		0.05	0.05	0.05																									
élaguées			élagué	VER	VER	f	p		0.05	0.05	0.05																									
électrisées			électrisé	VER	VER	f	p		0.05	0.05	0.05																									
électrolysées			électrolysé	VER	VER	f	p		0.05	0.05	0.05																									
électrolysés			électrolysé	VER	VER	m	p		0.05	0.05	0.05																									
émaillés			émaillé	VER	VER	m	p		0.05	0.05	0.05																									
émanées			émané	VER	VER	f	p		0.05	0.05	0.05																									
émanés			émané	VER	VER	m	p		0.05	0.05	0.05																									
émargée			émargé	VER	VER	f	s		0.05	0.05	0.05																									
émargées			émargé	VER	VER	f	p		0.05	0.05	0.05																									
émargés			émargé	VER	VER	m	p		0.05	0.05	0.05																									
émondée			émondé	VER	VER	f	s		0.05	0.05	0.05																									
émondées			émondé	VER	VER	f	p		0.05	0.05	0.05																									
émondés			émondé	VER	VER	m	p		0.05	0.05	0.05																									
émulsifiée			émulsifié	VER	VER	f	s		0.05	0.05	0.05																									
émulsifiés			émulsifié	VER	VER	m	p		0.05	0.05	0.05																									
émulée			émulé	VER	VER	f	s		0.05	0.05	0.05																									
émulées			émulé	VER	VER	f	p		0.05	0.05	0.05																									
énucléée			énucléé	VER	VER	f	s		0.05	0.05	0.05																									
énucléées			énucléé	VER	VER	f	p		0.05	0.05	0.05																									
épanchées			épanché	VER	VER	f	p		0.05	0.05	0.05																									
éperonnée			éperonné	VER	VER	f	s		0.05	0.05	0.05																									
éperonnées			éperonné	VER	VER	f	p		0.05	0.05	0.05																									
épiloguée			épilogué	VER	VER	f	s		0.05	0.05	0.05																									
épiloguées			épilogué	VER	VER	f	p		0.05	0.05	0.05																									
épilogués			épilogué	VER	VER	m	p		0.05	0.05	0.05																									
épointées			épointé	VER	VER	f	p		0.05	0.05	0.05																									
épouillée			épouillé	VER	VER	f	s		0.05	0.05	0.05																									
épouillées			épouillé	VER	VER	f	p		0.05	0.05	0.05																									
épépinée			épépiné	VER	VER	f	s		0.05	0.05	0.05																									
épépinés			épépiné	VER	VER	m	p		0.05	0.05	0.05																									
éraillés			éraillé	VER	VER	m	p		0.05	0.05	0.05																									
érotisée			érotisé	VER	VER	f	s		0.05	0.05	0.05																									
érotisées			érotisé	VER	VER	f	p		0.05	0.05	0.05																									
érotisés			érotisé	VER	VER	m	p		0.05	0.05	0.05																									
éructés			éructé	VER	VER	m	p		0.05	0.05	0.05																									
étamée			étamé	VER	VER	f	s		0.05	0.05	0.05																									
étamées			étamé	VER	VER	f	p		0.05	0.05	0.05																									
étamés			étamé	VER	VER	m	p		0.05	0.05	0.05																									
étanchés			étanché	VER	VER	m	p		0.05	0.05	0.05																									
étançonnée			étançonné	VER	VER	f	s		0.05	0.05	0.05																									
étançonnées			étançonné	VER	VER	f	p		0.05	0.05	0.05																									
étançonnés			étançonné	VER	VER	m	p		0.05	0.05	0.05																									
éternisées			éternisé	VER	VER	f	p		0.05	0.05	0.05																									
éternuée			éternué	VER	VER	f	s		0.05	0.05	0.05																									
éternuées			éternué	VER	VER	f	p		0.05	0.05	0.05																									
éternués			éternué	VER	VER	m	p		0.05	0.05	0.05																									
éthérisée			éthérisé	VER	VER	f	s		0.05	0.05	0.05																									
éthérisées			éthérisé	VER	VER	f	p		0.05	0.05	0.05																									
éthérisés			éthérisé	VER	VER	m	p		0.05	0.05	0.05																									
étrennées			étrenné	VER	VER	f	p		0.05	0.05	0.05																									
étrillées			étrillé	VER	VER	f	p		0.05	0.05	0.05																									
étrillés			étrillé	VER	VER	m	p		0.05	0.05	0.05																									
étripées			étripé	VER	VER	f	p		0.05	0.05	0.05																									
étêtées			étêté	VER	VER	f	p		0.05	0.05	0.05																									
évangélisée			évangélisé	VER	VER	f	s		0.05	0.05	0.05																									
évangélisées			évangélisé	VER	VER	f	p		0.05	0.05	0.05																									
évertuées			évertué	VER	VER	f	p		0.05	0.05	0.05																									
