# UD English-PUD (test), UPOS annoté à la main — CC BY-SA 3.0, https://github.com/UniversalDependencies/UD_English-PUD
# Bâti par dictee/build_pos_gold_en.py ; lu par dictee/pos_en_exactitude_probe.js (--check : plancher d'exactitude en CI).
# mot<TAB>UPOS, ligne vide entre les phrases ; tokens composés et nœuds vides écartés.
“	PUNCT
While	SCONJ
much	ADJ
of	ADP
the	DET
digital	ADJ
transition	NOUN
is	AUX
unprecedented	ADJ
in	ADP
the	DET
United	ADJ
States	PROPN
,	PUNCT
the	DET
peaceful	ADJ
transition	NOUN
of	ADP
power	NOUN
is	AUX
not	PART
,	PUNCT
”	PUNCT
Obama	PROPN
special	ADJ
assistant	NOUN
Kori	PROPN
Schulman	PROPN
wrote	VERB
in	ADP
a	DET
blog	NOUN
post	NOUN
Monday	PROPN
.	PUNCT

For	ADP
those	PRON
who	PRON
follow	VERB
social	ADJ
media	NOUN
transitions	NOUN
on	ADP
Capitol	PROPN
Hill	PROPN
,	PUNCT
this	PRON
will	AUX
be	AUX
a	DET
little	ADJ
different	ADJ
.	PUNCT

But	CCONJ
in	ADP
a	DET
break	NOUN
from	ADP
his	PRON
past	ADJ
rhetoric	NOUN
about	ADP
curtailing	VERB
immigration	NOUN
,	PUNCT
the	DET
GOP	PROPN
nominee	NOUN
proclaimed	VERB
that	SCONJ
as	ADP
president	NOUN
he	PRON
would	AUX
allow	VERB
“	PUNCT
tremendous	ADJ
numbers	NOUN
”	PUNCT
of	ADP
legal	ADJ
immigrants	NOUN
based	VERB
on	ADP
a	DET
“	PUNCT
merit	NOUN
system	NOUN
.	PUNCT
”	PUNCT

“	PUNCT
So	ADV
I	PRON
hate	VERB
to	PART
put	VERB
a	DET
little	ADJ
pressure	NOUN
on	ADP
you	PRON
,	PUNCT
but	CCONJ
the	DET
fate	NOUN
of	ADP
the	DET
republic	NOUN
rests	VERB
on	ADP
your	PRON
shoulders	NOUN
,	PUNCT
”	PUNCT
he	PRON
told	VERB
the	DET
crowd	NOUN
gathered	VERB
on	ADP
a	DET
sports	NOUN
field	NOUN
at	ADP
the	DET
University	PROPN
of	ADP
North	PROPN
Carolina	PROPN
.	PUNCT

The	DET
new	ADJ
spending	NOUN
is	AUX
fueled	VERB
by	ADP
Clinton	PROPN
’s	PART
large	ADJ
bank	NOUN
account	NOUN
.	PUNCT

What	PRON
she	PRON
’s	AUX
saying	VERB
and	CCONJ
what	PRON
she	PRON
’s	AUX
doing	VERB
,	PUNCT
it	PRON
—	PUNCT
actually	ADV
,	PUNCT
it	PRON
’s	AUX
unbelievable	ADJ
.	PUNCT

$	SYM
5,000	NUM
per	ADP
person	NOUN
,	PUNCT
the	DET
maximum	NOUN
allowed	VERB
.	PUNCT

In	ADP
early	ADJ
October	PROPN
,	PUNCT
the	DET
transition	NOUN
team	NOUN
used	VERB
the	DET
same	ADJ
venue	NOUN
to	PART
meet	VERB
with	ADP
technology	NOUN
lobbyists	NOUN
,	PUNCT
inviting	VERB
representatives	NOUN
from	ADP
Uber	PROPN
,	PUNCT
the	DET
Motion	NOUN
Picture	NOUN
Association	NOUN
of	ADP
America	PROPN
,	PUNCT
the	DET
Consumer	NOUN
Technology	NOUN
Association	NOUN
and	CCONJ
other	ADJ
groups	NOUN
.	PUNCT

The	DET
gathering	NOUN
was	AUX
originally	ADV
slated	VERB
for	ADP
Washington	PROPN
’s	PART
private	ADJ
Metropolitan	ADJ
Club	NOUN
on	ADP
H	PROPN
Street	PROPN
a	DET
few	ADJ
blocks	NOUN
away	ADV
.	PUNCT

Maybe	ADV
the	DET
dress	NOUN
code	NOUN
was	AUX
too	ADV
stuffy	ADJ
.	PUNCT

Rather	ADV
than	SCONJ
teaching	VERB
the	DET
scientific	ADJ
method	NOUN
as	ADP
a	DET
separate	ADJ
unit	NOUN
,	PUNCT
for	ADP
example	NOUN
,	PUNCT
students	NOUN
learn	VERB
science	NOUN
content	NOUN
by	SCONJ
applying	VERB
it	PRON
.	PUNCT

They	PRON
are	AUX
at	ADP
the	DET
national	ADJ
average	NOUN
in	ADP
grade	NOUN
4	NUM
and	CCONJ
better	ADJ
than	ADP
national	ADJ
average	NOUN
in	ADP
grade	NOUN
8	NUM
.	PUNCT

By	ADP
comparison	NOUN
,	PUNCT
it	PRON
cost	VERB
$	SYM
103.7	NUM
million	NUM
to	PART
build	VERB
the	DET
NoMa	PROPN
infill	NOUN
Metro	PROPN
station	NOUN
,	PUNCT
which	PRON
opened	VERB
in	ADP
2004	NUM
.	PUNCT

“	PUNCT
We	PRON
face	VERB
a	DET
lot	NOUN
of	ADP
competition	NOUN
,	PUNCT
and	CCONJ
we	PRON
think	VERB
transit	NOUN
can	AUX
help	VERB
,	PUNCT
”	PUNCT
said	VERB
Joe	PROPN
Sternlieb	PROPN
,	PUNCT
president	NOUN
of	ADP
the	DET
Georgetown	PROPN
BID	PROPN
.	PUNCT

The	DET
feasibility	NOUN
study	NOUN
estimates	VERB
that	SCONJ
it	PRON
would	AUX
take	VERB
passengers	NOUN
about	ADV
four	NUM
minutes	NOUN
to	PART
cross	VERB
the	DET
Potomac	PROPN
River	PROPN
on	ADP
the	DET
gondola	NOUN
.	PUNCT

A	DET
witness	NOUN
told	VERB
police	NOUN
that	SCONJ
the	DET
victim	NOUN
had	AUX
attacked	VERB
the	DET
suspect	NOUN
in	ADP
April	PROPN
.	PUNCT

There	PRON
are	VERB
parallels	NOUN
to	PART
draw	VERB
here	ADV
between	ADP
games	NOUN
and	CCONJ
our	PRON
everyday	ADJ
lives	NOUN
.	PUNCT

That	DET
share	NOUN
has	AUX
been	AUX
rising	VERB
steadily	ADV
over	ADP
the	DET
years	NOUN
—	PUNCT
only	ADV
11	NUM
percent	NOUN
of	ADP
the	DET
total	ADJ
vote	NOUN
was	AUX
cast	VERB
before	ADP
Election	NOUN
Day	NOUN
in	ADP
1996	NUM
,	PUNCT
according	VERB
to	ADP
the	DET
Census	NOUN
Bureau	NOUN
--	PUNCT
and	CCONJ
seems	VERB
likely	ADJ
to	PART
jump	VERB
again	ADV
this	DET
year	NOUN
.	PUNCT

Today	NOUN
,	PUNCT
Khanzir	PROPN
may	AUX
be	AUX
a	DET
lonely	ADJ
pig	NOUN
,	PUNCT
but	CCONJ
he	PRON
is	AUX
n’t	PART
always	ADV
alone	ADJ
.	PUNCT

“	PUNCT
We	PRON
’ve	AUX
requested	VERB
other	ADJ
nations	NOUN
to	PART
help	VERB
us	PRON
populate	VERB
the	DET
zoo	NOUN
with	ADP
different	ADJ
species	NOUN
of	ADP
animals	NOUN
,	PUNCT
including	VERB
a	DET
pig	NOUN
,	PUNCT
”	PUNCT
Saqib	PROPN
said	VERB
.	PUNCT

There	PRON
was	VERB
a	DET
time	NOUN
,	PUNCT
Mr	PROPN
Panvalkar	PROPN
said	VERB
,	PUNCT
when	ADV
he	PRON
felt	VERB
that	SCONJ
they	PRON
should	AUX
leave	VERB
the	DET
building	NOUN
.	PUNCT

She	PRON
has	AUX
also	ADV
been	AUX
charged	VERB
with	SCONJ
trying	VERB
to	PART
kill	VERB
her	PRON
two	NUM
-	PUNCT
year	NOUN
-	PUNCT
old	ADJ
daughter	NOUN
.	PUNCT

She	PRON
killed	VERB
Andre	PROPN
Price	PROPN
III	NUM
by	SCONJ
pressing	VERB
his	PRON
face	NOUN
into	ADP
an	DET
air	NOUN
mattress	NOUN
in	ADP
her	PRON
sitting	NOUN
room	NOUN
before	SCONJ
trying	VERB
to	PART
do	VERB
the	DET
same	ADJ
to	ADP
her	PRON
daughter	NOUN
,	PUNCT
Angel	PROPN
,	PUNCT
police	NOUN
said	VERB
.	PUNCT

"	PUNCT
I	PRON
'm	AUX
going	VERB
to	ADP
jail	NOUN
either	DET
way	NOUN
,	PUNCT
hope	VERB
it	PRON
was	AUX
worth	ADJ
it	PRON
.	PUNCT
"	PUNCT

First	ADV
one	NUM
of	ADP
the	DET
Yazidi	PROPN
women	NOUN
started	VERB
crying	VERB
,	PUNCT
then	ADV
one	NUM
of	ADP
her	PRON
friends	NOUN
.	PUNCT

Mr	PROPN
Osborne	PROPN
signed	VERB
up	PART
with	ADP
a	DET
US	PROPN
speakers	NOUN
agency	NOUN
after	SCONJ
being	AUX
sacked	VERB
in	ADP
July	PROPN
.	PUNCT

Michael	PROPN
Fallon	PROPN
said	VERB
the	DET
date	NOUN
for	SCONJ
cutting	VERB
the	DET
first	ADJ
steel	NOUN
would	AUX
help	VERB
secure	VERB
new	ADJ
investment	NOUN
and	CCONJ
safeguard	VERB
hundreds	NOUN
of	ADP
skilled	ADJ
jobs	NOUN
until	ADP
2035	NUM
.	PUNCT

The	DET
promise	NOUN
of	ADP
new	ADJ
Royal	ADJ
Navy	NOUN
orders	NOUN
to	PART
secure	VERB
the	DET
Clyde	PROPN
shipbuilding	NOUN
industry	NOUN
was	AUX
made	VERB
before	ADP
the	DET
Scottish	ADJ
independence	NOUN
referendum	NOUN
in	ADP
2014	NUM
.	PUNCT

It	PRON
's	AUX
most	ADV
obvious	ADJ
when	ADV
a	DET
celebrity	NOUN
's	PART
name	NOUN
is	AUX
initially	ADV
quite	ADV
rare	ADJ
.	PUNCT

And	CCONJ
by	ADP
2007	NUM
,	PUNCT
at	ADP
the	DET
height	NOUN
of	ADP
its	PRON
popularity	NOUN
(	PUNCT
and	CCONJ
,	PUNCT
perhaps	ADV
,	PUNCT
Knightley	PROPN
's	PART
)	PUNCT
it	PRON
was	AUX
a	DET
top	ADJ
50	NUM
name	NOUN
,	PUNCT
with	ADP
three	NUM
times	NOUN
more	ADJ
babies	NOUN
named	VERB
Keira	PROPN
than	ADP
Kiera	PROPN
.	PUNCT

The	DET
South	PROPN
Korean	ADJ
company	NOUN
initially	ADV
thought	VERB
a	DET
battery	NOUN
fault	NOUN
was	VERB
to	PART
blame	VERB
,	PUNCT
and	CCONJ
switched	VERB
its	PRON
own	ADJ
component	NOUN
for	ADP
a	DET
third	ADJ
-	PUNCT
party	NOUN
power	NOUN
cell	NOUN
.	PUNCT

Several	ADJ
analysts	NOUN
have	AUX
suggested	VERB
Huawei	PROPN
is	AUX
best	ADV
placed	VERB
to	PART
benefit	VERB
from	ADP
Samsung	PROPN
's	PART
setback	NOUN
.	PUNCT

The	DET
Mate	PROPN
9	NUM
phones	NOUN
lack	VERB
an	DET
artificial	ADJ
intelligence	NOUN
interface	NOUN
,	PUNCT
like	ADP
the	DET
Google	PROPN
Assistant	PROPN
or	CCONJ
Apple	PROPN
's	PART
Siri	PROPN
.	PUNCT

But	CCONJ
one	NUM
travel	NOUN
expert	NOUN
warned	VERB
in	ADP
-	PUNCT
flight	NOUN
internet	NOUN
was	AUX
often	ADV
unreliable	ADJ
and	CCONJ
was	AUX
unlikely	ADJ
to	PART
influence	VERB
travellers	NOUN
'	PART
airline	NOUN
choices	NOUN
.	PUNCT

"	PUNCT
But	CCONJ
it	PRON
may	AUX
be	AUX
that	SCONJ
BA	PROPN
and	CCONJ
IAG	PROPN
have	AUX
cracked	VERB
it	PRON
and	CCONJ
can	AUX
offer	VERB
something	PRON
vaguely	ADV
reliable	ADJ
.	PUNCT
"	PUNCT

The	DET
company	NOUN
told	VERB
the	DET
BBC	PROPN
it	PRON
would	AUX
be	AUX
the	DET
responsibility	NOUN
of	ADP
each	DET
airline	NOUN
brand	NOUN
to	PART
decide	VERB
whether	SCONJ
to	PART
charge	VERB
passengers	NOUN
an	DET
access	NOUN
fee	NOUN
.	PUNCT

"	PUNCT
Most	ADJ
people	NOUN
would	AUX
find	VERB
airport	NOUN
wi-fi	NOUN
more	ADV
useful	ADJ
than	SCONJ
being	AUX
able	ADJ
to	PART
send	VERB
emails	NOUN
on	ADP
a	DET
plane	NOUN
.	PUNCT
"	PUNCT

It	PRON
's	AUX
like	ADP
a	DET
super	ADJ
power	NOUN
sometimes	ADV
.	PUNCT

The	DET
scheme	NOUN
makes	VERB
money	NOUN
through	ADP
sponsorship	NOUN
and	CCONJ
advertising	NOUN
.	PUNCT

The	DET
10	NUM
-	PUNCT
week	NOUN
course	NOUN
has	AUX
been	AUX
"	PUNCT
certified	VERB
"	PUNCT
by	ADP
UK	PROPN
spy	NOUN
agency	NOUN
GCHQ	PROPN
.	PUNCT

But	CCONJ
some	DET
security	NOUN
experts	NOUN
raised	VERB
questions	NOUN
about	ADP
the	DET
need	NOUN
for	ADP
the	DET
course	NOUN
and	CCONJ
the	DET
intent	NOUN
behind	ADP
it	PRON
.	PUNCT

Previously	ADV
the	DET
jets	NOUN
had	AUX
only	ADV
been	AUX
seen	VERB
by	ADP
bloggers	NOUN
.	PUNCT

Naturally	ADV
China	PROPN
will	AUX
be	AUX
presenting	VERB
plenty	NOUN
of	ADP
other	ADJ
military	ADJ
hardware	NOUN
this	DET
week	NOUN
from	ADP
attack	NOUN
helicopters	NOUN
to	ADP
seaplanes	NOUN
.	PUNCT

And	CCONJ
with	SCONJ
China	PROPN
set	VERB
to	PART
become	VERB
the	DET
world	NOUN
's	PART
biggest	ADJ
aviation	NOUN
market	NOUN
in	ADP
the	DET
next	ADJ
decade	NOUN
,	PUNCT
the	DET
show	NOUN
is	AUX
an	DET
opportunity	NOUN
for	ADP
Beijing	PROPN
to	PART
demonstrate	VERB
its	PRON
ambitions	NOUN
in	ADP
civil	ADJ
aviation	NOUN
as	ADV
well	ADV
as	ADP
defence	NOUN
.	PUNCT

"	PUNCT
Unfortunately	ADV
once	ADV
again	ADV
the	DET
few	ADJ
ruin	VERB
it	PRON
for	ADP
the	DET
many	ADJ
,	PUNCT
"	PUNCT
wrote	VERB
Jesse	PROPN
LaBrocca	PROPN
,	PUNCT
founder	NOUN
of	ADP
Hack	VERB
Forums	NOUN
,	PUNCT
in	ADP
a	DET
message	NOUN
explaining	VERB
why	ADV
the	DET
section	NOUN
was	AUX
being	AUX
closed	VERB
.	PUNCT

The	DET
"	PUNCT
recent	ADJ
events	NOUN
"	PUNCT
are	AUX
likely	ADJ
to	PART
be	AUX
the	DET
attacks	NOUN
of	ADP
21	NUM
October	PROPN
that	PRON
briefly	ADV
took	VERB
down	ADP
popular	ADJ
websites	NOUN
such	ADJ
as	ADP
Reddit	PROPN
,	PUNCT
Twitter	PROPN
and	CCONJ
Spotify	PROPN
as	ADV
well	ADV
as	ADP
many	ADJ
others	NOUN
.	PUNCT

Analysis	NOUN
revealed	VERB
that	SCONJ
historic	ADJ
amounts	NOUN
of	ADP
data	NOUN
had	AUX
been	AUX
used	VERB
to	PART
cause	VERB
the	DET
disruption	NOUN
.	PUNCT

A	DET
UN	PROPN
review	NOUN
of	ADP
national	ADJ
plans	NOUN
to	PART
cut	VERB
carbon	NOUN
says	VERB
they	PRON
are	AUX
well	ADV
short	ADJ
of	ADP
the	DET
levels	NOUN
needed	VERB
to	PART
keep	VERB
the	DET
rise	NOUN
in	ADP
global	ADJ
temperatures	NOUN
under	ADP
2C	NOUN
.	PUNCT

Many	ADJ
scientists	NOUN
say	VERB
that	SCONJ
technology	NOUN
to	PART
remove	VERB
carbon	NOUN
from	ADP
the	DET
air	NOUN
will	AUX
now	ADV
be	AUX
needed	VERB
to	PART
meet	VERB
the	DET
Paris	PROPN
targets	NOUN
.	PUNCT

"	PUNCT
We	PRON
are	AUX
moving	VERB
in	ADP
the	DET
right	ADJ
direction	NOUN
:	PUNCT
the	DET
Paris	PROPN
Agreement	NOUN
will	AUX
slow	VERB
climate	NOUN
change	NOUN
,	PUNCT
as	SCONJ
will	VERB
the	DET
recent	ADJ
Kigali	PROPN
Amendment	NOUN
to	PART
reduce	VERB
HFCs	NOUN
,	PUNCT
"	PUNCT
said	VERB
Erik	PROPN
Solheim	PROPN
,	PUNCT
head	NOUN
of	ADP
UN	PROPN
Environment	NOUN
.	PUNCT

Investments	NOUN
in	ADP
this	DET
area	NOUN
were	AUX
up	ADV
by	ADP
6	NUM
%	SYM
in	ADP
2015	NUM
to	ADP
$	SYM
221	NUM
bn	NUM
.	PUNCT

It	PRON
's	AUX
fantastic	ADJ
that	SCONJ
they	PRON
got	VERB
the	DET
Paris	PROPN
Agreement	NOUN
but	CCONJ
their	PRON
contributions	NOUN
at	ADP
the	DET
moment	NOUN
are	AUX
nowhere	ADV
near	ADP
the	DET
1.5	NUM
-	PUNCT
degree	NOUN
target	NOUN
.	PUNCT

It	PRON
was	AUX
conducted	VERB
just	ADV
off	ADP
the	DET
Mexican	ADJ
coast	NOUN
from	ADP
April	PROPN
to	ADP
June	PROPN
.	PUNCT

This	PRON
will	AUX
put	VERB
new	ADJ
limits	NOUN
on	ADP
the	DET
nature	NOUN
of	ADP
the	DET
environmental	ADJ
changes	NOUN
that	PRON
overtook	VERB
the	DET
Earth	PROPN
and	CCONJ
sent	VERB
so	ADV
many	ADJ
species	NOUN
-	PUNCT
not	PART
just	ADV
the	DET
dinosaurs	NOUN
-	PUNCT
into	ADP
oblivion	NOUN
.	PUNCT

A	DET
telltale	NOUN
of	ADP
this	DET
meteoritic	ADJ
material	NOUN
will	AUX
likely	ADV
be	AUX
high	ADJ
levels	NOUN
of	ADP
the	DET
element	NOUN
iridium	NOUN
.	PUNCT

Just	ADV
over	ADV
70	NUM
%	SYM
of	ADP
the	DET
plants	NOUN
grown	VERB
from	ADP
Earth	PROPN
seeds	NOUN
were	AUX
alive	ADJ
after	ADP
17	NUM
days	NOUN
-	PUNCT
just	ADV
slightly	ADV
more	ADJ
than	ADP
the	DET
plants	NOUN
grown	VERB
from	ADP
space	NOUN
seeds	NOUN
-	PUNCT
just	ADV
over	ADV
66	NUM
%	SYM
.	PUNCT

The	DET
results	NOUN
from	ADP
this	DET
experiment	NOUN
provides	VERB
further	ADJ
support	NOUN
that	SCONJ
rocket	NOUN
seeds	NOUN
can	AUX
be	AUX
flown	VERB
and	CCONJ
stored	VERB
on	ADP
the	DET
International	ADJ
Space	NOUN
Station	NOUN
for	ADP
six	NUM
months	NOUN
without	SCONJ
having	VERB
any	DET
significant	ADJ
impacts	NOUN
on	ADP
their	PRON
ability	NOUN
to	PART
germinate	VERB
and	CCONJ
grow	VERB
on	ADP
Earth	PROPN
.	PUNCT

The	DET
RHS	PROPN
collected	VERB
comments	NOUN
sent	VERB
in	ADP
by	ADP
schoolchildren	NOUN
and	CCONJ
teachers	NOUN
involved	VERB
in	ADP
the	DET
experiment	NOUN
.	PUNCT

"	PUNCT
There	PRON
is	VERB
still	ADV
a	DET
'	PUNCT
yuk	NOUN
'	PUNCT
factor	NOUN
to	ADP
the	DET
whole	ADJ
idea	NOUN
of	SCONJ
buying	VERB
and	CCONJ
wearing	VERB
other	ADJ
people	NOUN
's	PART
body	NOUN
parts	NOUN
,	PUNCT
"	PUNCT
she	PRON
says	VERB
.	PUNCT

In	ADP
China	PROPN
the	DET
hair	NOUN
is	AUX
typically	ADV
put	VERB
in	ADP
a	DET
chemical	ADJ
bath	NOUN
to	PART
remove	VERB
the	DET
cuticle	NOUN
completely	ADV
,	PUNCT
Tarlo	PROPN
explains	VERB
.	PUNCT

Throughout	ADP
history	NOUN
,	PUNCT
the	DET
international	ADJ
hair	NOUN
market	NOUN
has	AUX
always	ADV
had	VERB
a	DET
political	ADJ
dimension	NOUN
,	PUNCT
says	VERB
Tarlo	PROPN
.	PUNCT

"	PUNCT
Tonight	NOUN
we	PRON
are	AUX
carrying	VERB
out	ADP
punishments	NOUN
using	VERB
a	DET
high	ADJ
beam	NOUN
,	PUNCT
"	PUNCT
the	DET
post	NOUN
reads	VERB
.	PUNCT

Shenzhen	PROPN
's	PART
traffic	NOUN
police	NOUN
have	AUX
opted	VERB
for	ADP
unconventional	ADJ
penalties	NOUN
before	ADV
.	PUNCT

Who	PRON
are	AUX
they	PRON
?	PUNCT

Much	ADJ
of	ADP
the	DET
debate	NOUN
,	PUNCT
from	ADP
the	DET
Democratic	ADJ
side	NOUN
this	DET
year	NOUN
,	PUNCT
has	AUX
been	AUX
about	ADP
white	ADJ
male	ADJ
identity	NOUN
.	PUNCT

I	PRON
asked	VERB
her	PRON
afterwards	ADV
if	SCONJ
she	PRON
understood	VERB
why	ADV
people	NOUN
might	AUX
vote	VERB
for	ADP
Trump	PROPN
.	PUNCT

Not	PART
everyone	PRON
can	AUX
rise	VERB
above	ADP
it	PRON
.	PUNCT

"	PUNCT
Luckily	ADV
,	PUNCT
someone	PRON
in	ADP
Sony	PROPN
Australia	PROPN
was	AUX
like	ADP
,	PUNCT
'	PUNCT
Hey	INTJ
,	PUNCT
by	ADP
the	DET
way	NOUN
,	PUNCT
did	AUX
you	PRON
guys	NOUN
notice	VERB
this	PRON
?	PUNCT
'	PUNCT
"	PUNCT
says	VERB
Pall	PROPN
.	PUNCT

Seagal	PROPN
made	VERB
headlines	NOUN
when	ADV
he	PRON
described	VERB
Russia	PROPN
's	PART
actions	NOUN
in	ADP
Crimea	PROPN
,	PUNCT
which	DET
it	PRON
annexed	VERB
in	ADP
2014	NUM
,	PUNCT
as	ADP
"	PUNCT
very	ADV
reasonable	ADJ
"	PUNCT
.	PUNCT

A	DET
keen	ADJ
guitarist	NOUN
,	PUNCT
he	PRON
played	VERB
a	DET
concert	NOUN
there	ADV
the	DET
same	ADJ
year	NOUN
.	PUNCT

Seagal	PROPN
,	PUNCT
whose	PRON
grandmother	NOUN
was	AUX
from	ADP
Vladivostok	PROPN
in	ADP
Russia	PROPN
's	PART
far	ADJ
east	NOUN
,	PUNCT
has	AUX
made	VERB
frequent	ADJ
trips	NOUN
to	ADP
Russia	PROPN
in	ADP
recent	ADJ
years	NOUN
and	CCONJ
visited	VERB
Kamchatka	PROPN
and	CCONJ
Sakhalin	PROPN
in	ADP
September	PROPN
.	PUNCT

Earlier	ADV
this	DET
year	NOUN
Seagal	PROPN
was	AUX
given	VERB
Serbian	ADJ
nationality	NOUN
after	SCONJ
offering	VERB
to	PART
set	VERB
up	ADP
a	DET
martial	ADJ
arts	NOUN
school	NOUN
in	ADP
the	DET
capital	NOUN
Belgrade	PROPN
.	PUNCT

A	DET
police	NOUN
spokesman	NOUN
told	VERB
the	DET
Associated	PROPN
Press	PROPN
there	PRON
was	VERB
"	PUNCT
an	DET
exchange	NOUN
of	ADP
words	NOUN
"	PUNCT
followed	VERB
by	ADP
an	DET
"	PUNCT
altercation	NOUN
"	PUNCT
but	CCONJ
that	SCONJ
no	DET
injuries	NOUN
had	AUX
been	AUX
reported	VERB
.	PUNCT

Cuaron	PROPN
,	PUNCT
whose	PRON
last	ADJ
film	NOUN
was	AUX
the	DET
Oscar	PROPN
-	PUNCT
winning	VERB
Gravity	PROPN
,	PUNCT
was	AUX
reportedly	ADV
not	PART
on	ADP
set	NOUN
at	ADP
the	DET
time	NOUN
of	ADP
the	DET
incident	NOUN
.	PUNCT

According	VERB
to	ADP
the	DET
city	NOUN
's	PART
police	NOUN
department	NOUN
,	PUNCT
a	DET
fight	NOUN
broke	VERB
out	ADP
after	SCONJ
"	PUNCT
a	DET
large	ADJ
group	NOUN
of	ADP
people	NOUN
...	PUNCT
who	PRON
identified	VERB
themselves	PRON
as	ADP
district	NOUN
authorities	NOUN
"	PUNCT
arrived	VERB
on	ADP
set	NOUN
on	ADP
Tuesday	PROPN
.	PUNCT

Researchers	NOUN
have	AUX
been	AUX
investigating	VERB
potential	NOUN
for	ADP
male	ADJ
hormonal	ADJ
contraceptives	NOUN
for	ADP
around	ADV
20	NUM
years	NOUN
.	PUNCT

He	PRON
added	VERB
:	PUNCT
"	PUNCT
This	PRON
has	AUX
been	AUX
one	NUM
step	NOUN
in	ADP
a	DET
long	ADJ
journey	NOUN
of	SCONJ
finding	VERB
the	DET
right	ADJ
combination	NOUN
for	ADP
male	ADJ
hormonal	ADJ
contraception	NOUN
.	PUNCT
"	PUNCT

However	ADV
there	PRON
are	VERB
many	ADJ
MLAs	NOUN
with	ADP
deeply	ADV
-	PUNCT
held	VERB
religious	ADJ
beliefs	NOUN
who	PRON
oppose	VERB
any	DET
new	ADJ
legislation	NOUN
.	PUNCT

Researchers	NOUN
say	VERB
analysing	VERB
tumour	NOUN
DNA	NOUN
may	AUX
help	VERB
explain	VERB
the	DET
underlying	ADJ
causes	NOUN
of	ADP
other	ADJ
cancers	NOUN
.	PUNCT

The	DET
analysis	NOUN
shows	VERB
a	DET
direct	ADJ
link	NOUN
between	ADP
the	DET
number	NOUN
of	ADP
cigarettes	NOUN
smoked	VERB
in	ADP
a	DET
lifetime	NOUN
and	CCONJ
the	DET
number	NOUN
of	ADP
mutations	NOUN
in	ADP
tumour	NOUN
DNA	NOUN
.	PUNCT

However	ADV
,	PUNCT
they	PRON
could	AUX
not	PART
find	VERB
this	DET
same	ADJ
pattern	NOUN
in	ADP
tissues	NOUN
such	ADJ
as	ADP
the	DET
bladder	NOUN
,	PUNCT
which	PRON
are	AUX
not	PART
directly	ADV
exposed	VERB
.	PUNCT

Ms	PROPN
Pugh	PROPN
has	AUX
received	VERB
treatment	NOUN
at	ADP
Papworth	PROPN
and	CCONJ
Addenbrooke	PROPN
's	PART
Hospitals	NOUN
in	ADP
Cambridgeshire	PROPN
.	PUNCT

But	CCONJ
a	DET
scan	NOUN
has	AUX
shown	VERB
the	DET
tumour	NOUN
in	ADP
Ms	PROPN
Pugh	PROPN
's	PART
right	ADJ
lung	NOUN
is	AUX
growing	VERB
,	PUNCT
and	CCONJ
she	PRON
has	AUX
had	VERB
to	PART
leave	VERB
the	DET
trial	NOUN
.	PUNCT

"	PUNCT
If	SCONJ
Donald	PROPN
Trump	PROPN
becomes	VERB
president	NOUN
,	PUNCT
the	DET
government	NOUN
here	ADV
will	AUX
still	ADV
have	VERB
to	PART
work	VERB
with	ADP
him	PRON
to	PART
advance	VERB
whatever	DET
shared	VERB
agenda	NOUN
there	PRON
is	VERB
,	PUNCT
to	PART
ensure	VERB
that	SCONJ
Canadian	ADJ
businesses	NOUN
and	CCONJ
interests	NOUN
are	AUX
represented	VERB
in	ADP
Washington	PROPN
.	PUNCT
"	PUNCT

Trudeau	PROPN
will	AUX
extend	VERB
that	DET
invitation	NOUN
to	ADP
the	DET
45th	ADJ
president	NOUN
of	ADP
the	DET
United	ADJ
States	PROPN
,	PUNCT
whoever	PRON
he	PRON
or	CCONJ
she	PRON
may	AUX
be	AUX
.	PUNCT

Despite	ADP
the	DET
release	NOUN
of	ADP
a	DET
photo	NOUN
this	DET
morning	NOUN
,	PUNCT
police	NOUN
in	ADP
B.C.	PROPN
say	VERB
they	PRON
have	VERB
more	ADJ
questions	NOUN
than	ADP
answers	NOUN
about	ADP
an	DET
apparently	ADV
homeless	ADJ
man	NOUN
charged	VERB
in	ADP
the	DET
fatal	ADJ
stabbing	NOUN
of	ADP
a	DET
teen	ADJ
girl	NOUN
at	ADP
her	PRON
Abbotsford	PROPN
high	ADJ
school	NOUN
.	PUNCT

Police	NOUN
in	ADP
B.C.	PROPN
said	VERB
earlier	ADV
Klein	PROPN
did	AUX
not	PART
appear	VERB
to	PART
have	VERB
a	DET
criminal	ADJ
history	NOUN
and	CCONJ
released	VERB
vague	ADJ
details	NOUN
about	ADP
his	PRON
recent	ADJ
whereabouts	NOUN
.	PUNCT

"	PUNCT
We	PRON
do	AUX
not	PART
believe	VERB
the	DET
suspect	NOUN
has	VERB
ties	NOUN
to	ADP
this	DET
school	NOUN
,	PUNCT
or	CCONJ
to	ADP
the	DET
two	NUM
girls	NOUN
,	PUNCT
or	CCONJ
specifically	ADV
to	ADP
the	DET
Abbotsford	PROPN
area	NOUN
,	PUNCT
"	PUNCT
she	PRON
said	VERB
.	PUNCT

He	PRON
also	ADV
said	VERB
Klein	PROPN
was	AUX
uncommunicative	ADJ
,	PUNCT
uncooperative	ADJ
and	CCONJ
unwilling	ADJ
to	PART
walk	VERB
up	ADP
from	ADP
cells	NOUN
under	ADP
the	DET
courthouse	NOUN
to	PART
attend	VERB
his	PRON
hearing	NOUN
.	PUNCT

The	DET
association	NOUN
that	PRON
represents	VERB
real	ADJ
estate	NOUN
agents	NOUN
in	ADP
Ontario	PROPN
says	VERB
more	ADJ
needs	VERB
to	PART
be	AUX
done	VERB
to	PART
protect	VERB
consumers	NOUN
and	CCONJ
punish	VERB
agents	NOUN
found	VERB
to	PART
have	AUX
engaged	VERB
in	ADP
unethical	ADJ
behaviour	NOUN
.	PUNCT

He	PRON
'd	AUX
also	ADV
like	VERB
to	PART
see	VERB
greater	ADJ
enforcement	NOUN
and	CCONJ
investigative	ADJ
powers	NOUN
for	ADP
the	DET
Real	ADJ
Estate	NOUN
Council	NOUN
of	ADP
Ontario	PROPN
(	PUNCT
RECO	PROPN
)	PUNCT
,	PUNCT
which	PRON
regulates	VERB
agents	NOUN
in	ADP
the	DET
province	NOUN
.	PUNCT

Currently	ADV
,	PUNCT
the	DET
maximum	ADJ
fine	NOUN
RECO	PROPN
can	AUX
levy	VERB
against	ADP
an	DET
agent	NOUN
is	AUX
$	SYM
25,000	NUM
.	PUNCT

But	CCONJ
China	PROPN
's	PART
growing	VERB
middle	ADJ
class	NOUN
has	AUX
been	AUX
unusually	ADV
vocal	ADJ
in	ADP
its	PRON
complaints	NOUN
about	ADP
toxic	ADJ
air	NOUN
in	ADP
cities	NOUN
like	ADP
Beijing	PROPN
,	PUNCT
which	PRON
can	AUX
see	VERB
day	NOUN
after	ADP
day	NOUN
of	ADP
lung	NOUN
-	PUNCT
choking	VERB
smog	NOUN
.	PUNCT

"	PUNCT
We	PRON
are	AUX
seeing	VERB
many	ADJ
,	PUNCT
many	ADJ
countries	NOUN
and	CCONJ
especially	ADV
large	ADJ
new	ADJ
emitters	NOUN
like	ADP
Brazil	PROPN
,	PUNCT
South	PROPN
Africa	PROPN
,	PUNCT
India	PROPN
and	CCONJ
China	PROPN
stepping	VERB
up	ADP
to	ADP
the	DET
plate	NOUN
in	ADP
terms	NOUN
of	SCONJ
playing	VERB
a	DET
role	NOUN
in	SCONJ
reducing	VERB
emissions	NOUN
,	PUNCT
"	PUNCT
said	VERB
Guilbeault	PROPN
.	PUNCT

He	PRON
could	AUX
also	ADV
wait	VERB
until	ADP
the	DET
end	NOUN
of	ADP
his	PRON
first	ADJ
term	NOUN
to	PART
use	VERB
a	DET
provision	NOUN
in	ADP
the	DET
Paris	PROPN
agreement	NOUN
to	PART
pull	VERB
out	ADP
of	ADP
the	DET
pact	NOUN
.	PUNCT

Clinton	PROPN
and	CCONJ
allies	NOUN
,	PUNCT
meanwhile	ADV
,	PUNCT
are	AUX
seeking	VERB
to	PART
keep	VERB
the	DET
spotlight	NOUN
on	ADP
Trump	PROPN
,	PUNCT
charging	VERB
that	SCONJ
his	PRON
disparaging	ADJ
comments	NOUN
about	ADP
women	NOUN
and	CCONJ
minorities	NOUN
,	PUNCT
and	CCONJ
his	PRON
temperament	NOUN
make	VERB
him	PRON
unfit	ADJ
for	ADP
office	NOUN
.	PUNCT

That	PRON
's	VERB
not	PART
what	PRON
we	PRON
need	VERB
in	ADP
our	PRON
country	NOUN
,	PUNCT
folks	NOUN
.	PUNCT

Trump	PROPN
's	PART
wife	NOUN
,	PUNCT
Melania	PROPN
Trump	PROPN
,	PUNCT
made	VERB
her	PRON
first	ADJ
appearance	NOUN
on	ADP
the	DET
trail	NOUN
since	ADP
the	DET
Republican	ADJ
convention	NOUN
in	ADP
July	PROPN
.	PUNCT

Students	NOUN
like	ADP
Rai	PROPN
have	AUX
been	AUX
meeting	VERB
with	ADP
counsellors	NOUN
at	ADP
the	DET
school	NOUN
to	PART
talk	VERB
about	SCONJ
what	PRON
happened	VERB
,	PUNCT
but	CCONJ
she	PRON
said	VERB
the	DET
biggest	ADJ
comfort	NOUN
has	AUX
come	VERB
from	SCONJ
seeing	VERB
her	PRON
friends	NOUN
.	PUNCT

"	PUNCT
This	PRON
is	AUX
a	DET
disaster	NOUN
for	ADP
pain	NOUN
patients	NOUN
,	PUNCT
"	PUNCT
Mailis	PROPN
said	VERB
in	ADP
an	DET
interview	NOUN
Thursday	PROPN
with	ADP
CBC	PROPN
News	PROPN
.	PUNCT

"	PUNCT
Physicians	NOUN
do	AUX
n't	PART
have	VERB
these	DET
tools	NOUN
,	PUNCT
they	PRON
have	VERB
only	ADV
a	DET
prescription	NOUN
pad	NOUN
and	CCONJ
an	DET
injection	NOUN
,	PUNCT
"	PUNCT
Mailis	PROPN
said	VERB
.	PUNCT

The	DET
Ontario	PROPN
Independent	ADJ
Police	NOUN
Review	NOUN
Director	NOUN
,	PUNCT
Gerry	PROPN
McNeilly	PROPN
,	PUNCT
set	VERB
the	DET
terms	NOUN
for	ADP
his	PRON
review	NOUN
this	DET
week	NOUN
after	SCONJ
"	PUNCT
alarming	ADJ
questions	NOUN
"	PUNCT
were	AUX
raised	VERB
about	SCONJ
how	ADV
officers	NOUN
interact	VERB
with	ADP
Indigenous	ADJ
peoples	NOUN
.	PUNCT

The	DET
review	NOUN
is	AUX
also	ADV
investigating	VERB
inflammatory	ADJ
Facebook	PROPN
posts	NOUN
from	ADP
September	PROPN
,	PUNCT
alleged	VERB
to	PART
come	VERB
from	ADP
police	NOUN
officers	NOUN
in	ADP
the	DET
northern	ADJ
Ontario	PROPN
city	NOUN
.	PUNCT

The	DET
executives	NOUN
also	ADV
received	VERB
so	ADV
-	PUNCT
called	VERB
"	PUNCT
performance	NOUN
pay	NOUN
"	PUNCT
for	SCONJ
succeeding	VERB
or	CCONJ
surpassing	VERB
expectations	NOUN
,	PUNCT
sharing	VERB
a	DET
pot	NOUN
of	ADP
$	SYM
1.5	NUM
million	NUM
among	ADP
them	PRON
,	PUNCT
or	CCONJ
an	DET
estimated	VERB
$	SYM
15,000	NUM
each	DET
on	ADP
average	NOUN
.	PUNCT

Its	PRON
annual	ADJ
budget	NOUN
is	AUX
more	ADJ
than	ADP
$	SYM
1.4	NUM
billion	NUM
,	PUNCT
and	CCONJ
it	PRON
employs	VERB
more	ADJ
than	ADP
6,000	NUM
people	NOUN
.	PUNCT

The	DET
federal	ADJ
government	NOUN
proactively	ADV
reports	VERB
on	ADP
aggregate	ADJ
performance	NOUN
pay	NOUN
and	CCONJ
bonus	NOUN
levels	NOUN
for	ADP
each	DET
department	NOUN
,	PUNCT
but	CCONJ
the	DET
latest	ADJ
web	NOUN
posting	NOUN
is	AUX
for	ADP
2013	NUM
-	SYM
2014	NUM
—	PUNCT
or	CCONJ
two	NUM
years	NOUN
out	ADP
of	ADP
date	NOUN
.	PUNCT

The	DET
total	NOUN
for	ADP
performance	NOUN
pay	NOUN
and	CCONJ
bonus	NOUN
that	DET
year	NOUN
was	AUX
$	SYM
1.5	NUM
million	NUM
,	PUNCT
about	ADV
the	DET
same	ADJ
level	NOUN
as	ADP
for	ADP
2015	NUM
-	SYM
2016	NUM
.	PUNCT

Gomery	PROPN
,	PUNCT
who	PRON
led	VERB
the	DET
commission	NOUN
of	ADP
inquiry	NOUN
into	ADP
the	DET
federal	ADJ
sponsorship	NOUN
scandal	NOUN
between	ADP
2004	NUM
and	CCONJ
2006	NUM
,	PUNCT
said	VERB
such	ADJ
bodies	NOUN
are	AUX
essential	ADJ
to	PART
help	VERB
restore	VERB
public	ADJ
confidence	NOUN
in	ADP
the	DET
rule	NOUN
of	ADP
law	NOUN
.	PUNCT

That	PRON
led	VERB
to	ADP
revelations	NOUN
over	ADP
the	DET
last	ADJ
two	NUM
days	NOUN
that	SCONJ
at	ADP
least	ADJ
six	NUM
other	ADJ
Quebec	PROPN
journalists	NOUN
were	AUX
targeted	VERB
by	ADP
provincial	ADJ
police	NOUN
surveillance	NOUN
operations	NOUN
.	PUNCT

"	PUNCT
There	PRON
should	AUX
be	AUX
no	DET
preferential	ADJ
access	NOUN
to	ADP
government	NOUN
,	PUNCT
or	CCONJ
appearance	NOUN
of	ADP
preferential	ADJ
access	NOUN
,	PUNCT
accorded	VERB
to	ADP
individuals	NOUN
or	CCONJ
organizations	NOUN
because	SCONJ
they	PRON
have	AUX
made	VERB
financial	ADJ
contributions	NOUN
to	ADP
politicians	NOUN
and	CCONJ
political	ADJ
parties	NOUN
,	PUNCT
"	PUNCT
the	DET
guidelines	NOUN
read	VERB
.	PUNCT

The	DET
judge	NOUN
in	ADP
Duffy	PROPN
's	PART
fraud	NOUN
and	CCONJ
breach	NOUN
of	ADP
trust	NOUN
trial	NOUN
ultimately	ADV
ruled	VERB
they	PRON
were	AUX
within	ADP
the	DET
Senate	NOUN
's	PART
rules	NOUN
when	ADV
he	PRON
cleared	VERB
Duffy	PROPN
of	ADP
all	DET
charges	NOUN
.	PUNCT

Our	PRON
cellphones	NOUN
are	AUX
so	ADV
much	ADV
more	ADJ
than	ADP
phones	NOUN
these	DET
days	NOUN
.	PUNCT

"	PUNCT
It	PRON
is	AUX
amazing	ADJ
,	PUNCT
"	PUNCT
reported	VERB
SaskTel	PROPN
unlimited	ADJ
data	NOUN
customer	NOUN
Lindsay	PROPN
Gay	PROPN
last	ADJ
month	NOUN
.	PUNCT

He	PRON
also	ADV
pointed	VERB
out	ADP
that	SCONJ
Rogers	PROPN
recently	ADV
introduced	VERB
a	DET
new	ADJ
app	NOUN
tool	NOUN
that	PRON
helps	VERB
customers	NOUN
monitor	VERB
their	PRON
data	NOUN
usage	NOUN
.	PUNCT

That	PRON
's	AUX
what	PRON
keeps	VERB
us	PRON
coming	VERB
back	ADV
for	ADP
more	ADJ
.	PUNCT

"	PUNCT
These	DET
estimates	NOUN
coincide	VERB
with	ADP
the	DET
percentages	NOUN
of	ADP
new	ADJ
condos	NOUN
entering	VERB
the	DET
rental	ADJ
market	NOUN
upon	ADP
completion	NOUN
,	PUNCT
indicating	VERB
the	DET
important	ADJ
role	NOUN
(	PUNCT
domestic	ADJ
)	PUNCT
investors	NOUN
play	VERB
in	ADP
the	DET
GTA	PROPN
housing	NOUN
market	NOUN
.	PUNCT
"	PUNCT

"	PUNCT
This	DET
strain	NOUN
helps	VERB
with	ADP
back	NOUN
pain	NOUN
,	PUNCT
this	DET
strain	NOUN
helps	VERB
with	ADP
nausea	NOUN
,	PUNCT
this	DET
product	NOUN
makes	VERB
you	PRON
sleep	VERB
at	ADP
night	NOUN
,	PUNCT
"	PUNCT
says	VERB
Dietrich	PROPN
from	ADP
the	DET
company	NOUN
's	PART
headquarters	NOUN
in	ADP
Denver	PROPN
,	PUNCT
Colorado	PROPN
,	PUNCT
where	ADV
pot	NOUN
is	AUX
sold	VERB
legally	ADV
.	PUNCT

But	CCONJ
without	ADP
a	DET
legislative	ADJ
framework	NOUN
,	PUNCT
and	CCONJ
with	ADP
the	DET
grassroots	NOUN
origins	NOUN
of	ADP
pot	NOUN
as	ADP
a	DET
mood	NOUN
-	PUNCT
altering	VERB
folk	NOUN
remedy	NOUN
,	PUNCT
companies	NOUN
are	AUX
left	VERB
guessing	VERB
.	PUNCT

Iron	NOUN
is	AUX
an	DET
essential	ADJ
element	NOUN
the	DET
body	NOUN
requires	VERB
to	PART
produce	VERB
hemoglobin	NOUN
,	PUNCT
the	DET
protein	NOUN
found	VERB
in	ADP
red	ADJ
blood	NOUN
cells	NOUN
that	PRON
's	AUX
responsible	ADJ
for	SCONJ
transporting	VERB
oxygen	NOUN
to	ADP
tissues	NOUN
in	ADP
the	DET
body	NOUN
.	PUNCT

The	DET
current	ADJ
waiting	NOUN
period	NOUN
is	AUX
eight	NUM
weeks	NOUN
.	PUNCT

It	PRON
's	AUX
possible	ADJ
to	PART
have	VERB
normal	ADJ
hemoglobin	NOUN
levels	NOUN
,	PUNCT
but	CCONJ
to	PART
have	VERB
low	ADJ
iron	NOUN
stores	NOUN
overall	ADV
,	PUNCT
says	VERB
Canadian	ADJ
Blood	PROPN
Services	PROPN
(	PUNCT
CBS	PROPN
)	PUNCT
.	PUNCT

The	DET
new	ADJ
iron	NOUN
guidelines	NOUN
mean	VERB
more	ADJ
donors	NOUN
are	AUX
needed	VERB
.	PUNCT

What	PRON
started	VERB
as	ADP
a	DET
routine	ADJ
ultrasound	NOUN
became	VERB
complicated	ADJ
when	ADV
expectant	ADJ
mother	NOUN
Margaret	PROPN
Boemer	PROPN
,	PUNCT
of	ADP
Plano	PROPN
,	PUNCT
Texas	PROPN
,	PUNCT
was	AUX
told	VERB
her	PRON
unborn	ADJ
child	NOUN
had	VERB
a	DET
rare	ADJ
condition	NOUN
and	CCONJ
needed	VERB
surgery	NOUN
to	PART
survive	VERB
.	PUNCT

A	DET
sacrococcygeal	ADJ
teratoma	NOUN
is	AUX
a	DET
tumour	NOUN
that	PRON
develops	VERB
before	ADP
birth	NOUN
and	CCONJ
grows	VERB
from	ADP
a	DET
baby	NOUN
's	PART
tailbone	NOUN
.	PUNCT

It	PRON
is	AUX
the	DET
most	ADV
common	ADJ
tumour	NOUN
found	VERB
in	ADP
babies	NOUN
,	PUNCT
occurring	VERB
in	ADP
one	NUM
of	ADP
every	DET
35,000	NUM
births	NOUN
.	PUNCT

She	PRON
was	AUX
84	NUM
years	NOUN
old	ADJ
.	PUNCT

He	PRON
described	VERB
her	PRON
as	ADP
a	DET
"	PUNCT
remarkable	ADJ
"	PUNCT
and	CCONJ
"	PUNCT
loving	ADJ
and	CCONJ
wonderful	ADJ
"	PUNCT
woman	NOUN
who	PRON
left	VERB
her	PRON
mark	NOUN
in	ADP
the	DET
literary	ADJ
world	NOUN
with	ADP
her	PRON
stories	NOUN
.	PUNCT

"	PUNCT
Some	DET
men	NOUN
get	VERB
it	PRON
and	CCONJ
Bono	PROPN
is	AUX
one	NUM
of	ADP
those	DET
guys	NOUN
,	PUNCT
"	PUNCT
Leive	PROPN
said	VERB
in	ADP
a	DET
recent	ADJ
interview	NOUN
.	PUNCT

At	ADP
just	ADV
20	NUM
,	PUNCT
she	PRON
is	AUX
a	DET
strong	ADJ
voice	NOUN
against	ADP
bullying	NOUN
and	CCONJ
a	DET
positive	ADJ
one	NOUN
in	ADP
helping	VERB
girls	NOUN
embrace	VERB
their	PRON
own	ADJ
standards	NOUN
of	ADP
beauty	NOUN
.	PUNCT

"	PUNCT
Her	PRON
voice	NOUN
literally	ADV
went	VERB
around	ADP
the	DET
world	NOUN
,	PUNCT
"	PUNCT
Leive	PROPN
said	VERB
.	PUNCT

As	ADV
soon	ADV
as	SCONJ
the	DET
official	ADJ
party	NOUN
photos	NOUN
were	AUX
released	VERB
,	PUNCT
social	ADJ
media	NOUN
lit	VERB
up	ADP
with	ADP
comments	NOUN
—	PUNCT
and	CCONJ
they	PRON
were	AUX
less	ADJ
than	ADP
favourable	ADJ
.	PUNCT

Many	ADJ
people	NOUN
,	PUNCT
including	VERB
Indigenous	ADJ
groups	NOUN
,	PUNCT
argue	VERB
they	PRON
trivialize	VERB
First	ADJ
Nations	PROPN
culture	NOUN
.	PUNCT

The	DET
purpose	NOUN
of	ADP
these	DET
CRTC	PROPN
hearings	NOUN
is	VERB
to	PART
field	VERB
responses	NOUN
from	ADP
industry	NOUN
stakeholders	NOUN
and	CCONJ
the	DET
public	NOUN
.	PUNCT

This	PRON
would	AUX
not	PART
only	ADV
apply	VERB
to	ADP
entertainment	NOUN
content	NOUN
,	PUNCT
but	CCONJ
equally	ADV
to	ADP
education	NOUN
,	PUNCT
to	ADP
scientific	ADJ
research	NOUN
and	CCONJ
,	PUNCT
perhaps	ADV
most	ADV
importantly	ADV
,	PUNCT
to	ADP
political	ADJ
discourse	NOUN
.	PUNCT

After	ADP
all	DET
,	PUNCT
the	DET
internet	NOUN
is	AUX
not	PART
a	DET
luxury	NOUN
;	PUNCT
it	PRON
is	AUX
an	DET
essential	ADJ
tool	NOUN
.	PUNCT

The	DET
debris	NOUN
formed	VERB
a	DET
ring	NOUN
around	ADP
the	DET
Earth	PROPN
's	PART
equator	NOUN
and	CCONJ
was	AUX
eventually	ADV
drawn	VERB
together	ADV
by	ADP
gravity	NOUN
to	PART
form	VERB
the	DET
moon	NOUN
.	PUNCT

Still	ADV
,	PUNCT
there	PRON
are	VERB
questions	NOUN
left	VERB
unanswered	ADJ
.	PUNCT

In	ADP
the	DET
town	NOUN
of	ADP
Hillsborough	PROPN
,	PUNCT
just	ADV
outside	ADP
Chapel	PROPN
Hill	PROPN
,	PUNCT
someone	PRON
firebombed	VERB
the	DET
Republican	ADJ
Party	NOUN
headquarters	NOUN
last	ADJ
month	NOUN
.	PUNCT

After	SCONJ
North	PROPN
Carolina	PROPN
passed	VERB
its	PRON
restrictive	ADJ
voting	NOUN
-	PUNCT
rights	NOUN
bill	NOUN
in	ADP
2013	NUM
,	PUNCT
Campbell	PROPN
went	VERB
around	ADV
to	ADP
churches	NOUN
teaching	VERB
people	NOUN
how	ADV
to	PART
deal	VERB
with	ADP
challenges	NOUN
to	ADP
their	PRON
registration	NOUN
.	PUNCT

He	PRON
could	AUX
detect	VERB
the	DET
effects	NOUN
of	ADP
the	DET
election	NOUN
around	ADP
him	PRON
,	PUNCT
in	ADP
the	DET
bursts	NOUN
of	ADP
conflict	NOUN
and	CCONJ
the	DET
curious	ADJ
intersection	NOUN
of	ADP
new	ADJ
ideas	NOUN
with	ADP
old	ADJ
ones	NOUN
.	PUNCT

This	DET
discordance	NOUN
between	ADP
economic	ADJ
data	NOUN
and	CCONJ
political	ADJ
rhetoric	NOUN
is	AUX
familiar	ADJ
,	PUNCT
or	CCONJ
should	AUX
be	AUX
.	PUNCT

Republican	ADJ
economists	NOUN
caution	VERB
against	SCONJ
taking	VERB
this	DET
data	NOUN
as	ADP
proof	NOUN
that	SCONJ
their	PRON
party	NOUN
is	AUX
lousy	ADJ
at	ADP
economic	ADJ
policy	NOUN
.	PUNCT

“	PUNCT
I	PRON
do	AUX
n’t	PART
know	VERB
what	PRON
G.D.P.	NOUN
growth	NOUN
was	AUX
during	ADP
the	DET
Washington	PROPN
and	CCONJ
Lincoln	PROPN
Administrations	NOUN
,	PUNCT
but	CCONJ
the	DET
institutional	ADJ
developments	NOUN
in	ADP
those	DET
terms	NOUN
had	VERB
large	ADJ
and	CCONJ
long	ADJ
-	PUNCT
lasting	VERB
effects	NOUN
.	PUNCT
”	PUNCT

There	PRON
are	VERB
more	ADJ
differences	NOUN
between	ADP
Sulla	PROPN
and	CCONJ
Trump	PROPN
,	PUNCT
Rome	PROPN
and	CCONJ
the	DET
U.S.	PROPN
,	PUNCT
than	SCONJ
there	PRON
are	VERB
similarities	NOUN
,	PUNCT
but	CCONJ
that	PRON
does	AUX
n’t	PART
discredit	VERB
the	DET
resemblances	NOUN
.	PUNCT

And	CCONJ
,	PUNCT
she	PRON
granted	VERB
,	PUNCT
“	PUNCT
you	PRON
have	VERB
to	PART
look	VERB
at	ADP
where	ADV
she	PRON
has	AUX
acknowledged	VERB
that	SCONJ
we	PRON
need	VERB
to	PART
do	VERB
something	PRON
different	ADJ
—	PUNCT
we	PRON
can	AUX
do	VERB
better	ADV
—	PUNCT
and	CCONJ
where	ADV
she	PRON
has	AUX
expressed	VERB
regret	NOUN
.	PUNCT
”	PUNCT

But	CCONJ
,	PUNCT
as	SCONJ
the	DET
criticism	NOUN
of	ADP
Clinton	PROPN
as	ADP
First	ADJ
Lady	PROPN
became	VERB
more	ADV
caustic	ADJ
,	PUNCT
Karel	PROPN
became	VERB
more	ADV
empathetic	ADJ
.	PUNCT

“	PUNCT
When	ADV
I	PRON
’m	AUX
playing	VERB
him	PRON
,	PUNCT
I	PRON
feel	VERB
powerful	ADJ
,	PUNCT
”	PUNCT
the	DET
Donald	PROPN
Trump	PROPN
impersonator	NOUN
John	PROPN
Di	PROPN
Domenico	PROPN
explained	VERB
to	ADP
Slate	PROPN
last	ADJ
year	NOUN
.	PUNCT

As	SCONJ
the	DET
hysteria	NOUN
of	ADP
the	DET
2016	NUM
Presidential	ADJ
election	NOUN
intensifies	VERB
,	PUNCT
a	DET
more	ADV
troubling	ADJ
threat	NOUN
than	ADP
bullshit	NOUN
preoccupies	VERB
Karel	PROPN
.	PUNCT

They	PRON
’re	AUX
usually	ADV
artists	NOUN
who	PRON
want	VERB
to	PART
do	VERB
a	DET
bunch	NOUN
of	ADP
stuff	NOUN
.	PUNCT

Then	ADV
the	DET
commercial	NOUN
ends	VERB
.	PUNCT

Miami	PROPN
Bass	NOUN
producers	NOUN
were	AUX
clinical	ADJ
in	ADP
the	DET
art	NOUN
of	ADP
moving	VERB
butts	NOUN
—	PUNCT
their	PRON
main	ADJ
concern	NOUN
.	PUNCT

In	ADP
a	DET
recent	ADJ
interview	NOUN
,	PUNCT
Zay	PROPN
and	CCONJ
Zayion	PROPN
described	VERB
recording	VERB
their	PRON
version	NOUN
of	ADP
“	PUNCT
Knuck	VERB
If	SCONJ
You	PRON
Buck	VERB
”	PUNCT
on	ADP
a	DET
home	NOUN
laptop	NOUN
.	PUNCT

But	CCONJ
challenges	NOUN
,	PUNCT
and	CCONJ
the	DET
songs	NOUN
that	PRON
score	VERB
them	PRON
,	PUNCT
add	VERB
a	DET
connective	ADJ
,	PUNCT
traceable	ADJ
nervous	ADJ
system	NOUN
to	ADP
the	DET
writhing	VERB
mass	NOUN
of	ADP
grainy	ADJ
video	NOUN
loops	NOUN
.	PUNCT

Their	PRON
revivals	NOUN
underscore	VERB
the	DET
appeal	NOUN
of	ADP
a	DET
good	ADJ
challenge	NOUN
,	PUNCT
artistic	ADJ
or	CCONJ
otherwise	ADV
:	PUNCT
discomfort	NOUN
,	PUNCT
growth	NOUN
,	PUNCT
and	CCONJ
a	DET
meaningful	ADJ
connection	NOUN
.	PUNCT

It	PRON
would	AUX
be	AUX
much	ADV
safer	ADJ
,	PUNCT
Plato	PROPN
thought	VERB
,	PUNCT
to	PART
entrust	VERB
power	NOUN
to	ADP
carefully	ADV
educated	VERB
guardians	NOUN
.	PUNCT

Like	ADP
many	ADJ
people	NOUN
I	PRON
know	VERB
,	PUNCT
I	PRON
’ve	AUX
spent	VERB
recent	ADJ
months	NOUN
staying	VERB
up	ADP
late	ADV
,	PUNCT
reading	VERB
polls	NOUN
in	ADP
terror	NOUN
.	PUNCT

Caplan	PROPN
dismisses	VERB
retrospective	ADJ
voting	NOUN
,	PUNCT
quoting	VERB
a	DET
pair	NOUN
of	ADP
scholars	NOUN
who	PRON
call	VERB
it	PRON
“	PUNCT
no	ADV
more	ADV
rational	ADJ
than	SCONJ
killing	VERB
the	DET
pharaoh	NOUN
when	ADV
the	DET
Nile	PROPN
does	AUX
not	PART
flood	VERB
.	PUNCT
”	PUNCT

But	CCONJ
there	PRON
was	VERB
nothing	NOUN
else	ADV
obviously	ADV
artistic	ADJ
about	ADP
her	PRON
or	CCONJ
in	ADP
her	PRON
behavior	NOUN
with	ADP
other	ADJ
people	NOUN
.	PUNCT

In	ADP
2010	NUM
,	PUNCT
the	DET
foundation	NOUN
released	VERB
a	DET
typeset	ADJ
edition	NOUN
of	ADP
“	PUNCT
Zettel	X
’s	X
Traum	X
,	PUNCT
”	PUNCT
removing	VERB
the	DET
bar	NOUN
to	ADP
entry	NOUN
for	ADP
those	PRON
who	PRON
balked	VERB
at	ADP
the	DET
draft	NOUN
-	PUNCT
like	ADJ
feel	NOUN
of	ADP
the	DET
photo	NOUN
-	PUNCT
offset	NOUN
.	PUNCT

Corresponding	VERB
with	ADP
Woods	PROPN
by	ADP
e-mail	NOUN
,	PUNCT
I	PRON
tried	VERB
my	PRON
hand	NOUN
at	SCONJ
uncovering	VERB
an	DET
etym	NOUN
.	PUNCT

“	PUNCT
Complete	ADJ
neglect	NOUN
of	ADP
his	PRON
own	ADJ
health	NOUN
,	PUNCT
”	PUNCT
his	PRON
wife	NOUN
,	PUNCT
Alice	PROPN
,	PUNCT
reported	VERB
.	PUNCT

Each	DET
map	NOUN
in	ADP
the	DET
exhibition	NOUN
tells	VERB
its	PRON
own	ADJ
story	NOUN
,	PUNCT
not	PART
all	DET
factual	ADJ
.	PUNCT

Also	ADV
being	AUX
exhibited	VERB
for	ADP
the	DET
first	ADJ
time	NOUN
are	AUX
British	PROPN
Ministry	NOUN
of	ADP
Defence	NOUN
maps	NOUN
which	PRON
imagine	VERB
cold	ADJ
war	NOUN
battles	NOUN
and	CCONJ
which	PRON
were	AUX
used	VERB
in	ADP
military	NOUN
college	NOUN
exams	NOUN
.	PUNCT

The	DET
constituency	NOUN
is	AUX
in	ADP
the	DET
council	NOUN
area	NOUN
of	ADP
North	PROPN
Kesteven	PROPN
,	PUNCT
where	ADV
62	NUM
%	SYM
of	ADP
voters	NOUN
backed	VERB
leaving	VERB
the	DET
EU	PROPN
.	PUNCT

His	PRON
skill	NOUN
in	SCONJ
getting	VERB
answers	NOUN
for	ADP
taxpayers	NOUN
will	AUX
be	AUX
sorely	ADV
missed	VERB
.	PUNCT

Christian	PROPN
Wolmar	PROPN
,	PUNCT
who	PRON
has	AUX
written	VERB
a	DET
number	NOUN
of	ADP
books	NOUN
on	ADP
railway	NOUN
history	NOUN
,	PUNCT
will	AUX
stand	VERB
in	ADP
the	DET
contest	NOUN
on	ADP
1	NUM
December	PROPN
.	PUNCT

The	DET
Liberal	ADJ
Democrats	PROPN
,	PUNCT
who	PRON
represented	VERB
the	DET
affluent	ADJ
suburb	NOUN
until	ADP
2010	NUM
,	PUNCT
are	AUX
hoping	VERB
to	PART
snatch	VERB
it	PRON
back	ADV
with	ADP
their	PRON
candidate	NOUN
Sarah	PROPN
Olney	PROPN
.	PUNCT

Meanwhile	ADV
,	PUNCT
the	DET
estranged	ADJ
wife	NOUN
of	ADP
a	DET
government	NOUN
whip	NOUN
has	AUX
launched	VERB
her	PRON
campaign	NOUN
to	PART
take	VERB
the	DET
seat	NOUN
.	PUNCT

He	PRON
was	AUX
utterly	ADV
gracious	ADJ
and	CCONJ
took	VERB
it	PRON
like	ADP
a	DET
man	NOUN
,	PUNCT
I	PRON
am	AUX
beyond	ADP
furious	ADJ
.	PUNCT

More	ADJ
than	ADP
330	NUM
crew	NOUN
are	AUX
onboard	ADP
the	DET
ship	NOUN
.	PUNCT

Vega	PROPN
suggested	VERB
that	SCONJ
,	PUNCT
because	ADP
of	ADP
their	PRON
age	NOUN
,	PUNCT
many	ADJ
would	AUX
be	AUX
unaware	ADJ
of	ADP
its	PRON
history	NOUN
.	PUNCT

People	NOUN
got	AUX
killed	VERB
there	ADV
.	PUNCT

A	DET
coal	NOUN
-	PUNCT
fired	VERB
power	NOUN
station	NOUN
in	ADP
Badarpur	PROPN
,	PUNCT
south	ADJ
-	PUNCT
east	ADJ
Delhi	PROPN
,	PUNCT
will	AUX
stop	VERB
operating	VERB
for	ADP
10	NUM
days	NOUN
,	PUNCT
along	ADP
with	ADP
diesel	NOUN
generators	NOUN
in	ADP
the	DET
city	NOUN
.	PUNCT

He	PRON
then	ADV
spent	VERB
four	NUM
years	NOUN
with	ADP
BBC	PROPN
World	NOUN
Service	NOUN
radio	NOUN
at	ADP
Bush	PROPN
House	PROPN
.	PUNCT

He	PRON
worked	VERB
for	ADP
the	DET
BBC	PROPN
for	ADP
a	DET
decade	NOUN
.	PUNCT

One	NUM
of	ADP
their	PRON
many	ADJ
grieving	VERB
Facebook	PROPN
posts	NOUN
has	VERB
a	DET
line	NOUN
which	PRON
would	AUX
have	AUX
delighted	VERB
Chris	PROPN
:	PUNCT
“	PUNCT
More	ADV
African	ADJ
than	ADP
you	PRON
,	PUNCT
I	PRON
have	AUX
not	PART
known	VERB
.	PUNCT
”	PUNCT

Who	PRON
can	AUX
stop	VERB
this	DET
Australia	PROPN
side	NOUN
?	PUNCT

Was	AUX
their	PRON
divine	ADJ
right	NOUN
to	ADP
the	DET
mantle	NOUN
as	ADP
the	DET
world	NOUN
’s	PART
best	ADJ
no	ADV
longer	ADV
warranted	VERB
?	PUNCT

They	PRON
have	VERB
one	NUM
crack	NOUN
at	ADP
redemption	NOUN
,	PUNCT
beating	VERB
England	PROPN
.	PUNCT

South	PROPN
Africa	PROPN
are	AUX
almost	ADV
at	ADP
the	DET
point	NOUN
of	ADP
no	DET
return	NOUN
and	CCONJ
we	PRON
have	VERB
to	PART
be	AUX
able	ADJ
to	PART
match	VERB
their	PRON
desire	NOUN
.	PUNCT

He	PRON
has	AUX
got	VERB
that	DET
hard	ADJ
edge	NOUN
to	ADP
his	PRON
game	NOUN
but	CCONJ
also	ADV
the	DET
soft	ADJ
hands	NOUN
.	PUNCT

We	PRON
have	VERB
a	DET
great	ADJ
squad	NOUN
and	CCONJ
it	PRON
is	AUX
an	DET
opportunity	NOUN
for	SCONJ
us	PRON
to	PART
take	VERB
the	DET
ship	NOUN
forward	ADV
.	PUNCT

You	PRON
have	VERB
to	PART
stand	VERB
up	ADP
to	ADP
that	PRON
and	CCONJ
I	PRON
would	AUX
rather	VERB
someone	PRON
ran	VERB
at	ADP
me	PRON
rather	ADV
than	ADP
round	ADP
me	PRON
.	PUNCT

It	PRON
was	VERB
as	SCONJ
though	SCONJ
he	PRON
was	AUX
flicking	VERB
the	DET
ball	NOUN
back	ADV
and	CCONJ
forth	ADV
underneath	ADP
three	NUM
upturned	ADJ
cups	NOUN
.	PUNCT

Australia	PROPN
,	PUNCT
hardened	VERB
by	ADP
their	PRON
recent	ADJ
games	NOUN
in	ADP
the	DET
Rugby	NOUN
Championship	NOUN
,	PUNCT
were	AUX
in	ADP
a	DET
higher	ADJ
gear	NOUN
.	PUNCT

A	DET
Donald	PROPN
Trump	PROPN
victory	NOUN
would	AUX
immediately	ADV
make	VERB
the	DET
world	NOUN
more	ADV
worrying	ADJ
and	CCONJ
unsettled	ADJ
than	SCONJ
it	PRON
already	ADV
is	VERB
.	PUNCT

Mrs	NOUN
Clinton	PROPN
has	VERB
a	DET
reputation	NOUN
for	ADP
a	DET
hawkish	ADJ
outlook	NOUN
,	PUNCT
but	CCONJ
this	PRON
will	AUX
be	AUX
tempered	VERB
by	ADP
war	NOUN
-	PUNCT
weary	ADJ
public	ADJ
opinion	NOUN
in	ADP
the	DET
US	PROPN
.	PUNCT

He	PRON
’s	AUX
spoken	VERB
in	ADP
favour	NOUN
of	ADP
torture	NOUN
.	PUNCT

I	PRON
also	ADV
struggle	VERB
with	ADP
passwords	NOUN
.	PUNCT

Then	ADV
there	PRON
are	VERB
the	DET
so	ADV
-	PUNCT
called	VERB
true	ADJ
stories	NOUN
that	PRON
get	AUX
posted	VERB
in	ADP
a	DET
series	NOUN
of	ADP
meaningful	ADJ
pictures	NOUN
with	ADP
text	NOUN
running	VERB
underneath	ADV
.	PUNCT

Of	ADP
course	NOUN
,	PUNCT
I	PRON
do	AUX
understand	VERB
that	SCONJ
modern	ADJ
-	PUNCT
day	NOUN
Germany	PROPN
must	AUX
be	AUX
separated	VERB
from	ADP
the	DET
Nazi	PROPN
regime	NOUN
.	PUNCT

In	ADP
the	DET
corner	NOUN
is	VERB
a	DET
girl	NOUN
in	ADP
a	DET
headscarf	NOUN
and	CCONJ
jeans	NOUN
who	PRON
looks	VERB
so	ADV
unassuming	ADJ
I	PRON
think	VERB
it	PRON
’s	AUX
another	DET
assistant	NOUN
.	PUNCT

Artists	NOUN
reach	VERB
people	NOUN
at	ADP
their	PRON
heart	NOUN
;	PUNCT
it	PRON
’s	AUX
the	DET
only	ADJ
time	NOUN
we	PRON
meet	VERB
in	ADP
one	NUM
place	NOUN
and	CCONJ
put	VERB
our	PRON
differences	NOUN
aside	ADV
.	PUNCT

His	PRON
more	ADV
unusual	ADJ
accolades	NOUN
include	VERB
global	ADJ
ambassador	NOUN
for	ADP
New	ADJ
York	PROPN
City	PROPN
Health	NOUN
and	CCONJ
Hospitals	NOUN
Corporation	NOUN
,	PUNCT
and	CCONJ
a	DET
place	NOUN
at	ADP
Harvard	PROPN
Business	NOUN
School	NOUN
.	PUNCT

I	PRON
can	AUX
just	ADV
do	VERB
that	PRON
with	ADP
my	PRON
life	NOUN
.	PUNCT

I	PRON
wanted	VERB
to	PART
watch	VERB
it	PRON
with	ADP
them	PRON
,	PUNCT
but	CCONJ
they	PRON
decided	VERB
they	PRON
’d	AUX
rather	ADV
watch	VERB
it	PRON
without	ADP
me	PRON
in	ADP
the	DET
end	NOUN
.	PUNCT

We	PRON
ca	AUX
n’t	PART
let	VERB
the	DET
presidency	NOUN
go	VERB
to	ADP
Donald	PROPN
Trump	PROPN
,	PUNCT
someone	PRON
so	ADV
racist	ADJ
,	PUNCT
sexist	ADJ
and	CCONJ
incredibly	ADV
unqualified	ADJ
to	PART
be	AUX
commander	NOUN
-	PUNCT
in	ADP
-	PUNCT
chief	ADJ
.	PUNCT

“	PUNCT
More	ADJ
people	NOUN
are	AUX
turning	VERB
to	ADP
credit	NOUN
…	PUNCT
While	SCONJ
this	DET
borrowing	NOUN
might	AUX
be	AUX
manageable	ADJ
now	ADV
,	PUNCT
a	DET
sudden	ADJ
change	NOUN
in	ADP
circumstances	NOUN
could	AUX
lead	VERB
to	ADP
debt	NOUN
problems	NOUN
.	PUNCT
”	PUNCT

Her	PRON
reason	NOUN
is	VERB
that	SCONJ
it	PRON
provides	VERB
insufficient	ADJ
protection	NOUN
to	ADP
American	ADJ
workers	NOUN
whose	PRON
jobs	NOUN
and	CCONJ
living	NOUN
standards	NOUN
it	PRON
might	AUX
harm	VERB
.	PUNCT

In	ADP
this	DET
context	NOUN
,	PUNCT
railing	VERB
against	ADP
trade	NOUN
makes	VERB
sense	NOUN
.	PUNCT

Theoretically	ADV
,	PUNCT
a	DET
couple	NOUN
could	AUX
open	VERB
four	NUM
Tesco	PROPN
accounts	NOUN
and	CCONJ
earn	VERB
3	NUM
%	SYM
on	ADP
£	SYM
12,000	NUM
–	PUNCT
£	SYM
360	NUM
.	PUNCT

Meanwhile	ADV
,	PUNCT
Bank	NOUN
of	ADP
Scotland	PROPN
customers	NOUN
earn	VERB
3	NUM
%	SYM
on	ADP
balances	NOUN
of	ADP
£	SYM
3,000	NUM
-	SYM
£	SYM
5,000	NUM
when	ADV
they	PRON
add	VERB
the	DET
free	ADJ
Vantage	NOUN
option	NOUN
to	ADP
their	PRON
account	NOUN
.	PUNCT

With	ADP
this	PRON
,	PUNCT
in	ADP
theory	NOUN
,	PUNCT
you	PRON
are	AUX
able	ADJ
to	PART
access	VERB
your	PRON
money	NOUN
whenever	ADV
you	PRON
like	VERB
.	PUNCT

That	DET
3	NUM
%	SYM
rate	NOUN
also	ADV
applies	VERB
to	ADP
Nectar	PROPN
cardholders	NOUN
looking	VERB
to	PART
borrow	VERB
from	ADP
£	SYM
15,001	NUM
-	SYM
£	SYM
19,999	NUM
over	ADP
a	DET
period	NOUN
of	ADP
between	ADV
two	NUM
and	CCONJ
three	NUM
years	NOUN
.	PUNCT

Sulphur	NOUN
is	AUX
a	DET
key	ADJ
plant	NOUN
nutrient	NOUN
vital	ADJ
to	ADP
healthy	ADJ
growth	NOUN
,	PUNCT
but	CCONJ
UK	PROPN
soils	NOUN
are	AUX
naturally	ADV
deficient	ADJ
in	ADP
this	DET
essential	ADJ
mineral	NOUN
.	PUNCT

Fast	ADV
forward	VERB
to	ADP
2016	NUM
and	CCONJ
this	PRON
is	AUX
increasingly	ADV
worthy	ADJ
of	ADP
attention	NOUN
.	PUNCT

Surprising	VERB
as	SCONJ
it	PRON
may	AUX
seem	VERB
,	PUNCT
even	ADV
acid	NOUN
rain	NOUN
clouds	NOUN
can	AUX
have	VERB
a	DET
silver	NOUN
lining	NOUN
.	PUNCT

The	DET
world	NOUN
may	AUX
be	AUX
enraging	ADJ
and	CCONJ
absurd	ADJ
–	PUNCT
yet	CCONJ
at	ADP
least	ADJ
someone	PRON
has	VERB
the	DET
self	NOUN
-	PUNCT
respect	NOUN
to	PART
keep	VERB
protesting	VERB
against	ADP
that	DET
fact	NOUN
.	PUNCT

You	PRON
end	VERB
up	ADP
listening	VERB
more	ADV
acutely	ADV
for	ADP
the	DET
next	ADJ
noise	NOUN
and	CCONJ
getting	VERB
more	ADV
irritated	ADJ
when	ADV
it	PRON
comes	VERB
.	PUNCT

That	PRON
’s	AUX
just	ADV
legitimately	ADV
horrendous	ADJ
.	PUNCT

It	PRON
’s	AUX
fair	ADJ
to	PART
say	VERB
that	SCONJ
Rocco	PROPN
Catalano	PROPN
works	VERB
,	PUNCT
lives	VERB
and	CCONJ
breathes	VERB
retro	ADJ
.	PUNCT

I	PRON
think	VERB
that	PRON
’s	VERB
why	ADV
they	PRON
immersed	VERB
themselves	PRON
in	ADP
pattern	NOUN
and	CCONJ
colour	NOUN
.	PUNCT

Catalano	PROPN
moved	VERB
back	ADV
to	ADP
the	DET
area	NOUN
after	SCONJ
living	VERB
in	ADP
London	PROPN
and	CCONJ
then	ADV
Glasgow	PROPN
,	PUNCT
where	ADV
he	PRON
had	AUX
studied	VERB
jewellery	NOUN
design	NOUN
at	ADP
Glasgow	PROPN
School	NOUN
of	ADP
Art	NOUN
.	PUNCT

“	PUNCT
I	PRON
loved	VERB
the	DET
tropical	ADJ
colours	NOUN
,	PUNCT
”	PUNCT
he	PRON
says	VERB
.	PUNCT

“	PUNCT
I	PRON
visit	VERB
the	DET
degree	NOUN
shows	NOUN
at	ADP
Northampton	PROPN
University	NOUN
to	PART
spot	VERB
new	ADJ
talent	NOUN
,	PUNCT
”	PUNCT
he	PRON
says	VERB
.	PUNCT

But	CCONJ
,	PUNCT
when	ADV
I	PRON
suggest	VERB
that	SCONJ
she	PRON
get	VERB
Frank	PROPN
to	PART
model	VERB
for	ADP
her	PRON
,	PUNCT
she	PRON
laughs	VERB
.	PUNCT

Naturally	ADV
,	PUNCT
the	DET
office	NOUN
landscape	NOUN
features	VERB
many	ADJ
clothes	NOUN
and	CCONJ
little	ADJ
in	ADP
the	DET
way	NOUN
of	ADP
food	NOUN
.	PUNCT

Wintour	PROPN
herself	PRON
appears	VERB
briefly	ADV
,	PUNCT
and	CCONJ
is	AUX
filmed	VERB
putting	VERB
her	PRON
sunglasses	NOUN
on	ADP
before	SCONJ
being	AUX
interviewed	VERB
.	PUNCT

I	PRON
looked	VERB
at	ADP
motocross	NOUN
and	CCONJ
the	DET
more	ADV
I	PRON
looked	VERB
,	PUNCT
this	DET
one	NUM
woman	NOUN
’s	PART
face	NOUN
kept	VERB
coming	VERB
up	ADP
,	PUNCT
in	ADP
photographs	NOUN
that	PRON
looked	VERB
as	SCONJ
if	SCONJ
they	PRON
were	AUX
from	ADP
the	DET
1970s	NOUN
.	PUNCT

I	PRON
love	VERB
to	PART
play	VERB
with	ADP
that	PRON
and	CCONJ
I	PRON
am	AUX
always	ADV
looking	VERB
for	ADP
muses	NOUN
that	PRON
fit	VERB
that	DET
bill	NOUN
because	SCONJ
it	PRON
is	AUX
so	ADV
interesting	ADJ
making	VERB
a	DET
collection	NOUN
when	ADV
I	PRON
find	VERB
one	NUM
.	PUNCT

At	ADP
best	ADV
it	PRON
is	AUX
naive	ADJ
and	CCONJ
at	ADP
worst	ADV
it	PRON
would	AUX
yet	ADV
again	ADV
let	VERB
the	DET
shooting	NOUN
lobby	NOUN
off	ADP
the	DET
hook	NOUN
.	PUNCT

Their	PRON
head	NOUN
of	ADP
nature	NOUN
policy	NOUN
,	PUNCT
Jeff	PROPN
Knott	PROPN
,	PUNCT
stated	VERB
:	PUNCT
“	PUNCT
I	PRON
’d	AUX
be	AUX
amazed	ADJ
if	SCONJ
either	CCONJ
a	DET
ban	NOUN
or	CCONJ
licensing	NOUN
was	AUX
introduced	VERB
off	ADP
the	DET
back	NOUN
of	ADP
it	PRON
”	PUNCT
.	PUNCT

The	DET
RSPB	PROPN
’s	PART
stance	NOUN
has	AUX
also	ADV
brought	VERB
it	PRON
into	ADP
conflict	NOUN
with	ADP
many	ADJ
leading	VERB
conservationists	NOUN
,	PUNCT
from	ADP
the	DET
author	NOUN
of	ADP
the	DET
petition	NOUN
,	PUNCT
Mark	PROPN
Avery	PROPN
,	PUNCT
to	ADP
the	DET
TV	NOUN
presenter	NOUN
Chris	PROPN
Packham	PROPN
.	PUNCT

Let	VERB
’s	PRON
just	ADV
say	VERB
he	PRON
’s	AUX
wrong	ADJ
.	PUNCT

And	CCONJ
what	PRON
about	ADP
Australia	PROPN
’s	PART
position	NOUN
?	PUNCT

On	ADP
this	PRON
,	PUNCT
one	NUM
diary	NOUN
point	NOUN
in	ADP
Morocco	PROPN
will	AUX
be	AUX
the	DET
middle	ADJ
Saturday	PROPN
,	PUNCT
when	ADV
developed	ADJ
countries	NOUN
get	VERB
to	PART
publicly	ADV
question	VERB
each	DET
other	ADJ
about	ADP
their	PRON
plans	NOUN
and	CCONJ
ambitions	NOUN
.	PUNCT

“	PUNCT
We	PRON
are	AUX
actively	ADV
thinking	VERB
of	ADP
possible	ADJ
ways	NOUN
to	PART
limit	VERB
the	DET
scope	NOUN
of	ADP
litigation	NOUN
to	ADP
only	ADV
those	PRON
with	ADP
a	DET
real	ADJ
standing	NOUN
in	ADP
a	DET
project	NOUN
,	PUNCT
”	PUNCT
he	PRON
was	AUX
quoted	VERB
as	SCONJ
saying	VERB
.	PUNCT

“	PUNCT
Celtic	ADJ
Sea	PROPN
cod	NOUN
could	AUX
collapse	VERB
,	PUNCT
”	PUNCT
without	ADP
the	DET
proposed	VERB
limits	NOUN
,	PUNCT
one	NUM
EU	PROPN
official	NOUN
said	VERB
.	PUNCT

But	CCONJ
big	ADJ
reductions	NOUN
have	AUX
also	ADV
been	AUX
pencilled	VERB
in	ADP
for	ADP
cod	NOUN
,	PUNCT
sole	NOUN
,	PUNCT
plaice	NOUN
,	PUNCT
megrim	NOUN
and	CCONJ
pollack	NOUN
in	ADP
the	DET
Celtic	ADJ
and	CCONJ
Irish	ADJ
Seas	PROPN
.	PUNCT

Conservationists	NOUN
welcomed	VERB
the	DET
commission	NOUN
’s	PART
announcement	NOUN
.	PUNCT

Only	ADV
50	NUM
were	AUX
marketplaces	NOUN
.	PUNCT

“	PUNCT
Agora	PROPN
was	AUX
invitation	NOUN
-	PUNCT
only	ADV
but	CCONJ
many	ADJ
of	ADP
these	DET
marketplaces	NOUN
are	AUX
easily	ADV
accessible	ADJ
if	SCONJ
you	PRON
know	VERB
how	ADV
to	PART
search	VERB
,	PUNCT
”	PUNCT
Dr	PROPN
Lee	PROPN
adds	VERB
.	PUNCT

They	PRON
did	AUX
n’t	PART
have	VERB
them	PRON
in	ADP
our	PRON
day	NOUN
,	PUNCT
and	CCONJ
people	NOUN
without	ADP
children	NOUN
express	VERB
through	ADP
their	PRON
disapproval	NOUN
all	DET
their	PRON
hatred	NOUN
of	ADP
modern	ADJ
parenting	NOUN
.	PUNCT

I	PRON
do	AUX
n’t	PART
call	VERB
it	PRON
a	DET
beast	NOUN
lightly	ADV
.	PUNCT

Day	NOUN
three	NUM
,	PUNCT
I	PRON
was	AUX
back	ADV
on	ADP
the	DET
EMicro	PROPN
.	PUNCT

The	DET
world	NOUN
–	PUNCT
and	CCONJ
by	ADP
extension	NOUN
the	DET
UK	PROPN
–	PUNCT
is	AUX
facing	VERB
a	DET
shortage	NOUN
of	ADP
people	NOUN
with	ADP
the	DET
skills	NOUN
needed	VERB
to	PART
mount	VERB
an	DET
effective	ADJ
defence	NOUN
.	PUNCT

Companies	NOUN
may	AUX
try	VERB
to	PART
set	VERB
up	ADP
a	DET
firewall	NOUN
between	ADP
sensitive	ADJ
systems	NOUN
and	CCONJ
foreign	ADJ
powers	NOUN
,	PUNCT
but	CCONJ
it	PRON
does	AUX
not	PART
always	ADV
work	VERB
.	PUNCT

But	CCONJ
they	PRON
can	AUX
at	ADP
least	ADJ
lay	VERB
booby	ADJ
-	PUNCT
traps	NOUN
to	PART
confuse	VERB
and	CCONJ
deter	VERB
–	PUNCT
a	DET
concept	NOUN
known	VERB
as	ADP
“	PUNCT
active	ADJ
defence	NOUN
”	PUNCT
.	PUNCT

After	SCONJ
I	PRON
discovered	VERB
a	DET
rich	ADJ
seam	NOUN
of	ADP
internet	NOUN
discussion	NOUN
on	ADP
the	DET
subject	NOUN
,	PUNCT
my	PRON
list	NOUN
had	AUX
grown	VERB
inordinately	ADV
long	ADJ
and	CCONJ
covered	VERB
almost	ADV
every	DET
state	NOUN
in	ADP
the	DET
union	NOUN
.	PUNCT

I	PRON
spotted	VERB
a	DET
few	ADJ
.	PUNCT

My	PRON
next	ADJ
stop	NOUN
was	AUX
Bellingham	PROPN
,	PUNCT
right	ADV
up	ADV
near	ADP
the	DET
Canadian	ADJ
border	NOUN
.	PUNCT

Back	ADV
on	ADP
the	DET
train	NOUN
,	PUNCT
we	PRON
continue	VERB
southwards	ADV
.	PUNCT

A	DET
small	ADJ
town	NOUN
with	ADP
two	NUM
minarets	NOUN
glides	NOUN
by	ADV
.	PUNCT

At	ADP
each	DET
station	NOUN
,	PUNCT
a	DET
red	ADJ
-	PUNCT
capped	ADJ
guard	NOUN
presides	VERB
over	ADP
the	DET
platform	NOUN
and	CCONJ
a	DET
wheel	NOUN
-	PUNCT
tapper	NOUN
walks	VERB
along	ADP
the	DET
train	NOUN
with	ADP
a	DET
hammer	NOUN
,	PUNCT
gently	ADV
knocking	VERB
the	DET
undercarriage	NOUN
.	PUNCT

Afterwards	ADV
,	PUNCT
browse	VERB
at	ADP
the	DET
morning	NOUN
market	NOUN
(	PUNCT
6.30	NUM
-	SYM
10	NUM
am	NOUN
)	PUNCT
:	PUNCT
rice	NOUN
lollipops	NOUN
,	PUNCT
wasp	NOUN
cocoons	NOUN
(	PUNCT
the	DET
pupae	NOUN
are	AUX
considered	VERB
a	DET
delicacy	NOUN
)	PUNCT
,	PUNCT
buffalo	NOUN
lung	NOUN
,	PUNCT
betel	NOUN
-	PUNCT
nut	NOUN
bark	NOUN
and	CCONJ
leaves	NOUN
,	PUNCT
live	ADJ
toads	NOUN
and	CCONJ
catfish	NOUN
.	PUNCT

The	DET
intervention	NOUN
is	AUX
potentially	ADV
the	DET
most	ADV
far	ADV
-	PUNCT
reaching	VERB
by	ADP
Beijing	PROPN
since	ADP
the	DET
1997	NUM
handover	NOUN
of	ADP
Hong	PROPN
Kong	PROPN
from	ADP
the	DET
UK	PROPN
.	PUNCT

The	DET
oath	NOUN
involves	VERB
lawmakers	NOUN
swearing	VERB
allegiance	NOUN
to	ADP
Hong	PROPN
Kong	PROPN
as	ADP
part	NOUN
of	ADP
the	DET
People	NOUN
’s	PART
Republic	NOUN
of	ADP
China	PROPN
.	PUNCT

The	DET
Hong	PROPN
Kong	PROPN
government	NOUN
,	PUNCT
which	PRON
is	AUX
led	VERB
by	ADP
pro-Beijing	ADJ
lawmakers	NOUN
,	PUNCT
have	AUX
argued	VERB
that	SCONJ
the	DET
pair	NOUN
should	AUX
not	PART
take	VERB
office	NOUN
.	PUNCT

“	PUNCT
Beijing	PROPN
believes	VERB
its	PRON
intervention	NOUN
is	AUX
necessary	ADJ
to	PART
prevent	VERB
a	DET
continued	VERB
legislative	ADJ
paralysis	NOUN
in	ADP
the	DET
city	NOUN
,	PUNCT
”	PUNCT
he	PRON
said	VERB
.	PUNCT

Hong	PROPN
Kong	PROPN
,	PUNCT
meanwhile	ADV
,	PUNCT
appears	VERB
to	PART
be	AUX
bracing	VERB
for	ADP
a	DET
wave	NOUN
of	ADP
protests	NOUN
.	PUNCT

He	PRON
told	VERB
the	DET
BBC	PROPN
’s	PART
Andrew	PROPN
Marr	PROPN
Show	NOUN
:	PUNCT
“	PUNCT
A	DET
general	ADJ
election	NOUN
is	AUX
frankly	ADV
the	DET
last	ADJ
thing	NOUN
that	PRON
the	DET
Government	NOUN
wants	VERB
.	PUNCT
”	PUNCT

It	PRON
is	AUX
his	PRON
dream	NOUN
to	PART
end	VERB
his	PRON
career	NOUN
here	ADV
.	PUNCT

To	PART
draw	VERB
a	DET
game	NOUN
you	PRON
have	AUX
dominated	VERB
is	AUX
easy	ADJ
to	PART
brush	VERB
off	ADP
,	PUNCT
but	CCONJ
to	PART
do	VERB
so	ADV
three	NUM
times	NOUN
is	ADP
a	DET
row	NOUN
suggests	VERB
a	DET
weakness	NOUN
.	PUNCT

We	PRON
are	AUX
so	ADV
disappointed	ADJ
because	SCONJ
we	PRON
have	AUX
dropped	VERB
six	NUM
points	NOUN
playing	VERB
at	ADP
home	NOUN
.	PUNCT

That	PRON
was	AUX
definitely	ADV
the	DET
case	NOUN
for	ADP
Andy	PROPN
when	ADV
he	PRON
played	VERB
Benoît	PROPN
Paire	PROPN
in	ADP
Monte	PROPN
Carlo	PROPN
in	ADP
April	PROPN
.	PUNCT

But	CCONJ
right	ADV
now	ADV
everything	PRON
is	AUX
out	ADP
of	ADP
kilter	NOUN
and	CCONJ
he	PRON
seems	VERB
to	PART
be	AUX
seeking	VERB
answers	NOUN
all	DET
the	DET
time	NOUN
.	PUNCT

I	PRON
also	ADV
wonder	VERB
whether	SCONJ
the	DET
Davis	PROPN
Cup	NOUN
played	VERB
a	DET
part	NOUN
.	PUNCT

The	DET
annual	ADJ
survey	NOUN
also	ADV
revealed	VERB
that	SCONJ
worries	NOUN
about	SCONJ
taking	VERB
on	ADP
fresh	ADJ
financial	ADJ
burdens	NOUN
has	AUX
rocketed	VERB
.	PUNCT

Ms	PROPN
Hopley	PROPN
added	VERB
:	PUNCT
“	PUNCT
The	DET
spike	NOUN
in	ADP
political	ADJ
risk	NOUN
should	AUX
not	PART
go	VERB
unnoticed	ADJ
.	PUNCT
”	PUNCT

News	NOUN
of	ADP
the	DET
company	NOUN
’s	PART
deceit	NOUN
-	PUNCT
which	PRON
had	AUX
run	VERB
for	ADP
years	NOUN
-	PUNCT
wiped	VERB
tens	NOUN
of	ADP
billions	NOUN
of	ADP
euros	NOUN
from	ADP
VW	PROPN
's	PART
value	NOUN
and	CCONJ
cost	VERB
chief	NOUN
executive	NOUN
Martin	PROPN
Winterkorn	PROPN
his	PRON
job	NOUN
.	PUNCT

It	PRON
has	AUX
also	ADV
opened	VERB
VW	PROPN
up	ADP
to	ADP
huge	ADJ
compensation	NOUN
claims	NOUN
,	PUNCT
legal	ADJ
action	NOUN
and	CCONJ
has	AUX
seen	VERB
it	PRON
take	VERB
more	ADJ
than	ADP
€	SYM
16	NUM
bn	NUM
of	ADP
provisions	NOUN
.	PUNCT

The	DET
probe	NOUN
began	VERB
in	ADP
June	PROPN
,	PUNCT
focusing	VERB
on	ADP
Mr	PROPN
Winterkorn	PROPN
and	CCONJ
brand	NOUN
chief	NOUN
Herbert	PROPN
Diess	PROPN
,	PUNCT
who	PRON
remains	VERB
at	ADP
the	DET
car	NOUN
maker	NOUN
.	PUNCT

He	PRON
was	AUX
promoted	VERB
to	ADP
chairman	NOUN
in	ADP
October	PROPN
2015	NUM
,	PUNCT
the	DET
month	NOUN
after	SCONJ
the	DET
scandal	NOUN
was	AUX
unearthed	VERB
.	PUNCT

Businesses	NOUN
had	AUX
expected	VERB
to	PART
start	VERB
contracting	VERB
in	ADP
July	PROPN
,	PUNCT
immediately	ADV
after	ADP
the	DET
Brexit	PROPN
vote	NOUN
,	PUNCT
but	CCONJ
instead	ADV
have	AUX
managed	VERB
to	PART
keep	VERB
growing	VERB
steadily	ADV
.	PUNCT

Retail	NOUN
and	CCONJ
wholesale	NOUN
businesses	NOUN
expanded	VERB
as	SCONJ
shoppers	NOUN
remained	VERB
upbeat	ADJ
,	PUNCT
and	CCONJ
consumer	NOUN
services	NOUN
companies	NOUN
also	ADV
grew	VERB
.	PUNCT

There	PRON
will	AUX
be	AUX
limits	NOUN
to	ADP
his	PRON
ability	NOUN
to	PART
spend	VERB
,	PUNCT
however	ADV
,	PUNCT
as	SCONJ
the	DET
Government	NOUN
is	AUX
still	ADV
running	VERB
a	DET
substantial	ADJ
budget	NOUN
deficit	NOUN
.	PUNCT

The	DET
cost	NOUN
will	AUX
change	VERB
monthly	ADV
and	CCONJ
the	DET
price	NOUN
is	AUX
expected	VERB
to	PART
rise	VERB
in	ADP
winter	NOUN
as	SCONJ
usage	NOUN
increases	VERB
.	PUNCT

Eon	PROPN
’s	PART
fixed	VERB
rate	NOUN
tariff	NOUN
costs	VERB
£	SYM
760	NUM
and	CCONJ
Avro	PROPN
Energy	NOUN
customers	NOUN
would	AUX
pay	VERB
around	ADV
£	SYM
760	NUM
for	ADP
its	PRON
Simple	ADJ
and	CCONJ
Select	ADJ
tariff	NOUN
.	PUNCT

Or	CCONJ
is	AUX
it	PRON
an	DET
expensive	ADJ
standard	NOUN
or	CCONJ
prepayment	NOUN
tariff	NOUN
?	PUNCT

An	DET
investor	NOUN
with	ADP
average	ADJ
luck	NOUN
and	CCONJ
£	SYM
10,000	NUM
in	ADP
bonds	NOUN
could	AUX
expect	VERB
to	PART
receive	VERB
£	SYM
125	NUM
in	ADP
prizes	NOUN
per	ADP
year	NOUN
.	PUNCT

If	SCONJ
they	PRON
did	VERB
,	PUNCT
Premium	ADJ
Bonds	NOUN
would	AUX
be	AUX
indistinguishable	ADJ
from	ADP
ordinary	ADJ
savings	NOUN
accounts	NOUN
.	PUNCT

The	DET
money	NOUN
invested	VERB
in	ADP
Premium	ADJ
Bonds	NOUN
,	PUNCT
and	CCONJ
in	ADP
other	ADJ
National	ADJ
Savings	PROPN
&	CCONJ
Investments	PROPN
accounts	NOUN
,	PUNCT
is	AUX
used	VERB
to	PART
help	VERB
fund	VERB
Government	NOUN
spending	NOUN
.	PUNCT

This	PRON
has	AUX
not	PART
stopped	VERB
investors	NOUN
flocking	VERB
to	PART
put	VERB
their	PRON
money	NOUN
in	ADP
the	DET
funds	NOUN
.	PUNCT

It	PRON
was	AUX
followed	VERB
by	ADP
the	DET
Aviva	PROPN
Investors	NOUN
Multi	NOUN
Strategy	NOUN
Target	NOUN
Return	NOUN
and	CCONJ
Income	PROPN
funds	NOUN
,	PUNCT
into	ADP
which	PRON
investors	NOUN
put	VERB
£	SYM
2	NUM
bn	NUM
and	CCONJ
£	SYM
1.4	NUM
bn	NUM
respectively	ADV
.	PUNCT

This	PRON
means	VERB
that	SCONJ
they	PRON
have	AUX
not	PART
benefited	VERB
from	ADP
the	DET
uplift	NOUN
that	PRON
the	DET
fall	NOUN
in	ADP
sterling	NOUN
has	AUX
given	VERB
to	ADP
overseas	ADJ
assets	NOUN
.	PUNCT

Adidas	PROPN
is	AUX
helping	VERB
to	PART
clean	VERB
up	ADP
the	DET
Earth	PROPN
's	PART
oceans	NOUN
by	SCONJ
using	VERB
the	DET
waste	NOUN
floating	VERB
around	ADP
the	DET
world	NOUN
to	PART
make	VERB
shoes	NOUN
.	PUNCT

The	DET
consumer	NOUN
can	AUX
boost	VERB
the	DET
demand	NOUN
for	ADP
change	NOUN
.	PUNCT

A	DET
major	ADJ
report	NOUN
in	ADP
January	PROPN
said	VERB
oceans	NOUN
would	AUX
contain	VERB
more	ADJ
plastic	NOUN
than	ADP
fish	NOUN
by	ADP
2050	NUM
unless	SCONJ
the	DET
world	NOUN
took	VERB
radical	ADJ
action	NOUN
to	PART
stop	VERB
rubbish	NOUN
leaking	VERB
into	ADP
the	DET
seas	NOUN
.	PUNCT

After	ADP
some	DET
genius	ADJ
surgery	NOUN
and	CCONJ
a	DET
lot	NOUN
of	ADP
very	ADV
tough	ADJ
rehab	NOUN
,	PUNCT
I	PRON
have	AUX
made	VERB
a	DET
full	ADJ
recovery	NOUN
.	PUNCT

Warning	VERB
that	SCONJ
the	DET
NHS	PROPN
was	AUX
now	ADV
under	ADP
"	PUNCT
enormous	ADJ
pressure	NOUN
,	PUNCT
"	PUNCT
he	PRON
urged	VERB
the	DET
public	NOUN
to	PART
take	VERB
more	ADJ
responsibility	NOUN
for	ADP
their	PRON
own	ADJ
health	NOUN
.	PUNCT

Four	NUM
in	ADP
10	NUM
adults	NOUN
have	AUX
been	AUX
injured	VERB
due	ADJ
to	ADP
bad	ADJ
weather	NOUN
while	SCONJ
nine	NUM
in	ADP
10	NUM
underestimate	VERB
how	ADV
chilly	ADJ
Britain	PROPN
can	AUX
get	VERB
in	ADP
the	DET
winter	NOUN
time	NOUN
.	PUNCT

They	PRON
will	AUX
play	VERB
on	ADP
Saturday	PROPN
,	PUNCT
10	NUM
June	PROPN
.	PUNCT

Last	ADJ
year	NOUN
was	AUX
an	DET
incredible	ADJ
year	NOUN
and	CCONJ
I	PRON
’m	AUX
ready	ADJ
for	SCONJ
us	PRON
to	PART
come	VERB
back	ADV
even	ADV
better	ADJ
in	ADP
2017	NUM
.	PUNCT

She	PRON
started	VERB
out	ADP
at	ADP
the	DET
RSC	PROPN
in	ADP
the	DET
mid-Sixties	NOUN
playing	VERB
an	DET
asylum	NOUN
-	PUNCT
inmate	NOUN
in	ADP
Marat	PROPN
/	SYM
Sade	PROPN
.	PUNCT

The	DET
dress	NOUN
is	AUX
contemporary	ADJ
.	PUNCT

Where	ADV
does	AUX
all	DET
her	PRON
energy	NOUN
come	VERB
from	ADP
?	PUNCT
Or	CCONJ
that	DET
voice	NOUN
,	PUNCT
which	PRON
can	AUX
blast	VERB
out	ADP
with	ADP
a	DET
force	NOUN
to	PART
induce	VERB
shockwaves	NOUN
?	PUNCT

Her	PRON
neck	NOUN
pushes	VERB
forward	ADV
in	ADP
vein	NOUN
-	PUNCT
accentuating	VERB
confrontation	NOUN
,	PUNCT
her	PRON
hands	NOUN
shake	VERB
.	PUNCT

But	CCONJ
having	AUX
allowed	VERB
Glenda	PROPN
to	PART
score	VERB
such	DET
a	DET
blinder	NOUN
,	PUNCT
who	PRON
can	AUX
blame	VERB
it	PRON
?	PUNCT

He	PRON
worked	VERB
on	ADP
the	DET
news	NOUN
and	CCONJ
current	ADJ
affairs	NOUN
side	NOUN
of	ADP
radio	NOUN
and	CCONJ
TV	NOUN
for	ADP
decades	NOUN
.	PUNCT

In	ADP
theory	NOUN
,	PUNCT
if	SCONJ
done	VERB
right	ADJ
,	PUNCT
it	PRON
’s	AUX
un-detectable	ADJ
.	PUNCT

Drop	VERB
the	DET
mic	NOUN
.	PUNCT

According	VERB
to	ADP
the	DET
director	NOUN
's	PART
own	ADJ
count	NOUN
,	PUNCT
to	ADP
date	NOUN
he	PRON
has	AUX
made	VERB
eight	NUM
feature	NOUN
films	NOUN
.	PUNCT

"	PUNCT
Cinema	NOUN
had	AUX
changed	VERB
so	ADV
drastically	ADV
that	SCONJ
Hollywood	PROPN
had	AUX
alienated	VERB
the	DET
family	NOUN
audience	NOUN
.	PUNCT
"	PUNCT

From	ADP
the	DET
director	NOUN
's	PART
point	NOUN
of	ADP
view	NOUN
,	PUNCT
the	DET
film	NOUN
is	AUX
a	DET
precarious	ADJ
balancing	NOUN
act	NOUN
,	PUNCT
between	ADP
cheery	ADJ
family	NOUN
hijinks	NOUN
and	CCONJ
hard	ADV
-	PUNCT
hitting	VERB
social	ADJ
drama	NOUN
.	PUNCT

On	ADP
one	NUM
level	NOUN
,	PUNCT
it	PRON
works	VERB
as	ADP
an	DET
amiable	ADJ
,	PUNCT
unpretentious	ADJ
heartwarmer	NOUN
that	PRON
seems	VERB
tailor	NOUN
-	PUNCT
made	VERB
for	ADP
Sunday	PROPN
afternoon	NOUN
viewing	VERB
.	PUNCT

And	CCONJ
,	PUNCT
of	ADP
course	NOUN
,	PUNCT
there	PRON
's	VERB
Bob	PROPN
,	PUNCT
a	DET
constant	ADJ
source	NOUN
of	ADP
entertainment	NOUN
.	PUNCT

The	DET
result	NOUN
,	PUNCT
then	ADV
,	PUNCT
is	AUX
hardly	ADV
the	DET
cat	NOUN
's	PART
pyjamas	NOUN
.	PUNCT

To	ADP
modern	ADJ
audiences	NOUN
,	PUNCT
most	ADJ
of	ADP
whom	PRON
will	AUX
have	VERB
little	ADJ
experience	NOUN
of	ADP
frontline	NOUN
conflict	NOUN
,	PUNCT
Doss	PROPN
’s	PART
feats	NOUN
belong	VERB
to	ADP
the	DET
realm	NOUN
of	ADP
the	DET
unimaginable	ADJ
.	PUNCT

Doss	PROPN
’s	PART
story	NOUN
also	ADV
has	VERB
an	DET
unlikely	ADJ
quality	NOUN
to	ADP
it	PRON
that	PRON
makes	VERB
it	PRON
all	ADV
the	DET
more	ADV
appealing	ADJ
.	PUNCT

All	DET
the	DET
medics	NOUN
were	AUX
armed	ADJ
,	PUNCT
except	ADP
me	PRON
.	PUNCT

When	ADV
Millican	PROPN
died	VERB
,	PUNCT
we	PRON
assumed	VERB
that	PRON
was	AUX
the	DET
last	ADJ
we	PRON
’d	AUX
see	VERB
of	ADP
glitchy	ADJ
,	PUNCT
twitchy	ADJ
Odi	PROPN
too	ADV
.	PUNCT

Is	AUX
series	NOUN
two	NUM
working	VERB
so	ADV
far	ADV
?	PUNCT

“	PUNCT
Superheroes	NOUN
are	AUX
outside	ADP
of	ADP
human	ADJ
experience	NOUN
and	CCONJ
so	ADV
is	AUX
this	PRON
,	PUNCT
so	ADV
I	PRON
treated	VERB
it	PRON
like	ADP
a	DET
drama	NOUN
,	PUNCT
”	PUNCT
Zimmer	PROPN
says	VERB
.	PUNCT

But	CCONJ
Cotton	PROPN
’s	PART
dark	ADJ
deeds	NOUN
did	AUX
not	PART
occur	VERB
due	ADJ
to	ADP
some	DET
sort	NOUN
of	ADP
compulsion	NOUN
to	PART
kill	VERB
.	PUNCT

Cotton	PROPN
was	AUX
born	VERB
on	ADP
October	PROPN
31	NUM
,	PUNCT
1832	NUM
,	PUNCT
in	ADP
a	DET
village	NOUN
near	ADP
Sunderland	PROPN
.	PUNCT

Perhaps	ADV
it	PRON
wo	AUX
n’t	PART
matter	VERB
as	SCONJ
I	PRON
wo	AUX
n’t	PART
be	AUX
troubled	VERB
long	ADV
.	PUNCT

No	ADV
longer	ADV
a	DET
throwback	NOUN
to	ADP
the	DET
Seventies	NOUN
,	PUNCT
flock	NOUN
–	PUNCT
or	CCONJ
coating	VERB
a	DET
surface	NOUN
is	ADP
material	NOUN
–	PUNCT
is	AUX
flying	VERB
again	ADV
.	PUNCT

London	PROPN
’s	PART
landmark	NOUN
South	PROPN
Bank	PROPN
Tower	PROPN
commissioned	VERB
interior	NOUN
designer	NOUN
Rachel	PROPN
Winham	PROPN
to	PART
design	VERB
the	DET
show	NOUN
apartment	NOUN
.	PUNCT

Of	ADP
course	NOUN
,	PUNCT
the	DET
tactile	ADJ
trend	NOUN
is	AUX
closely	ADV
linked	VERB
to	ADP
our	PRON
growing	VERB
obsession	NOUN
with	SCONJ
making	VERB
things	NOUN
.	PUNCT

Two	NUM
years	NOUN
later	ADV
,	PUNCT
Jutting	PROPN
,	PUNCT
now	ADV
31	NUM
,	PUNCT
is	AUX
on	ADP
trial	NOUN
at	ADP
Hong	PROPN
Kong	PROPN
's	PART
High	ADJ
Court	NOUN
,	PUNCT
charged	VERB
with	ADP
two	NUM
counts	NOUN
of	ADP
murder	NOUN
and	CCONJ
one	NUM
of	SCONJ
preventing	VERB
lawful	ADJ
burial	NOUN
.	PUNCT

I	PRON
do	AUX
n't	PART
know	VERB
why	ADV
I	PRON
chose	VERB
her	PRON
...	PUNCT

In	ADP
Hong	PROPN
Kong	PROPN
's	PART
High	ADJ
Court	NOUN
,	PUNCT
two	NUM
years	NOUN
later	ADV
,	PUNCT
Jutting	PROPN
appeared	VERB
largely	ADV
composed	ADJ
.	PUNCT

After	ADP
all	DET
,	PUNCT
our	PRON
organizational	ADJ
performance	NOUN
is	AUX
seldom	ADV
measured	VERB
in	ADP
terms	NOUN
of	SCONJ
how	ADV
safe	ADJ
we	PRON
are	AUX
or	CCONJ
how	ADV
many	ADJ
rules	NOUN
we	PRON
follow	VERB
.	PUNCT

As	ADP
a	DET
result	NOUN
,	PUNCT
many	ADJ
people	NOUN
quickly	ADV
open	VERB
emails	NOUN
or	CCONJ
mindlessly	ADV
click	VERB
on	ADP
links	NOUN
and	CCONJ
attachments	NOUN
with	ADP
nary	DET
a	DET
thought	NOUN
of	ADP
its	PRON
consequences	NOUN
.	PUNCT

First	ADV
,	PUNCT
we	PRON
must	AUX
educate	VERB
people	NOUN
on	SCONJ
how	ADV
to	PART
protect	VERB
themselves	PRON
better	ADV
online	ADV
.	PUNCT

Finally	ADV
,	PUNCT
we	PRON
must	AUX
make	VERB
it	PRON
easy	ADJ
for	ADP
people	NOUN
to	PART
report	VERB
suspected	VERB
breaches	NOUN
and	CCONJ
malicious	ADJ
emails	NOUN
.	PUNCT

Voting	NOUN
has	AUX
,	PUNCT
in	ADP
the	DET
vernacular	NOUN
of	ADP
terror	NOUN
,	PUNCT
become	VERB
the	DET
new	ADJ
soft	ADJ
target	NOUN
.	PUNCT

This	PRON
is	AUX
a	DET
homeland	NOUN
security	NOUN
issue	NOUN
of	ADP
the	DET
most	ADV
existential	ADJ
kind	NOUN
.	PUNCT

Tuesday	PROPN
is	AUX
all	ADV
about	SCONJ
getting	VERB
out	ADP
the	DET
vote	NOUN
,	PUNCT
but	CCONJ
it	PRON
means	VERB
nothing	NOUN
if	SCONJ
a	DET
registered	ADJ
voter	NOUN
is	AUX
n't	PART
on	ADP
the	DET
list	NOUN
.	PUNCT

Enough	ADJ
of	ADP
those	PRON
,	PUNCT
in	ADP
a	DET
highly	ADV
contested	ADJ
area	NOUN
,	PUNCT
will	AUX
lead	VERB
to	ADP
chaos	NOUN
election	NOUN
day	NOUN
.	PUNCT

North	PROPN
Carolina	PROPN
is	AUX
ground	NOUN
zero	NUM
in	ADP
this	DET
election	NOUN
.	PUNCT

Donald	PROPN
Trump	PROPN
is	AUX
a	DET
pompous	ADJ
,	PUNCT
arrogant	ADJ
,	PUNCT
entitled	ADJ
person	NOUN
that	PRON
cares	VERB
about	ADP
himself	PRON
,	PUNCT
and	CCONJ
his	PRON
temperament	NOUN
is	AUX
toxic	ADJ
to	ADP
the	DET
United	PROPN
States	PROPN
.	PUNCT

More	ADJ
than	ADP
5.7	NUM
million	NUM
Floridians	PROPN
have	AUX
already	ADV
hit	VERB
the	DET
polls	NOUN
after	ADP
about	ADV
two	NUM
weeks	NOUN
of	ADP
in	ADP
-	PUNCT
person	NOUN
early	ADJ
voting	NOUN
.	PUNCT

The	DET
GOP	PROPN
lead	NOUN
was	AUX
carried	VERB
by	ADP
strong	ADJ
numbers	NOUN
in	ADP
absentee	NOUN
voting	NOUN
,	PUNCT
and	CCONJ
their	PRON
overall	ADJ
edge	NOUN
stood	VERB
at	ADP
about	ADV
16,500	NUM
earlier	ADV
this	DET
week	NOUN
.	PUNCT

It	PRON
's	AUX
the	DET
election	NOUN
,	PUNCT
of	ADP
course	NOUN
,	PUNCT
not	PART
"	PUNCT
Game	NOUN
of	ADP
Thrones	NOUN
.	PUNCT
"	PUNCT

Martin	PROPN
has	VERB
yet	ADV
to	PART
finish	VERB
two	NUM
of	ADP
the	DET
remaining	VERB
books	NOUN
in	ADP
his	PRON
acclaimed	ADJ
series	NOUN
,	PUNCT
currently	ADV
billed	VERB
as	ADP
"	PUNCT
The	DET
Winds	NOUN
of	ADP
Winter	NOUN
"	PUNCT
and	CCONJ
"	PUNCT
A	DET
Dream	NOUN
of	ADP
Spring	NOUN
.	PUNCT
"	PUNCT

The	DET
Dutch	ADJ
students	NOUN
have	VERB
yet	ADV
to	PART
decide	VERB
if	SCONJ
they	PRON
will	AUX
be	AUX
commercializing	VERB
their	PRON
electric	ADJ
motorcycle	NOUN
.	PUNCT

A	DET
Harley	PROPN
-	PUNCT
Davidson	PROPN
spokeswoman	NOUN
said	VERB
timelines	NOUN
that	PRON
have	AUX
been	AUX
floated	VERB
in	ADP
the	DET
media	NOUN
--	PUNCT
2017	NUM
or	CCONJ
2020	NUM
--	PUNCT
are	AUX
n't	PART
accurate	ADJ
.	PUNCT

U.S.	PROPN
stock	NOUN
futures	NOUN
are	AUX
surging	VERB
by	ADP
more	ADJ
than	ADP
1	NUM
%	SYM
,	PUNCT
alongside	ADP
European	ADJ
markets	NOUN
.	PUNCT

Investors	NOUN
are	AUX
selling	VERB
out	ADP
of	ADP
government	NOUN
bonds	NOUN
,	PUNCT
with	SCONJ
U.S.	PROPN
and	CCONJ
Australian	ADJ
bonds	NOUN
feeling	VERB
the	DET
biggest	ADJ
impact	NOUN
.	PUNCT

He	PRON
is	AUX
credited	VERB
with	ADP
helping	VERB
efforts	NOUN
to	PART
tackle	VERB
the	DET
mountain	NOUN
of	ADP
debt	NOUN
accumulated	VERB
by	ADP
local	ADJ
governments	NOUN
in	ADP
China	PROPN
.	PUNCT

But	CCONJ
it	PRON
only	ADV
came	VERB
forward	ADV
after	SCONJ
the	DET
U.S.	PROPN
Environmental	NOUN
Protection	NOUN
Agency	NOUN
alerted	VERB
the	DET
world	NOUN
to	ADP
the	DET
issue	NOUN
.	PUNCT

China	PROPN
's	PART
insatiable	ADJ
appetite	NOUN
for	ADP
fried	VERB
chicken	NOUN
used	VERB
to	PART
be	AUX
a	DET
big	ADJ
reason	NOUN
why	ADV
investors	NOUN
loved	VERB
KFC	PROPN
-	PUNCT
parent	NOUN
Yum	PROPN
Brands	NOUN
.	PUNCT

With	ADP
help	NOUN
from	ADP
the	DET
American	ADJ
Civil	ADJ
Liberties	NOUN
Union	NOUN
,	PUNCT
they	PRON
eventually	ADV
challenged	VERB
the	DET
state	NOUN
,	PUNCT
in	ADP
a	DET
case	NOUN
that	PRON
eventually	ADV
went	VERB
to	ADP
the	DET
U.S.	PROPN
Supreme	PROPN
Court	PROPN
.	PUNCT

As	SCONJ
the	DET
movie	NOUN
makes	VERB
clear	ADJ
,	PUNCT
the	DET
Lovings	PROPN
--	PUNCT
and	CCONJ
Richard	PROPN
in	ADP
particular	ADJ
--	PUNCT
were	AUX
reluctant	ADJ
participants	NOUN
in	ADP
history	NOUN
.	PUNCT

"	PUNCT
Loving	PROPN
"	PUNCT
opens	VERB
with	SCONJ
Richard	PROPN
and	CCONJ
Mildred	PROPN
already	ADV
a	DET
couple	NOUN
,	PUNCT
eliding	VERB
over	ADP
a	DET
courtship	NOUN
that	PRON
would	AUX
have	AUX
been	AUX
interesting	ADJ
to	PART
see	VERB
,	PUNCT
if	SCONJ
only	ADV
in	ADP
brief	NOUN
.	PUNCT

Celebrities	NOUN
,	PUNCT
fans	NOUN
and	CCONJ
even	ADV
CNN	PROPN
reporters	NOUN
are	AUX
dressing	VERB
up	ADP
like	ADP
"	PUNCT
Stranger	ADJ
Things	NOUN
"	PUNCT
characters	NOUN
this	DET
holiday	NOUN
.	PUNCT

I	PRON
had	AUX
n't	PART
seen	VERB
a	DET
lot	NOUN
of	ADP
the	DET
episodes	NOUN
and	CCONJ
then	ADV
my	PRON
phone	NOUN
started	VERB
lighting	VERB
up	ADP
.	PUNCT

As	ADP
one	NUM
of	ADP
Negan	PROPN
's	PART
(	PUNCT
Jeffrey	PROPN
Dean	PROPN
Morgan	PROPN
)	PUNCT
top	ADJ
guys	NOUN
,	PUNCT
he	PRON
's	AUX
afforded	VERB
certain	ADJ
freedoms	NOUN
.	PUNCT

"	PUNCT
Norman	PROPN
is	AUX
one	NUM
of	ADP
my	PRON
good	ADJ
buddies	NOUN
,	PUNCT
so	ADV
it	PRON
totally	ADV
sucked	VERB
to	PART
see	VERB
him	PRON
in	ADP
that	DET
emotional	ADJ
state	NOUN
.	PUNCT
"	PUNCT

New	ADJ
episodes	NOUN
are	AUX
followed	VERB
by	ADP
after	NOUN
show	X
,	PUNCT
"	PUNCT
The	DET
Talking	VERB
Dead	NOUN
.	PUNCT
"	PUNCT

"	PUNCT
In	ADP
the	DET
cities	NOUN
where	ADV
we	PRON
've	AUX
launched	VERB
or	CCONJ
are	AUX
under	ADP
construction	NOUN
,	PUNCT
our	PRON
work	NOUN
will	AUX
continue	VERB
,	PUNCT
"	PUNCT
Barratt	PROPN
said	VERB
.	PUNCT

The	DET
Internet	NOUN
effort	NOUN
was	AUX
said	VERB
to	PART
be	AUX
the	DET
main	ADJ
driver	NOUN
of	ADP
capital	NOUN
expenditures	NOUN
for	ADP
the	DET
unit	NOUN
.	PUNCT

For	ADP
now	ADV
,	PUNCT
analysts	NOUN
are	AUX
hesitant	ADJ
to	PART
write	VERB
off	ADP
the	DET
service	NOUN
for	ADP
dead	ADJ
.	PUNCT

In	ADP
the	DET
Netherlands	PROPN
,	PUNCT
authorities	NOUN
have	AUX
taken	VERB
a	DET
lower	ADJ
-	PUNCT
tech	ADJ
approach	NOUN
to	SCONJ
tracking	VERB
drones	NOUN
.	PUNCT

Microsoft	PROPN
announced	VERB
on	ADP
Wednesday	PROPN
a	DET
new	ADJ
workplace	NOUN
chat	NOUN
tool	NOUN
poised	VERB
to	PART
take	VERB
on	ADP
industry	NOUN
darling	NOUN
Slack	PROPN
.	PUNCT

There	PRON
's	VERB
also	ADV
an	DET
option	NOUN
to	PART
send	VERB
emoji	NOUN
,	PUNCT
GIFs	NOUN
,	PUNCT
custom	ADJ
memes	NOUN
and	CCONJ
stickers	NOUN
via	ADP
the	DET
platform	NOUN
,	PUNCT
and	CCONJ
connect	VERB
your	PRON
Twitter	PROPN
feed	NOUN
.	PUNCT

The	DET
move	NOUN
highlighted	VERB
the	DET
company	NOUN
's	PART
desire	NOUN
for	ADP
users	NOUN
to	PART
start	VERB
thinking	VERB
of	ADP
its	PRON
products	NOUN
as	ADP
more	ADJ
than	ADP
just	ADV
productivity	NOUN
tools	NOUN
.	PUNCT

But	CCONJ
its	PRON
latest	ADJ
effort	NOUN
into	ADP
the	DET
workplace	NOUN
chat	NOUN
game	NOUN
is	AUX
a	DET
part	NOUN
of	ADP
a	DET
larger	ADJ
trend	NOUN
from	ADP
tech	NOUN
companies	NOUN
.	PUNCT

Isner	PROPN
,	PUNCT
who	PRON
produced	VERB
some	DET
of	ADP
his	PRON
best	ADJ
tennis	NOUN
as	SCONJ
he	PRON
leveled	VERB
at	ADP
one	NUM
set	NOUN
all	DET
and	CCONJ
forced	VERB
a	DET
decider	NOUN
,	PUNCT
also	ADV
paid	VERB
his	PRON
tribute	NOUN
.	PUNCT

"	PUNCT
I	PRON
have	VERB
to	PART
congratulate	VERB
Andy	PROPN
--	PUNCT
to	PART
get	VERB
to	ADP
No.	NOUN
1	NUM
in	ADP
the	DET
world	NOUN
that	PRON
's	AUX
an	DET
incredible	ADJ
achievement	NOUN
,	PUNCT
"	PUNCT
the	DET
American	PROPN
said	VERB
.	PUNCT

"	PUNCT
Pair	NOUN
prank	VERB
their	PRON
way	NOUN
into	ADP
North	PROPN
Korean	ADJ
golf	NOUN
tournament	NOUN
,	PUNCT
"	PUNCT
read	VERB
Brisbane	PROPN
's	PART
Nine	NUM
News	NOUN
.	PUNCT

Two	NUM
Australians	PROPN
,	PUNCT
who	PRON
by	ADP
their	PRON
own	ADJ
admission	NOUN
are	AUX
terrible	ADJ
golfers	NOUN
,	PUNCT
bluffed	VERB
their	PRON
way	NOUN
into	ADP
a	DET
premier	ADJ
golf	NOUN
tournament	NOUN
in	ADP
North	PROPN
Korea	PROPN
.	PUNCT

Snowman	PROPN
would	AUX
jump	VERB
the	DET
high	ADJ
fencing	NOUN
that	PRON
separated	VERB
the	DET
two	NUM
properties	NOUN
and	CCONJ
always	ADV
return	VERB
to	ADP
where	PRON
he	PRON
felt	VERB
was	AUX
home	NOUN
.	PUNCT

He	PRON
kept	VERB
on	ADP
turning	VERB
up	ADP
at	ADP
my	PRON
barn	NOUN
and	CCONJ
I	PRON
joked	VERB
to	ADP
the	DET
guy	NOUN
that	SCONJ
clearly	ADV
he	PRON
did	AUX
n't	PART
want	VERB
to	PART
be	AUX
sold	VERB
.	PUNCT

"	PUNCT
Snowman	PROPN
did	AUX
n't	PART
think	VERB
anything	PRON
of	SCONJ
Johnny	PROPN
Carson	PROPN
getting	VERB
a	DET
step	NOUN
ladder	NOUN
and	CCONJ
sitting	VERB
back	NOUN
to	ADP
front	NOUN
on	ADP
him	PRON
,	PUNCT
"	PUNCT
he	PRON
adds	VERB
.	PUNCT

I	PRON
was	AUX
just	ADV
a	DET
boy	NOUN
with	ADP
muddy	ADJ
shoes	NOUN
.	PUNCT

There	PRON
is	VERB
no	DET
parade	NOUN
and	CCONJ
there	PRON
never	ADV
has	AUX
been	VERB
.	PUNCT

It	PRON
's	AUX
an	DET
event	NOUN
Mexico	PROPN
hopes	VERB
will	AUX
eventually	ADV
rival	VERB
the	DET
Carnival	NOUN
of	ADP
Brazil	PROPN
.	PUNCT

Alejandra	PROPN
González	PROPN
Anaya	PROPN
,	PUNCT
one	NUM
of	ADP
the	DET
parade	NOUN
's	PART
creative	ADJ
directors	NOUN
,	PUNCT
explained	VERB
to	ADP
CNN	PROPN
why	ADV
Mexico	PROPN
have	AUX
decided	VERB
now	ADV
is	AUX
the	DET
time	NOUN
to	PART
put	VERB
on	ADP
such	DET
a	DET
show	NOUN
.	PUNCT

"	PUNCT
There	PRON
are	VERB
1200	NUM
volunteers	NOUN
working	VERB
for	ADP
the	DET
parade	NOUN
alone	ADV
,	PUNCT
"	PUNCT
González	PROPN
Anaya	PROPN
says	VERB
.	PUNCT

So	ADV
it	PRON
's	AUX
wonderful	ADJ
to	PART
be	AUX
able	ADJ
to	PART
rescue	VERB
that	PRON
and	CCONJ
bring	VERB
it	PRON
to	ADP
a	DET
new	ADJ
format	NOUN
and	CCONJ
a	DET
new	ADJ
tradition	NOUN
for	ADP
Mexicans	PROPN
.	PUNCT

By	SCONJ
completing	VERB
this	DET
maglev	NOUN
line	NOUN
,	PUNCT
I	PRON
think	VERB
the	DET
government	NOUN
is	AUX
expecting	VERB
bigger	ADJ
economical	ADJ
development	NOUN
in	ADP
Japan	PROPN
.	PUNCT

An	DET
F1	PROPN
ticket	NOUN
grants	VERB
access	NOUN
to	ADP
the	DET
concert	NOUN
on	ADP
the	DET
same	ADJ
day	NOUN
.	PUNCT

The	DET
Yas	PROPN
Marina	NOUN
Circuit	NOUN
website	NOUN
has	VERB
exact	ADJ
timings	NOUN
.	PUNCT

For	ADP
anyone	PRON
who	PRON
wants	VERB
to	PART
see	VERB
the	DET
capital	NOUN
in	ADP
all	DET
its	PRON
glory	NOUN
,	PUNCT
November	PROPN
's	AUX
a	DET
great	ADJ
time	NOUN
to	PART
go	VERB
.	PUNCT

It	PRON
's	AUX
also	ADV
fuelled	VERB
the	DET
emergence	NOUN
of	ADP
modern	ADJ
high	ADJ
-	PUNCT
rises	NOUN
--	PUNCT
like	ADP
the	DET
visionary	ADJ
MahaNakhon	PROPN
,	PUNCT
Bangkok	PROPN
's	PART
tallest	ADJ
building	NOUN
.	PUNCT

Not	PART
all	DET
transformations	NOUN
in	ADP
the	DET
region	NOUN
have	AUX
been	AUX
successful	ADJ
.	PUNCT

Buried	VERB
100	NUM
meters	NOUN
(	PUNCT
328	NUM
feet	NOUN
)	PUNCT
underground	ADV
,	PUNCT
the	DET
Pyongyang	PROPN
Metro	NOUN
is	AUX
one	NUM
of	ADP
the	DET
deepest	ADJ
commuter	NOUN
systems	NOUN
in	ADP
the	DET
world	NOUN
.	PUNCT

She	PRON
spoke	VERB
to	ADP
CNN	PROPN
Style	PROPN
about	ADP
the	DET
experience	NOUN
.	PUNCT

In	ADP
Pyongyang	PROPN
I	PRON
did	AUX
see	VERB
some	DET
people	NOUN
on	ADP
their	PRON
smartphones	NOUN
,	PUNCT
but	CCONJ
far	ADV
fewer	ADJ
.	PUNCT

"	PUNCT
But	CCONJ
architecture	NOUN
can	AUX
build	VERB
a	DET
bridge	NOUN
between	ADP
the	DET
living	NOUN
and	CCONJ
the	DET
dead	ADJ
and	CCONJ
,	PUNCT
to	ADP
some	DET
extent	NOUN
,	PUNCT
blur	VERB
the	DET
boundaries	NOUN
.	PUNCT
"	PUNCT

When	ADV
people	NOUN
die	VERB
of	ADP
old	ADJ
age	NOUN
in	ADP
India	PROPN
,	PUNCT
it	PRON
is	AUX
supposed	VERB
to	PART
be	AUX
a	DET
celebration	NOUN
.	PUNCT

Designed	VERB
by	ADP
Juan	PROPN
Carlos	PROPN
Salas	PROPN
,	PUNCT
the	DET
award	NOUN
-	PUNCT
winning	VERB
building	NOUN
has	VERB
a	DET
sculptural	ADJ
appearance	NOUN
and	CCONJ
every	DET
detail	NOUN
carries	VERB
meaning	VERB
.	PUNCT

"	PUNCT
Architecture	NOUN
wo	AUX
n't	PART
help	VERB
deceased	VERB
people	NOUN
,	PUNCT
but	CCONJ
it	PRON
helps	VERB
to	PART
keep	VERB
their	PRON
memories	NOUN
alive	ADJ
among	ADP
the	DET
living	NOUN
,	PUNCT
"	PUNCT
he	PRON
says	VERB
.	PUNCT

The	DET
charter	NOUN
allowed	VERB
for	ADP
the	DET
creation	NOUN
of	ADP
a	DET
merchants	NOUN
'	PART
guild	NOUN
,	PUNCT
run	VERB
by	ADP
the	DET
town	NOUN
's	PART
burgesses	NOUN
to	PART
tax	VERB
people	NOUN
passing	VERB
through	ADP
the	DET
borough	NOUN
.	PUNCT

It	PRON
is	AUX
exceptionally	ADV
rich	ADJ
in	ADP
minerals	NOUN
,	PUNCT
containing	VERB
large	ADJ
deposits	NOUN
of	ADP
gold	NOUN
,	PUNCT
diamonds	NOUN
,	PUNCT
and	CCONJ
ores	NOUN
of	ADP
manganese	NOUN
,	PUNCT
lead	NOUN
,	PUNCT
zinc	NOUN
,	PUNCT
nickel	NOUN
,	PUNCT
cobalt	NOUN
and	CCONJ
molybdenum	NOUN
.	PUNCT

Outside	ADP
the	DET
extreme	ADJ
northwest	NOUN
,	PUNCT
the	DET
taiga	NOUN
is	AUX
dominant	ADJ
,	PUNCT
covering	VERB
a	DET
significant	ADJ
fraction	NOUN
of	ADP
the	DET
entirety	NOUN
of	ADP
Siberia	PROPN
.	PUNCT

The	DET
2019	NUM
Winter	PROPN
Universiade	NOUN
will	AUX
be	AUX
hosted	VERB
by	ADP
Krasnoyarsk	PROPN
.	PUNCT

Examples	NOUN
are	AUX
the	DET
Line	PROPN
Islands	PROPN
in	ADP
the	DET
Pacific	PROPN
and	CCONJ
the	DET
Maldives	PROPN
in	ADP
the	DET
Indian	PROPN
Ocean	PROPN
.	PUNCT

Granite	NOUN
islands	NOUN
include	VERB
Seychelles	PROPN
and	CCONJ
Tioman	PROPN
and	CCONJ
volcanic	ADJ
islands	NOUN
such	ADJ
as	ADP
Saint	PROPN
Helena	PROPN
.	PUNCT

An	DET
example	NOUN
of	ADP
a	DET
desert	NOUN
island	NOUN
would	AUX
be	AUX
the	DET
small	ADJ
islands	NOUN
off	ADP
the	DET
coast	NOUN
of	ADP
Baja	PROPN
California	PROPN
,	PUNCT
Mexico	PROPN
.	PUNCT

The	DET
Greek	ADJ
city	NOUN
-	PUNCT
state	NOUN
of	ADP
Athens	PROPN
in	ADP
the	DET
5th	ADJ
century	NOUN
BC	NOUN
,	PUNCT
which	PRON
was	AUX
dependent	ADJ
on	ADP
grain	NOUN
imports	NOUN
from	ADP
Scythia	PROPN
,	PUNCT
maintained	VERB
critical	ADJ
alliances	NOUN
with	ADP
cities	NOUN
which	PRON
controlled	VERB
the	DET
straits	NOUN
,	PUNCT
such	ADJ
as	ADP
the	DET
Megarian	ADJ
colony	NOUN
Byzantium	PROPN
.	PUNCT

Darius	PROPN
's	PART
highly	ADV
regarded	VERB
commander	NOUN
Megabazus	PROPN
was	AUX
responsible	ADJ
to	PART
fulfill	VERB
the	DET
conquers	NOUN
in	ADP
the	DET
Balkans	PROPN
.	PUNCT

The	DET
Achaemenid	ADJ
troops	NOUN
conquered	VERB
Thrace	PROPN
,	PUNCT
the	DET
coastal	ADJ
Greek	ADJ
cities	NOUN
,	PUNCT
and	CCONJ
the	DET
Paeonians	PROPN
.	PUNCT

Eventually	ADV
,	PUNCT
in	ADP
about	ADV
512	NUM
-	SYM
511	NUM
BC	NOUN
,	PUNCT
the	DET
Macedonian	ADJ
king	NOUN
Amyntas	PROPN
I	NUM
accepted	VERB
the	DET
Achaemenid	ADJ
domination	NOUN
and	CCONJ
surrendered	VERB
his	PRON
country	NOUN
as	ADP
a	DET
vassal	NOUN
state	NOUN
to	ADP
the	DET
Achaemenid	ADJ
Persia	PROPN
.	PUNCT

The	DET
multi-ethnic	ADJ
Achaemenid	ADJ
army	NOUN
possessed	VERB
many	ADJ
soldiers	NOUN
from	ADP
the	DET
Balkans	PROPN
.	PUNCT

Moreover	ADV
,	PUNCT
many	ADJ
of	ADP
the	DET
Macedonian	ADJ
and	CCONJ
Persian	ADJ
elite	NOUN
intermarried	VERB
.	PUNCT

In	ADP
1912	NUM
was	AUX
founded	VERB
the	DET
first	ADJ
film	NOUN
company	NOUN
(	PUNCT
Athina	PROPN
Film	PROPN
)	PUNCT
and	CCONJ
in	ADP
1916	NUM
the	DET
Asty	PROPN
Film	PROPN
.	PUNCT

In	ADP
2007	NUM
the	DET
most	ADV
successful	ADJ
film	NOUN
was	AUX
El	PROPN
Greco	PROPN
,	PUNCT
directed	VERB
by	ADP
Yannis	PROPN
Smaragdis	PROPN
.	PUNCT

In	ADP
July	PROPN
1918	NUM
,	PUNCT
the	DET
Franco	PROPN
-	PUNCT
Monegasque	PROPN
Treaty	NOUN
was	AUX
signed	VERB
,	PUNCT
providing	VERB
for	ADP
limited	ADJ
French	ADJ
protection	NOUN
over	ADP
Monaco	PROPN
.	PUNCT

The	DET
executive	ADJ
branch	NOUN
consists	VERB
of	ADP
a	DET
Minister	NOUN
of	ADP
State	NOUN
as	ADP
the	DET
head	NOUN
of	ADP
government	NOUN
,	PUNCT
who	PRON
presides	VERB
over	ADP
a	DET
five	ADJ
-	PUNCT
member	NOUN
Council	NOUN
of	ADP
Government	NOUN
.	PUNCT

Its	PRON
police	NOUN
includes	VERB
a	DET
special	ADJ
unit	NOUN
which	PRON
operates	VERB
patrol	NOUN
and	CCONJ
surveillance	NOUN
boats	NOUN
.	PUNCT

Current	ADJ
land	NOUN
reclamation	NOUN
projects	NOUN
include	VERB
extending	VERB
the	DET
district	NOUN
of	ADP
Fontvieille	PROPN
.	PUNCT

However	ADV
,	PUNCT
there	PRON
are	VERB
important	ADJ
differences	NOUN
in	ADP
law	NOUN
and	CCONJ
procedure	NOUN
between	ADP
Northern	ADJ
Ireland	PROPN
and	CCONJ
England	PROPN
and	CCONJ
Wales	PROPN
.	PUNCT

The	DET
Bergeron	PROPN
classification	NOUN
is	AUX
the	DET
most	ADV
widely	ADV
accepted	VERB
form	NOUN
of	ADP
air	NOUN
mass	NOUN
classification	NOUN
.	PUNCT

While	SCONJ
air	NOUN
mass	NOUN
identification	NOUN
was	AUX
originally	ADV
used	VERB
in	ADP
weather	NOUN
forecasting	NOUN
during	ADP
the	DET
1950s	NOUN
,	PUNCT
climatologists	NOUN
began	VERB
to	PART
establish	VERB
synoptic	ADJ
climatologies	NOUN
based	VERB
on	ADP
this	DET
idea	NOUN
in	ADP
1973	NUM
.	PUNCT

A	DET
monsoon	NOUN
is	AUX
a	DET
seasonal	ADJ
prevailing	VERB
wind	NOUN
which	PRON
lasts	VERB
for	ADP
several	ADJ
months	NOUN
,	PUNCT
ushering	VERB
in	ADP
a	DET
region	NOUN
's	PART
rainy	ADJ
season	NOUN
.	PUNCT

A	DET
variety	NOUN
of	ADP
Germanic	ADJ
and	CCONJ
major	ADJ
Slavic	ADJ
tribes	NOUN
crossed	VERB
through	ADP
Moravia	PROPN
during	ADP
the	DET
Migration	NOUN
Period	PROPN
before	SCONJ
Slavs	PROPN
established	VERB
themselves	PRON
in	ADP
the	DET
6th	ADJ
century	NOUN
AD	NOUN
.	PUNCT

At	ADP
the	DET
end	NOUN
of	ADP
the	DET
8th	ADJ
century	NOUN
,	PUNCT
the	DET
Moravian	ADJ
Principality	PROPN
came	VERB
into	ADP
being	NOUN
in	ADP
present	ADJ
-	PUNCT
day	ADJ
south	ADJ
-	PUNCT
eastern	ADJ
Moravia	PROPN
,	PUNCT
Záhorie	PROPN
in	ADP
south	ADJ
-	PUNCT
western	ADJ
Slovakia	PROPN
and	CCONJ
parts	NOUN
of	ADP
Lower	ADJ
Austria	PROPN
.	PUNCT

In	ADP
833	NUM
AD	NOUN
,	PUNCT
this	PRON
became	VERB
the	DET
state	NOUN
of	ADP
Great	ADJ
Moravia	PROPN
with	ADP
the	DET
conquest	NOUN
of	ADP
the	DET
Principality	PROPN
of	ADP
Nitra	PROPN
(	PUNCT
present	ADJ
-	PUNCT
day	NOUN
Slovakia	PROPN
)	PUNCT
.	PUNCT

Their	PRON
first	ADJ
king	NOUN
was	AUX
Mojmír	PROPN
I	NUM
(	PUNCT
ruled	VERB
830	NUM
–	ADP
846	NUM
)	PUNCT
.	PUNCT

Louis	PROPN
the	DET
German	PROPN
invaded	VERB
Moravia	PROPN
and	CCONJ
replaced	VERB
Mojmír	PROPN
I	NUM
with	ADP
his	PRON
nephew	NOUN
Rastiz	PROPN
who	PRON
became	VERB
St.	PROPN
Rastislav	PROPN
.	PUNCT

In	ADP
addition	NOUN
,	PUNCT
statute	NOUN
determines	VERB
the	DET
election	NOUN
of	ADP
assembly	NOUN
of	ADP
regions	NOUN
,	PUNCT
and	CCONJ
metropolitan	ADJ
districts	NOUN
.	PUNCT

Although	SCONJ
Iceland	PROPN
was	AUX
under	ADP
the	DET
political	ADJ
control	NOUN
of	ADP
Denmark	PROPN
until	ADP
a	DET
much	ADV
later	ADJ
date	NOUN
(	PUNCT
1918	NUM
)	PUNCT
,	PUNCT
very	ADV
little	ADJ
influence	NOUN
and	CCONJ
borrowing	NOUN
from	ADP
Danish	PROPN
has	AUX
occurred	VERB
in	ADP
the	DET
Icelandic	ADJ
language	NOUN
.	PUNCT

There	PRON
are	VERB
also	ADV
languages	NOUN
derived	VERB
from	ADP
Finnish	PROPN
,	PUNCT
having	AUX
evolved	VERB
separately	ADV
,	PUNCT
known	VERB
as	ADP
Meänkieli	PROPN
in	ADP
Sweden	PROPN
and	CCONJ
Kven	PROPN
in	ADP
Norway	PROPN
.	PUNCT

Consonant	NOUN
gradation	NOUN
is	AUX
a	DET
feature	NOUN
in	ADP
both	CCONJ
Finnish	PROPN
and	CCONJ
northern	ADJ
Sami	PROPN
dialects	NOUN
,	PUNCT
but	CCONJ
it	PRON
is	AUX
not	PART
present	ADJ
in	ADP
south	ADJ
Sami	PROPN
,	PUNCT
which	PRON
is	AUX
considered	VERB
to	PART
have	VERB
a	DET
different	ADJ
language	NOUN
history	NOUN
.	PUNCT

The	DET
northern	ADJ
portion	NOUN
of	ADP
the	DET
Caucasus	PROPN
is	AUX
known	VERB
as	ADP
the	DET
Ciscaucasus	PROPN
and	CCONJ
the	DET
southern	ADJ
portion	NOUN
as	ADP
the	DET
Transcaucasus	PROPN
.	PUNCT

The	DET
atmosphere	NOUN
is	AUX
a	DET
chaotic	ADJ
system	NOUN
,	PUNCT
so	ADV
small	ADJ
changes	NOUN
to	ADP
one	NUM
part	NOUN
of	ADP
the	DET
system	NOUN
can	AUX
grow	VERB
to	PART
have	VERB
large	ADJ
effects	NOUN
on	ADP
the	DET
system	NOUN
as	ADP
a	DET
whole	NOUN
.	PUNCT

During	ADP
rains	NOUN
precipitation	NOUN
,	PUNCT
the	DET
water	NOUN
droplets	NOUN
absorb	VERB
and	CCONJ
dissolve	VERB
carbon	NOUN
dioxide	NOUN
from	ADP
the	DET
surrounding	VERB
air	NOUN
.	PUNCT

A	DET
recent	ADJ
example	NOUN
of	ADP
weather	NOUN
control	NOUN
was	AUX
China	PROPN
's	PART
preparation	NOUN
for	ADP
the	DET
2008	NUM
Summer	PROPN
Olympic	NOUN
Games	NOUN
.	PUNCT

Shaped	VERB
by	ADP
global	ADJ
plate	NOUN
tectonic	ADJ
forces	NOUN
that	PRON
have	AUX
created	VERB
the	DET
East	PROPN
African	ADJ
Rift	PROPN
,	PUNCT
East	PROPN
Africa	PROPN
is	AUX
the	DET
site	NOUN
of	ADP
Mount	PROPN
Kilimanjaro	PROPN
and	CCONJ
Mount	PROPN
Kenya	PROPN
,	PUNCT
the	DET
two	NUM
tallest	ADJ
peaks	NOUN
in	ADP
Africa	PROPN
.	PUNCT

The	DET
latter	NOUN
also	ADV
spread	VERB
Islam	PROPN
to	ADP
the	DET
coastal	ADJ
belt	NOUN
,	PUNCT
but	CCONJ
most	ADJ
Bantu	PROPN
never	ADV
had	VERB
contact	NOUN
with	ADP
Islam	PROPN
and	CCONJ
remained	VERB
African	ADJ
Traditional	ADJ
Religion	NOUN
adherents	NOUN
.	PUNCT

France	PROPN
integrated	VERB
the	DET
economy	NOUN
of	ADP
Cameroun	PROPN
with	ADP
that	PRON
of	ADP
France	PROPN
and	CCONJ
improved	VERB
the	DET
infrastructure	NOUN
with	ADP
capital	NOUN
investments	NOUN
and	CCONJ
skilled	ADJ
workers	NOUN
,	PUNCT
modifying	VERB
the	DET
system	NOUN
of	ADP
forced	VERB
labour	NOUN
.	PUNCT

On	ADP
1	NUM
October	PROPN
1961	NUM
,	PUNCT
the	DET
formerly	ADV
British	ADJ
Southern	ADJ
Cameroons	PROPN
united	VERB
with	ADP
French	ADJ
Cameroun	PROPN
to	PART
form	VERB
the	DET
Federal	ADJ
Republic	NOUN
of	ADP
Cameroon	PROPN
.	PUNCT

Department	PROPN
of	ADP
Labor	PROPN
Findings	NOUN
on	ADP
the	DET
Worst	ADJ
Forms	NOUN
of	ADP
Child	PROPN
Labor	PROPN
reported	VERB
that	SCONJ
56	NUM
%	SYM
of	ADP
children	NOUN
aged	VERB
5	NUM
to	ADP
14	NUM
were	AUX
working	VERB
children	NOUN
and	CCONJ
that	SCONJ
almost	ADV
53	NUM
%	SYM
of	ADP
children	NOUN
aged	ADJ
7	NUM
to	ADP
14	NUM
combined	VERB
work	NOUN
and	CCONJ
school	NOUN
.	PUNCT

The	DET
Sahel	PROPN
's	PART
climate	NOUN
is	AUX
similar	ADJ
to	ADP
,	PUNCT
but	CCONJ
less	ADV
extreme	ADJ
than	ADP
,	PUNCT
the	DET
climate	NOUN
of	ADP
the	DET
Sahara	PROPN
desert	NOUN
located	VERB
just	ADV
to	ADP
the	DET
north	NOUN
.	PUNCT

In	ADP
June	PROPN
to	ADP
August	PROPN
2010	NUM
famine	NOUN
struck	VERB
the	DET
Sahel	PROPN
.	PUNCT

Several	ADJ
ancient	ADJ
civilisations	NOUN
were	AUX
located	VERB
around	ADP
the	DET
Mediterranean	ADJ
shores	NOUN
,	PUNCT
and	CCONJ
were	AUX
greatly	ADV
influenced	VERB
by	ADP
their	PRON
proximity	NOUN
to	ADP
the	DET
sea	NOUN
.	PUNCT

It	PRON
provided	VERB
routes	NOUN
for	ADP
trade	NOUN
,	PUNCT
colonisation	NOUN
,	PUNCT
and	CCONJ
war	NOUN
,	PUNCT
as	ADV
well	ADV
as	ADP
food	NOUN
(	PUNCT
from	ADP
fishing	NOUN
and	CCONJ
the	DET
gathering	NOUN
of	ADP
other	ADJ
seafood	NOUN
)	PUNCT
for	ADP
numerous	ADJ
communities	NOUN
throughout	ADP
the	DET
ages	NOUN
.	PUNCT

Due	ADJ
to	ADP
the	DET
shared	VERB
climate	NOUN
,	PUNCT
geology	NOUN
,	PUNCT
and	CCONJ
access	NOUN
to	ADP
the	DET
sea	NOUN
,	PUNCT
cultures	NOUN
centered	VERB
on	ADP
the	DET
Mediterranean	PROPN
tended	VERB
to	PART
have	VERB
some	DET
extent	NOUN
of	ADP
intertwined	VERB
culture	NOUN
and	CCONJ
history	NOUN
.	PUNCT

Two	NUM
of	ADP
the	DET
most	ADV
notable	ADJ
Mediterranean	ADJ
civilisations	NOUN
in	ADP
classical	ADJ
antiquity	NOUN
were	AUX
the	DET
Greek	ADJ
city	NOUN
states	NOUN
and	CCONJ
the	DET
Phoenicians	PROPN
,	PUNCT
both	DET
of	ADP
which	PRON
extensively	ADV
colonised	VERB
the	DET
coastlines	NOUN
of	ADP
the	DET
Mediterranean	PROPN
.	PUNCT

Later	ADV
,	PUNCT
when	ADV
Augustus	PROPN
founded	VERB
the	DET
Roman	ADJ
Empire	PROPN
,	PUNCT
the	DET
Romans	PROPN
referred	VERB
to	ADP
the	DET
Mediterranean	PROPN
as	ADP
Mare	X
Nostrum	X
(	PUNCT
"	PUNCT
Our	PRON
Sea	NOUN
"	PUNCT
)	PUNCT
.	PUNCT

The	DET
Blindleia	PROPN
is	AUX
a	DET
skerry	NOUN
-	PUNCT
protected	ADJ
waterway	NOUN
that	PRON
starts	VERB
near	ADP
Kristiansand	PROPN
in	ADP
southern	ADJ
Norway	PROPN
,	PUNCT
and	CCONJ
continues	VERB
past	ADP
Lillesand	PROPN
.	PUNCT

In	ADP
Danish	PROPN
,	PUNCT
the	DET
word	NOUN
may	AUX
even	ADV
apply	VERB
to	ADP
shallow	ADJ
lagoons	NOUN
.	PUNCT

Like	ADP
fjords	NOUN
,	PUNCT
freshwater	NOUN
lakes	NOUN
are	AUX
often	ADV
deep	ADJ
.	PUNCT

Alcoholic	ADJ
drinks	NOUN
like	ADP
beer	NOUN
,	PUNCT
mead	NOUN
,	PUNCT
bjórr	NOUN
(	PUNCT
a	DET
strong	ADJ
fruit	NOUN
wine	NOUN
)	PUNCT
and	CCONJ
,	PUNCT
for	ADP
the	DET
rich	ADJ
,	PUNCT
imported	VERB
wine	NOUN
,	PUNCT
were	AUX
served	VERB
.	PUNCT

Whatever	DET
the	DET
rules	NOUN
were	AUX
,	PUNCT
the	DET
fights	NOUN
often	ADV
resulted	VERB
in	ADP
the	DET
death	NOUN
of	ADP
one	NUM
of	ADP
the	DET
stallions	NOUN
.	PUNCT

The	DET
Schlei	PROPN
and	CCONJ
the	DET
wetlands	NOUN
between	ADP
the	DET
Danevirke	PROPN
and	CCONJ
Husum	PROPN
had	AUX
frozen	VERB
solid	ADJ
in	ADP
a	DET
hard	ADJ
winter	NOUN
,	PUNCT
and	CCONJ
the	DET
territory	NOUN
immediately	ADV
south	ADJ
of	ADP
the	DET
Danevirke	PROPN
had	AUX
been	AUX
conquered	VERB
by	ADP
the	DET
advancing	VERB
German	ADJ
army	NOUN
.	PUNCT

This	DET
retreat	NOUN
came	VERB
as	ADP
a	DET
surprise	NOUN
to	ADP
the	DET
Austro	ADJ
-	PUNCT
Prussian	ADJ
army	NOUN
,	PUNCT
and	CCONJ
almost	ADV
all	DET
of	ADP
the	DET
Danish	ADJ
army	NOUN
succeeded	VERB
in	SCONJ
completing	VERB
the	DET
evacuation	NOUN
.	PUNCT

It	PRON
resulted	VERB
,	PUNCT
however	ADV
,	PUNCT
in	ADP
the	DET
abandonment	NOUN
of	ADP
important	ADJ
pieces	NOUN
of	ADP
heavy	ADJ
artillery	NOUN
,	PUNCT
and	CCONJ
it	PRON
remains	VERB
a	DET
matter	NOUN
of	ADP
historical	ADJ
debate	NOUN
why	ADV
the	DET
railway	NOUN
to	ADP
Flensburg	PROPN
was	AUX
never	ADV
properly	ADV
used	VERB
for	ADP
the	DET
evacuation	NOUN
.	PUNCT

News	NOUN
of	ADP
the	DET
retreat	NOUN
came	VERB
as	ADP
a	DET
great	ADJ
shock	NOUN
to	ADP
Danish	ADJ
public	ADJ
opinion	NOUN
which	PRON
had	AUX
considered	VERB
the	DET
Danevirke	PROPN
to	PART
be	AUX
impregnable	ADJ
,	PUNCT
and	CCONJ
General	NOUN
de	PROPN
Meza	PROPN
was	AUX
promptly	ADV
relieved	ADJ
of	ADP
his	PRON
command	NOUN
.	PUNCT

The	DET
Danevirke	PROPN
has	AUX
remained	VERB
in	ADP
German	ADJ
possession	NOUN
ever	ADV
since	ADV
.	PUNCT

The	DET
amount	NOUN
of	ADP
goods	NOUN
transported	VERB
on	ADP
the	DET
Danube	PROPN
increased	VERB
to	ADP
about	ADV
100	NUM
million	NUM
tons	NOUN
in	ADP
1987	NUM
.	PUNCT

The	DET
greater	ADJ
part	NOUN
of	ADP
the	DET
Danube	PROPN
Delta	NOUN
lies	VERB
in	ADP
Romania	PROPN
(	PUNCT
Tulcea	PROPN
county	NOUN
)	PUNCT
,	PUNCT
while	SCONJ
its	PRON
northern	ADJ
part	NOUN
,	PUNCT
on	ADP
the	DET
left	ADJ
bank	NOUN
of	ADP
the	DET
Chilia	PROPN
arm	NOUN
,	PUNCT
is	AUX
situated	VERB
in	ADP
Ukraine	PROPN
(	PUNCT
Odessa	PROPN
Oblast	PROPN
)	PUNCT
.	PUNCT

The	DET
climate	NOUN
is	AUX
so	ADV
dry	ADJ
that	SCONJ
these	DET
plains	NOUN
are	AUX
sometimes	ADV
thought	VERB
of	ADP
as	ADP
part	NOUN
of	ADP
the	DET
Sahara	PROPN
.	PUNCT

It	PRON
differs	VERB
from	ADP
the	DET
western	ADJ
portion	NOUN
of	ADP
the	DET
country	NOUN
in	SCONJ
that	SCONJ
its	PRON
prominent	ADJ
topographic	ADJ
features	NOUN
do	AUX
not	PART
parallel	VERB
the	DET
coast	NOUN
.	PUNCT

Northern	ADJ
Algeria	PROPN
is	AUX
in	ADP
the	DET
temperate	ADJ
zone	NOUN
and	CCONJ
enjoys	VERB
a	DET
mild	ADJ
,	PUNCT
Mediterranean	ADJ
climate	NOUN
.	PUNCT

The	DET
first	ADJ
and	CCONJ
foremost	ADJ
was	AUX
the	DET
Ohio	PROPN
River	NOUN
,	PUNCT
which	PRON
flowed	VERB
into	ADP
the	DET
Mississippi	PROPN
River	NOUN
.	PUNCT

At	ADP
the	DET
heart	NOUN
of	ADP
the	DET
conflict	NOUN
was	AUX
the	DET
question	NOUN
of	SCONJ
whether	SCONJ
Kansas	PROPN
would	AUX
enter	VERB
the	DET
Union	PROPN
as	ADP
a	DET
free	ADJ
state	NOUN
or	CCONJ
slave	NOUN
state	NOUN
.	PUNCT

National	ADJ
reaction	NOUN
to	ADP
the	DET
events	NOUN
in	ADP
Kansas	PROPN
demonstrated	VERB
how	ADV
deeply	ADV
divided	ADJ
the	DET
country	NOUN
had	AUX
become	VERB
.	PUNCT

In	ADP
color	NOUN
,	PUNCT
the	DET
leaves	NOUN
show	VERB
a	DET
great	ADJ
variety	NOUN
of	ADP
greens	NOUN
,	PUNCT
ranging	VERB
from	ADP
yellowish	ADJ
to	ADP
bluish	ADJ
.	PUNCT

Native	ADJ
Americans	PROPN
across	ADP
the	DET
Americas	PROPN
relied	VERB
on	ADP
it	PRON
as	ADP
a	DET
staple	NOUN
of	ADP
their	PRON
medical	ADJ
treatments	NOUN
.	PUNCT

Christian	ADJ
churches	NOUN
in	ADP
northwestern	ADJ
Europe	PROPN
and	CCONJ
Ukraine	PROPN
often	ADV
used	VERB
willow	NOUN
branches	NOUN
in	ADP
place	NOUN
of	ADP
palms	NOUN
in	ADP
the	DET
ceremonies	NOUN
on	ADP
Palm	NOUN
Sunday	PROPN
.	PUNCT

The	DET
Alps	PROPN
provide	VERB
lowland	NOUN
Europe	PROPN
with	ADP
drinking	NOUN
water	NOUN
,	PUNCT
irrigation	NOUN
,	PUNCT
and	CCONJ
hydroelectric	ADJ
power	NOUN
.	PUNCT

Although	SCONJ
the	DET
area	NOUN
is	AUX
only	ADV
about	ADV
11	NUM
percent	NOUN
of	ADP
the	DET
surface	NOUN
area	NOUN
of	ADP
Europe	PROPN
,	PUNCT
the	DET
Alps	PROPN
provide	VERB
up	ADP
to	ADP
90	NUM
percent	NOUN
of	ADP
water	NOUN
to	ADP
lowland	NOUN
Europe	PROPN
,	PUNCT
particularly	ADV
to	ADP
arid	ADJ
areas	NOUN
and	CCONJ
during	ADP
the	DET
summer	NOUN
months	NOUN
.	PUNCT

Cities	NOUN
such	ADJ
as	ADP
Milan	PROPN
depend	VERB
on	ADP
80	NUM
percent	NOUN
of	ADP
water	NOUN
from	ADP
Alpine	ADJ
runoff	NOUN
.	PUNCT

Water	NOUN
from	ADP
the	DET
rivers	NOUN
is	AUX
used	VERB
in	ADP
over	ADV
500	NUM
hydroelectricity	NOUN
power	NOUN
plants	NOUN
,	PUNCT
generating	VERB
as	ADV
much	ADJ
as	ADP
2900	NUM
kilowatts	NOUN
of	ADP
electricity	NOUN
.	PUNCT

Major	ADJ
European	ADJ
rivers	NOUN
flow	VERB
from	ADP
Switzerland	PROPN
,	PUNCT
such	ADJ
as	ADP
the	DET
Rhine	PROPN
,	PUNCT
the	DET
Rhône	PROPN
,	PUNCT
the	DET
Inn	PROPN
,	PUNCT
the	DET
Ticino	PROPN
and	CCONJ
the	DET
Po	PROPN
,	PUNCT
all	DET
of	ADP
which	PRON
have	VERB
headwaters	NOUN
in	ADP
the	DET
Alps	PROPN
and	CCONJ
flow	VERB
into	ADP
neighbouring	VERB
countries	NOUN
,	PUNCT
finally	ADV
emptying	VERB
into	ADP
the	DET
North	PROPN
Sea	PROPN
,	PUNCT
the	DET
Mediterranean	PROPN
Sea	PROPN
,	PUNCT
the	DET
Adriatic	PROPN
Sea	PROPN
and	CCONJ
the	DET
Black	PROPN
Sea	PROPN
.	PUNCT

The	DET
study	NOUN
of	ADP
volcanoes	NOUN
is	AUX
called	VERB
volcanology	NOUN
,	PUNCT
sometimes	ADV
spelled	VERB
vulcanology	NOUN
.	PUNCT

This	DET
magma	NOUN
tends	VERB
to	PART
be	AUX
very	ADV
viscous	ADJ
due	ADJ
to	ADP
its	PRON
high	ADJ
silica	NOUN
content	NOUN
,	PUNCT
so	ADV
it	PRON
often	ADV
does	AUX
not	PART
reach	VERB
the	DET
surface	NOUN
but	CCONJ
cools	VERB
at	ADP
depth	NOUN
.	PUNCT

They	PRON
generally	ADV
do	AUX
not	PART
explode	VERB
catastrophically	ADV
.	PUNCT

Global	ADJ
warming	NOUN
has	AUX
caused	VERB
a	DET
change	NOUN
in	ADP
the	DET
pattern	NOUN
of	ADP
the	DET
rainy	ADJ
seasons	NOUN
.	PUNCT

It	PRON
contains	VERB
a	DET
tiny	ADJ
lagoon	NOUN
,	PUNCT
which	PRON
has	AUX
all	ADV
but	ADV
dried	VERB
up	ADP
.	PUNCT

It	PRON
was	AUX
declared	VERB
a	DET
wildlife	NOUN
sanctuary	NOUN
in	ADP
1975	NUM
.	PUNCT

Investigation	NOUN
and	CCONJ
expeditions	NOUN
to	ADP
the	DET
island	NOUN
continue	VERB
.	PUNCT

Such	ADJ
settlements	NOUN
probably	ADV
began	VERB
around	ADV
1000	NUM
BC	NOUN
,	PUNCT
when	ADV
eastern	ADJ
Melanesians	PROPN
travelled	VERB
north	ADV
.	PUNCT

During	ADP
the	DET
family	NOUN
's	PART
years	NOUN
in	ADP
Kentucky	PROPN
and	CCONJ
Indiana	PROPN
,	PUNCT
Thomas	PROPN
Lincoln	PROPN
worked	VERB
as	ADP
a	DET
farmer	NOUN
,	PUNCT
cabinetmaker	NOUN
,	PUNCT
and	CCONJ
carpenter	NOUN
.	PUNCT

Habitat	NOUN
destruction	NOUN
vastly	ADV
increases	VERB
an	DET
area	NOUN
's	PART
vulnerability	NOUN
to	ADP
natural	ADJ
disasters	NOUN
like	ADP
flood	NOUN
and	CCONJ
drought	NOUN
,	PUNCT
crop	NOUN
failure	NOUN
,	PUNCT
spread	NOUN
of	ADP
disease	NOUN
,	PUNCT
and	CCONJ
water	NOUN
contamination	NOUN
.	PUNCT

On	ADP
the	DET
other	ADJ
hand	NOUN
,	PUNCT
a	DET
healthy	ADJ
ecosystem	NOUN
with	ADP
good	ADJ
management	NOUN
practices	NOUN
will	AUX
reduce	VERB
the	DET
chance	NOUN
of	SCONJ
these	DET
events	NOUN
happening	VERB
,	PUNCT
or	CCONJ
will	AUX
at	ADP
least	ADJ
mitigate	VERB
adverse	ADJ
impacts	NOUN
.	PUNCT

Agricultural	ADJ
land	NOUN
can	AUX
actually	ADV
suffer	VERB
from	ADP
the	DET
destruction	NOUN
of	ADP
the	DET
surrounding	ADJ
landscape	NOUN
.	PUNCT

Over	ADP
the	DET
past	ADJ
50	NUM
years	NOUN
,	PUNCT
the	DET
destruction	NOUN
of	ADP
habitat	NOUN
surrounding	VERB
agricultural	ADJ
land	NOUN
has	AUX
degraded	VERB
approximately	ADV
40	NUM
%	SYM
of	ADP
agricultural	ADJ
land	NOUN
worldwide	ADV
via	ADP
erosion	NOUN
,	PUNCT
salinization	NOUN
,	PUNCT
compaction	NOUN
,	PUNCT
nutrient	NOUN
depletion	NOUN
,	PUNCT
pollution	NOUN
,	PUNCT
and	CCONJ
urbanization	NOUN
.	PUNCT

Humans	NOUN
also	ADV
lose	VERB
direct	ADJ
uses	NOUN
of	ADP
natural	ADJ
habitat	NOUN
when	ADV
habitat	NOUN
is	AUX
destroyed	VERB
.	PUNCT

Papua	PROPN
New	ADJ
Guinea	PROPN
is	AUX
often	ADV
labelled	VERB
as	ADP
potentially	ADV
the	DET
worst	ADJ
place	NOUN
in	ADP
the	DET
world	NOUN
for	ADP
gender	NOUN
violence	NOUN
.	PUNCT

These	DET
plant	NOUN
families	NOUN
are	AUX
still	ADV
present	ADJ
in	ADP
Papua	PROPN
New	ADJ
Guinea	PROPN
.	PUNCT

North	PROPN
America	PROPN
and	CCONJ
South	PROPN
America	PROPN
are	AUX
treated	VERB
as	ADP
separate	ADJ
continents	NOUN
in	ADP
the	DET
seven	NUM
-	PUNCT
continent	NOUN
model	NOUN
.	PUNCT

Christopher	PROPN
Columbus	PROPN
sailed	VERB
across	ADP
the	DET
Atlantic	ADJ
Ocean	PROPN
to	ADP
the	DET
West	PROPN
Indies	PROPN
in	ADP
1492	NUM
,	PUNCT
sparking	VERB
a	DET
period	NOUN
of	ADP
European	ADJ
exploration	NOUN
of	ADP
the	DET
Americas	PROPN
.	PUNCT

These	PRON
are	AUX
not	PART
very	ADV
popular	ADJ
due	ADJ
to	ADP
the	DET
often	ADV
remote	ADJ
and	CCONJ
roadless	ADJ
locations	NOUN
.	PUNCT

Various	ADJ
private	ADJ
interests	NOUN
own	VERB
the	DET
remaining	VERB
land	NOUN
,	PUNCT
totaling	VERB
about	ADV
one	NUM
percent	NOUN
of	ADP
the	DET
state	NOUN
.	PUNCT

This	PRON
is	AUX
also	ADV
the	DET
only	ADJ
region	NOUN
in	ADP
Alaska	PROPN
in	ADP
which	PRON
the	DET
average	ADJ
daytime	ADJ
high	ADJ
temperature	NOUN
is	AUX
above	ADP
freezing	VERB
during	ADP
the	DET
winter	NOUN
months	NOUN
.	PUNCT

Numerous	ADJ
indigenous	ADJ
peoples	NOUN
occupied	VERB
Alaska	PROPN
for	ADP
thousands	NOUN
of	ADP
years	NOUN
before	ADP
the	DET
arrival	NOUN
of	ADP
European	ADJ
peoples	NOUN
to	ADP
the	DET
area	NOUN
.	PUNCT

It	PRON
was	AUX
here	ADV
they	PRON
stole	VERB
a	DET
small	ADJ
canoe	NOUN
left	VERB
by	ADP
the	DET
Australian	ADJ
Aborigines	PROPN
of	ADP
the	DET
region	NOUN
.	PUNCT

As	SCONJ
Brisbane	PROPN
grew	VERB
,	PUNCT
the	DET
condition	NOUN
of	ADP
the	DET
river	NOUN
worsened	VERB
until	SCONJ
at	ADP
its	PRON
worst	ADJ
it	PRON
was	AUX
no	DET
more	ADJ
than	ADP
an	DET
open	ADJ
sewer	NOUN
and	CCONJ
waste	NOUN
dump	NOUN
.	PUNCT

1987	NUM
was	AUX
proclaimed	VERB
the	DET
"	PUNCT
Year	NOUN
of	ADP
the	DET
River	NOUN
"	PUNCT
by	ADP
the	DET
Lord	NOUN
Mayor	NOUN
of	ADP
Brisbane	PROPN
at	ADP
the	DET
time	NOUN
,	PUNCT
Sallyanne	PROPN
Atkinson	PROPN
.	PUNCT

Sand	NOUN
and	CCONJ
dust	NOUN
storms	NOUN
are	AUX
natural	ADJ
events	NOUN
that	PRON
occur	VERB
in	ADP
arid	ADJ
regions	NOUN
where	ADV
the	DET
land	NOUN
is	AUX
not	PART
protected	VERB
by	ADP
a	DET
covering	NOUN
of	ADP
vegetation	NOUN
.	PUNCT

Dust	NOUN
storms	NOUN
usually	ADV
start	VERB
in	ADP
desert	NOUN
margins	NOUN
rather	ADV
than	ADP
the	DET
deserts	NOUN
themselves	PRON
where	ADV
the	DET
finer	ADJ
materials	NOUN
have	AUX
already	ADV
been	AUX
blown	VERB
away	ADV
.	PUNCT

As	SCONJ
a	DET
steady	ADJ
wind	NOUN
begins	VERB
to	PART
blow	VERB
,	PUNCT
fine	ADJ
particles	NOUN
lying	VERB
on	ADP
the	DET
exposed	VERB
ground	NOUN
begin	VERB
to	PART
vibrate	VERB
.	PUNCT

At	ADP
greater	ADJ
wind	NOUN
speeds	NOUN
,	PUNCT
some	DET
particles	NOUN
are	AUX
lifted	VERB
into	ADP
the	DET
air	NOUN
stream	NOUN
.	PUNCT

When	ADV
they	PRON
land	VERB
,	PUNCT
they	PRON
strike	VERB
other	ADJ
particles	NOUN
which	PRON
may	AUX
be	AUX
jerked	VERB
into	ADP
the	DET
air	NOUN
in	ADP
their	PRON
turn	NOUN
,	PUNCT
starting	VERB
a	DET
chain	NOUN
reaction	NOUN
.	PUNCT

However	ADV
,	PUNCT
in	ADP
Thailand	PROPN
,	PUNCT
urbanization	NOUN
has	AUX
also	ADV
resulted	VERB
in	ADP
massive	ADJ
increases	NOUN
in	ADP
problems	NOUN
such	ADJ
as	ADP
obesity	NOUN
.	PUNCT

Thunderstorms	NOUN
are	AUX
rare	ADJ
,	PUNCT
as	SCONJ
the	DET
city	NOUN
reports	VERB
thunder	NOUN
on	ADP
just	ADV
seven	NUM
days	NOUN
per	ADP
year	NOUN
.	PUNCT

By	ADP
1340	NUM
,	PUNCT
Cairo	PROPN
had	VERB
a	DET
population	NOUN
of	ADP
close	ADJ
to	ADP
half	DET
a	DET
million	NUM
,	PUNCT
making	VERB
it	PRON
the	DET
largest	ADJ
city	NOUN
west	ADJ
of	ADP
China	PROPN
.	PUNCT

Meanwhile	ADV
,	PUNCT
additional	ADJ
controls	NOUN
of	ADP
the	DET
Nile	PROPN
fostered	VERB
development	NOUN
within	ADP
Gezira	PROPN
Island	PROPN
and	CCONJ
along	ADP
the	DET
city	NOUN
's	PART
waterfront	NOUN
.	PUNCT

Nevada	PROPN
's	PART
industrial	ADJ
outputs	NOUN
are	AUX
tourism	NOUN
,	PUNCT
mining	NOUN
,	PUNCT
machinery	NOUN
,	PUNCT
printing	NOUN
and	CCONJ
publishing	NOUN
,	PUNCT
food	NOUN
processing	NOUN
,	PUNCT
and	CCONJ
electric	ADJ
equipment	NOUN
.	PUNCT

The	DET
name	NOUN
"	PUNCT
Caribbean	PROPN
"	PUNCT
derives	VERB
from	ADP
the	DET
Caribs	PROPN
,	PUNCT
one	NUM
of	ADP
the	DET
dominant	ADJ
Native	PROPN
American	PROPN
groups	NOUN
in	ADP
the	DET
region	NOUN
at	ADP
the	DET
time	NOUN
of	ADP
European	ADJ
contact	NOUN
during	ADP
the	DET
late	ADJ
15th	ADJ
century	NOUN
.	PUNCT

After	ADP
the	DET
discovery	NOUN
of	ADP
America	PROPN
by	ADP
Christopher	PROPN
Columbus	PROPN
in	ADP
1492	NUM
,	PUNCT
the	DET
Spanish	PROPN
term	NOUN
Antillas	PROPN
applied	VERB
to	ADP
the	DET
lands	NOUN
;	PUNCT
stemming	VERB
from	ADP
this	PRON
,	PUNCT
"	PUNCT
Sea	PROPN
of	ADP
the	DET
Antilles	PROPN
"	PUNCT
became	VERB
a	DET
common	ADJ
alternative	ADJ
name	NOUN
for	ADP
"	PUNCT
Caribbean	PROPN
Sea	PROPN
"	PUNCT
in	ADP
various	ADJ
European	ADJ
languages	NOUN
.	PUNCT

During	ADP
the	DET
first	ADJ
century	NOUN
of	ADP
development	NOUN
,	PUNCT
Spanish	ADJ
dominance	NOUN
in	ADP
the	DET
region	NOUN
remained	VERB
undisputed	ADJ
.	PUNCT

From	ADP
the	DET
16th	ADJ
century	NOUN
,	PUNCT
Europeans	PROPN
visiting	VERB
the	DET
Caribbean	ADJ
region	NOUN
identified	VERB
the	DET
"	PUNCT
South	PROPN
Sea	PROPN
"	PUNCT
(	PUNCT
the	DET
Pacific	PROPN
Ocean	PROPN
,	PUNCT
to	ADP
the	DET
south	NOUN
of	ADP
the	DET
isthmus	NOUN
of	ADP
Panama	PROPN
)	PUNCT
as	SCONJ
opposed	VERB
to	ADP
the	DET
"	PUNCT
North	PROPN
Sea	PROPN
"	PUNCT
(	PUNCT
the	DET
Caribbean	PROPN
Sea	PROPN
,	PUNCT
to	ADP
the	DET
north	NOUN
of	ADP
the	DET
same	ADJ
isthmus	NOUN
)	PUNCT
.	PUNCT

The	DET
Caribbean	PROPN
Sea	PROPN
had	AUX
been	AUX
unknown	ADJ
to	ADP
the	DET
populations	NOUN
of	ADP
Eurasia	PROPN
until	ADP
1492	NUM
,	PUNCT
when	ADV
Christopher	PROPN
Columbus	PROPN
first	ADV
sailed	VERB
into	ADP
Caribbean	ADJ
waters	NOUN
on	ADP
a	DET
quest	NOUN
to	PART
find	VERB
a	DET
sea	NOUN
route	NOUN
to	ADP
Asia	PROPN
.	PUNCT

Unfortunately	ADV
,	PUNCT
rapid	ADJ
population	NOUN
growth	NOUN
and	CCONJ
urban	ADJ
sprawl	NOUN
has	AUX
covered	VERB
much	ADJ
of	ADP
these	DET
ecosystems	NOUN
with	ADP
development	NOUN
.	PUNCT

Cape	PROPN
Town	PROPN
's	PART
local	ADJ
government	NOUN
is	AUX
the	DET
City	NOUN
of	ADP
Cape	PROPN
Town	PROPN
,	PUNCT
which	PRON
is	AUX
a	DET
metropolitan	ADJ
municipality	NOUN
.	PUNCT

The	DET
essay	NOUN
,	PUNCT
published	VERB
as	ADP
Undersea	PROPN
,	PUNCT
was	AUX
a	DET
vivid	ADJ
narrative	NOUN
of	ADP
a	DET
journey	NOUN
along	ADP
the	DET
ocean	NOUN
floor	NOUN
.	PUNCT

She	PRON
also	ADV
took	VERB
advantage	NOUN
of	ADP
her	PRON
personal	ADJ
connections	NOUN
with	ADP
many	ADJ
government	NOUN
scientists	NOUN
,	PUNCT
who	PRON
supplied	VERB
her	PRON
with	ADP
confidential	ADJ
information	NOUN
.	PUNCT

By	ADP
mid-1962	NOUN
,	PUNCT
Brooks	PROPN
and	CCONJ
Carson	PROPN
had	AUX
largely	ADV
finished	VERB
the	DET
editing	NOUN
,	PUNCT
and	CCONJ
were	AUX
laying	VERB
the	DET
groundwork	NOUN
for	SCONJ
promoting	VERB
the	DET
book	NOUN
by	SCONJ
sending	VERB
the	DET
manuscript	NOUN
out	ADP
to	ADP
select	ADJ
individuals	NOUN
for	ADP
final	ADJ
suggestions	NOUN
.	PUNCT

This	PRON
brought	VERB
the	DET
book	NOUN
to	ADP
the	DET
attention	NOUN
of	ADP
the	DET
chemical	NOUN
industry	NOUN
and	CCONJ
its	PRON
lobbyists	NOUN
,	PUNCT
as	ADV
well	ADV
as	ADP
a	DET
wide	ADJ
swath	NOUN
of	ADP
the	DET
American	ADJ
populace	NOUN
.	PUNCT

In	ADP
the	DET
1350s	NOUN
,	PUNCT
King	PROPN
Gongmin	PROPN
was	AUX
free	ADJ
at	ADP
last	ADJ
to	PART
reform	VERB
the	DET
Goryeo	PROPN
government	NOUN
when	ADV
the	DET
Yuan	PROPN
dynasty	NOUN
began	VERB
to	PART
crumble	VERB
.	PUNCT

Since	ADP
the	DET
1960s	NOUN
,	PUNCT
the	DET
South	PROPN
Korean	PROPN
economy	NOUN
has	AUX
grown	VERB
enormously	ADV
and	CCONJ
the	DET
economic	ADJ
structure	NOUN
was	AUX
radically	ADV
transformed	VERB
.	PUNCT

It	PRON
usually	ADV
involves	VERB
a	DET
low	ADJ
level	NOUN
of	ADP
development	NOUN
,	PUNCT
such	ADJ
as	ADP
rustic	ADJ
picnic	NOUN
areas	NOUN
,	PUNCT
benches	NOUN
and	CCONJ
trails	NOUN
.	PUNCT

Australia	PROPN
's	PART
Royal	ADJ
National	ADJ
Park	PROPN
,	PUNCT
established	VERB
in	ADP
1879	NUM
,	PUNCT
was	AUX
the	DET
world	NOUN
's	PART
second	ADJ
officially	ADV
established	VERB
national	ADJ
park	NOUN
.	PUNCT

First	ADV
and	CCONJ
foremost	ADV
was	AUX
the	DET
provision	NOUN
of	ADP
open	ADJ
space	NOUN
for	ADP
the	DET
benefit	NOUN
of	ADP
townspeople	NOUN
and	CCONJ
local	ADJ
residents	NOUN
within	ADP
an	DET
area	NOUN
that	PRON
was	AUX
being	AUX
rapidly	ADV
built	VERB
up	ADP
.	PUNCT

With	ADP
the	DET
fall	NOUN
of	ADP
the	DET
Qing	PROPN
dynasty	NOUN
in	ADP
1911	NUM
,	PUNCT
Mongolia	PROPN
under	ADP
the	DET
Bogd	PROPN
Khaan	PROPN
declared	VERB
independence	NOUN
.	PUNCT

But	CCONJ
,	PUNCT
the	DET
newly	ADV
established	VERB
Republic	NOUN
of	ADP
China	PROPN
considered	VERB
Mongolia	PROPN
to	PART
be	AUX
part	NOUN
of	ADP
its	PRON
own	ADJ
territory	NOUN
.	PUNCT

Yuan	PROPN
Shikai	PROPN
,	PUNCT
the	DET
President	NOUN
of	ADP
the	DET
Republic	NOUN
of	ADP
China	PROPN
,	PUNCT
considered	VERB
the	DET
new	ADJ
republic	NOUN
to	PART
be	AUX
the	DET
successor	NOUN
of	ADP
the	DET
Qing	PROPN
.	PUNCT

Bogd	PROPN
Khaan	PROPN
said	VERB
that	SCONJ
both	CCONJ
Mongolia	PROPN
and	CCONJ
China	PROPN
had	AUX
been	AUX
administered	VERB
by	ADP
the	DET
Manchu	PROPN
during	ADP
the	DET
Qing	PROPN
,	PUNCT
and	CCONJ
after	ADP
the	DET
fall	NOUN
of	ADP
the	DET
Qing	PROPN
dynasty	NOUN
in	ADP
1911	NUM
,	PUNCT
the	DET
contract	NOUN
of	ADP
Mongolian	ADJ
submission	NOUN
to	ADP
the	DET
Manchu	PROPN
had	AUX
become	VERB
invalid	ADJ
.	PUNCT

The	DET
area	NOUN
controlled	VERB
by	ADP
the	DET
Bogd	PROPN
Khaan	PROPN
was	AUX
approximately	ADV
that	PRON
of	ADP
the	DET
former	ADJ
Outer	ADJ
Mongolia	PROPN
during	ADP
the	DET
Qing	PROPN
period	NOUN
.	PUNCT

In	ADP
his	PRON
haste	NOUN
to	PART
capture	VERB
Kadesh	PROPN
,	PUNCT
Ramesses	PROPN
II	NUM
committed	VERB
a	DET
major	ADJ
tactical	ADJ
error	NOUN
.	PUNCT

Indeed	ADV
,	PUNCT
the	DET
first	ADJ
scholarly	ADJ
report	NOUN
on	ADP
the	DET
battle	NOUN
,	PUNCT
by	ADP
James	PROPN
Henry	PROPN
Breasted	PROPN
in	ADP
1903	NUM
,	PUNCT
praised	VERB
the	DET
sources	NOUN
that	PRON
allowed	VERB
the	DET
reconstruction	NOUN
the	DET
battle	NOUN
with	ADP
certainty	NOUN
.	PUNCT

Ramesses	PROPN
,	PUNCT
logistically	ADV
unable	ADJ
to	PART
sustain	VERB
a	DET
long	ADJ
siege	NOUN
,	PUNCT
returned	VERB
to	ADP
Egypt	PROPN
.	PUNCT

The	DET
Egyptian	ADJ
pharaoh	NOUN
thus	ADV
found	VERB
himself	PRON
in	ADP
northern	ADJ
Amurru	PROPN
,	PUNCT
well	ADV
past	ADP
Kadesh	PROPN
,	PUNCT
in	ADP
Tunip	PROPN
,	PUNCT
where	ADV
no	DET
Egyptian	ADJ
soldier	NOUN
had	AUX
been	AUX
seen	VERB
since	ADP
the	DET
time	NOUN
of	ADP
Thutmose	PROPN
III	NUM
almost	ADV
120	NUM
years	NOUN
earlier	ADJ
.	PUNCT

This	DET
time	NOUN
he	PRON
claimed	VERB
to	PART
have	AUX
fought	VERB
the	DET
battle	NOUN
without	SCONJ
even	ADV
bothering	VERB
to	PART
put	VERB
on	ADP
his	PRON
corslet	NOUN
until	ADP
two	NUM
hours	NOUN
after	SCONJ
the	DET
fighting	NOUN
began	VERB
.	PUNCT

The	DET
exact	ADJ
year	NOUN
of	ADP
the	DET
marriage	NOUN
of	ADP
Herod	PROPN
Antipas	PROPN
and	CCONJ
Herodias	PROPN
is	AUX
subject	ADJ
to	ADP
debate	NOUN
among	ADP
scholars	NOUN
.	PUNCT

Given	VERB
that	SCONJ
Herod	PROPN
was	AUX
in	ADP
Jerusalem	PROPN
at	ADP
that	DET
time	NOUN
,	PUNCT
Pilate	PROPN
decided	VERB
to	PART
send	VERB
Jesus	PROPN
to	ADP
Herod	PROPN
to	PART
be	AUX
tried	VERB
.	PUNCT

According	VERB
to	ADP
the	DET
New	PROPN
Testament	PROPN
,	PUNCT
Paul	PROPN
spent	VERB
eighteen	NUM
months	NOUN
in	ADP
Corinth	PROPN
,	PUNCT
approximately	ADV
seventeen	NUM
years	NOUN
after	ADP
his	PRON
conversion	NOUN
.	PUNCT

The	DET
latter	ADJ
date	NOUN
can	AUX
only	ADV
have	AUX
fallen	VERB
on	ADP
a	DET
Friday	PROPN
if	SCONJ
an	DET
exceptional	ADJ
leap	NOUN
month	NOUN
had	AUX
been	AUX
introduced	VERB
that	DET
year	NOUN
,	PUNCT
but	CCONJ
this	PRON
was	AUX
favoured	VERB
by	ADP
Newton	PROPN
.	PUNCT

It	PRON
is	AUX
possible	ADJ
to	PART
establish	VERB
the	DET
phase	NOUN
of	ADP
the	DET
moon	NOUN
on	ADP
a	DET
particular	ADJ
day	NOUN
two	NUM
thousand	NUM
years	NOUN
ago	ADV
but	CCONJ
not	PART
whether	SCONJ
it	PRON
was	AUX
obscured	VERB
by	ADP
clouds	NOUN
or	CCONJ
haze	NOUN
.	PUNCT

Forts	NOUN
were	AUX
also	ADV
built	VERB
in	ADP
the	DET
older	ADJ
portions	NOUN
of	ADP
New	PROPN
France	PROPN
that	PRON
had	AUX
not	PART
yet	ADV
been	AUX
settled	VERB
.	PUNCT

It	PRON
set	VERB
the	DET
basis	NOUN
for	ADP
integration	NOUN
where	ADV
the	DET
economic	ADJ
and	CCONJ
judicial	ADJ
mechanisms	NOUN
of	ADP
the	DET
state	NOUN
could	AUX
be	AUX
applied	VERB
throughout	ADP
the	DET
Mediterranean	PROPN
as	SCONJ
was	AUX
once	ADV
done	VERB
from	ADP
Latium	PROPN
into	ADP
all	DET
Italy	PROPN
.	PUNCT

Each	DET
poem	NOUN
narrates	VERB
only	ADV
a	DET
part	NOUN
of	ADP
the	DET
war	NOUN
.	PUNCT

In	ADP
later	ADJ
ages	NOUN
playwrights	NOUN
,	PUNCT
historians	NOUN
,	PUNCT
and	CCONJ
other	ADJ
intellectuals	NOUN
would	AUX
create	VERB
works	NOUN
inspired	VERB
by	ADP
the	DET
Trojan	PROPN
War	PROPN
.	PUNCT

It	PRON
was	AUX
foretold	VERB
that	SCONJ
he	PRON
would	AUX
either	CCONJ
die	VERB
of	ADP
old	ADJ
age	NOUN
after	ADP
an	DET
uneventful	ADJ
life	NOUN
,	PUNCT
or	CCONJ
die	VERB
young	ADJ
in	ADP
a	DET
battlefield	NOUN
and	CCONJ
gain	VERB
immortality	NOUN
through	ADP
poetry	NOUN
.	PUNCT

However	ADV
this	PRON
was	AUX
reversed	VERB
when	ADV
Julian	PROPN
was	AUX
killed	VERB
in	ADP
battle	NOUN
in	ADP
363	NUM
.	PUNCT

The	DET
last	ADJ
Olympic	PROPN
Games	PROPN
are	AUX
believed	VERB
to	PART
have	AUX
been	AUX
held	VERB
in	ADP
393	NUM
.	PUNCT

Shen	PROPN
Kuo	PROPN
soon	ADV
impressed	VERB
Wang	PROPN
Anshi	PROPN
with	ADP
his	PRON
skills	NOUN
and	CCONJ
abilities	NOUN
as	ADP
an	DET
administrator	NOUN
and	CCONJ
government	NOUN
agent	NOUN
.	PUNCT

In	ADP
1072	NUM
,	PUNCT
Shen	PROPN
was	AUX
sent	VERB
to	PART
supervise	VERB
Wang	PROPN
's	PART
program	NOUN
of	SCONJ
surveying	VERB
the	DET
building	NOUN
of	ADP
silt	NOUN
deposits	NOUN
in	ADP
the	DET
Bian	PROPN
Canal	PROPN
outside	ADP
the	DET
capital	NOUN
city	NOUN
.	PUNCT

Using	VERB
an	DET
original	ADJ
technique	NOUN
,	PUNCT
Shen	PROPN
successfully	ADV
dredged	VERB
the	DET
canal	NOUN
and	CCONJ
demonstrated	VERB
the	DET
formidable	ADJ
value	NOUN
of	ADP
the	DET
silt	NOUN
gathered	VERB
as	ADP
a	DET
fertilizer	NOUN
.	PUNCT

He	PRON
gained	VERB
further	ADJ
reputation	NOUN
at	ADP
court	NOUN
once	SCONJ
he	PRON
was	AUX
dispatched	VERB
as	ADP
an	DET
envoy	NOUN
to	ADP
the	DET
Khitan	PROPN
Liao	PROPN
Dynasty	NOUN
in	ADP
the	DET
summer	NOUN
of	ADP
1075	NUM
.	PUNCT

The	DET
Khitans	PROPN
had	AUX
made	VERB
several	ADJ
aggressive	ADJ
negotiations	NOUN
of	SCONJ
pushing	VERB
their	PRON
borders	NOUN
south	ADV
,	PUNCT
while	SCONJ
manipulating	VERB
several	ADJ
incompetent	ADJ
Chinese	ADJ
ambassadors	NOUN
who	PRON
conceded	VERB
to	ADP
the	DET
Liao	PROPN
Kingdom	PROPN
's	PART
demands	NOUN
.	PUNCT

Medicine	NOUN
was	AUX
also	ADV
studied	VERB
,	PUNCT
especially	ADV
in	ADP
southern	ADJ
Italy	PROPN
,	PUNCT
where	ADV
Islamic	ADJ
medicine	NOUN
influenced	VERB
the	DET
school	NOUN
at	ADP
Salerno	PROPN
.	PUNCT

Tiberius	PROPN
reportedly	ADV
regretted	VERB
his	PRON
departure	NOUN
and	CCONJ
requested	VERB
to	PART
return	VERB
to	ADP
Rome	PROPN
several	ADJ
times	NOUN
,	PUNCT
but	CCONJ
each	DET
time	NOUN
Augustus	PROPN
refused	VERB
his	PRON
requests	NOUN
.	PUNCT

He	PRON
seems	VERB
to	PART
have	AUX
wished	VERB
for	SCONJ
the	DET
Senate	PROPN
and	CCONJ
the	DET
state	NOUN
to	PART
simply	ADV
act	VERB
without	ADP
him	PRON
and	CCONJ
his	PRON
direct	ADJ
orders	NOUN
were	AUX
rather	ADV
vague	ADJ
,	PUNCT
inspiring	VERB
debate	NOUN
more	ADJ
on	ADP
what	PRON
he	PRON
actually	ADV
meant	VERB
than	SCONJ
on	SCONJ
passing	VERB
his	PRON
legislation	NOUN
.	PUNCT

The	DET
gods	NOUN
represented	VERB
distinctly	ADV
the	DET
practical	ADJ
needs	NOUN
of	ADP
daily	ADJ
life	NOUN
,	PUNCT
and	CCONJ
they	PRON
were	AUX
scrupulously	ADV
accorded	VERB
the	DET
rites	NOUN
and	CCONJ
offerings	NOUN
considered	VERB
proper	ADJ
.	PUNCT

This	PRON
was	AUX
by	ADP
boat	NOUN
from	ADP
continental	ADJ
Europe	PROPN
.	PUNCT

Cultic	ADJ
remains	NOUN
discovered	VERB
at	ADP
the	DET
site	NOUN
were	AUX
a	DET
row	NOUN
of	ADP
ten	NUM
large	ADJ
standing	ADJ
stones	NOUN
,	PUNCT
known	VERB
as	ADP
massebot	NOUN
,	PUNCT
oriented	VERB
north	ADV
-	PUNCT
south	ADV
,	PUNCT
the	DET
tallest	ADJ
of	ADP
which	PRON
was	AUX
3	NUM
meters	NOUN
high	ADJ
,	PUNCT
with	ADP
an	DET
altar	NOUN
-	PUNCT
type	NOUN
structure	NOUN
in	ADP
the	DET
middle	NOUN
,	PUNCT
and	CCONJ
a	DET
large	ADJ
,	PUNCT
square	ADJ
,	PUNCT
stone	NOUN
basin	NOUN
.	PUNCT

The	DET
exact	ADJ
purpose	NOUN
of	ADP
these	DET
megaliths	NOUN
is	AUX
still	ADV
debated	VERB
,	PUNCT
but	CCONJ
they	PRON
may	AUX
have	AUX
constituted	VERB
a	DET
Canaanite	ADJ
"	PUNCT
high	ADJ
place	NOUN
"	PUNCT
from	ADP
the	DET
Middle	PROPN
Bronze	PROPN
Age	PROPN
,	PUNCT
ca.	ADV
1600	NUM
B.C.E.	NOUN

The	DET
Canaanite	ADJ
city	NOUN
was	AUX
destroyed	VERB
in	ADP
a	DET
fire	NOUN
,	PUNCT
presumably	ADV
in	ADP
the	DET
wake	NOUN
of	ADP
a	DET
campaign	NOUN
by	ADP
the	DET
Egyptian	ADJ
pharaoh	NOUN
Thutmose	PROPN
III	NUM
.	PUNCT

The	DET
oldest	ADJ
known	VERB
historical	ADJ
reference	NOUN
to	ADP
the	DET
city	NOUN
is	VERB
to	PART
be	AUX
found	VERB
on	ADP
an	DET
inscription	NOUN
of	ADP
conquered	VERB
sites	NOUN
at	ADP
Thutmose	PROPN
's	PART
temple	NOUN
at	ADP
Karnak	PROPN
.	PUNCT

The	DET
Tell	PROPN
Amarna	PROPN
letters	NOUN
,	PUNCT
dating	VERB
from	ADP
the	DET
14th	ADJ
century	NOUN
BCE	NOUN
,	PUNCT
include	VERB
ten	NUM
letters	NOUN
from	ADP
the	DET
kings	NOUN
of	ADP
Gezer	PROPN
swearing	VERB
loyalty	NOUN
to	ADP
the	DET
Egyptian	ADJ
pharaoh	NOUN
.	PUNCT

Thai	ADJ
birth	NOUN
certificates	NOUN
record	VERB
the	DET
date	NOUN
,	PUNCT
month	NOUN
and	CCONJ
time	NOUN
of	ADP
birth	NOUN
,	PUNCT
followed	VERB
by	ADP
the	DET
day	NOUN
of	ADP
the	DET
week	NOUN
,	PUNCT
lunar	ADJ
date	NOUN
,	PUNCT
and	CCONJ
the	DET
applicable	ADJ
zodiac	NOUN
animal	NOUN
name	NOUN
.	PUNCT

Her	PRON
zodiacal	ADJ
animal	NOUN
is	AUX
the	DET
Monkey	NOUN
and	CCONJ
her	PRON
traditionally	ADV
significant	ADJ
sixtieth	ADJ
anniversary	NOUN
year	NOUN
was	AUX
1992	NUM
.	PUNCT

Thai	ADJ
auspicious	ADJ
colours	NOUN
of	ADP
the	DET
day	NOUN
are	AUX
given	VERB
in	ADP
the	DET
table	NOUN
of	ADP
weekdays	NOUN
,	PUNCT
followed	VERB
below	ADP
it	PRON
by	ADP
a	DET
link	NOUN
to	ADP
the	DET
Buddha	PROPN
images	NOUN
for	ADP
each	DET
day	NOUN
of	ADP
the	DET
week	NOUN
.	PUNCT

Chinese	ADJ
New	NOUN
Year	NOUN
and	CCONJ
other	ADJ
feasts	NOUN
observed	VERB
by	ADP
Thai	ADJ
Chinese	PROPN
vary	VERB
with	ADP
respect	NOUN
to	ADP
both	DET
,	PUNCT
as	SCONJ
these	PRON
are	AUX
calculated	VERB
according	VERB
to	ADP
the	DET
Chinese	ADJ
calendar	NOUN
.	PUNCT

In	ADP
addition	NOUN
,	PUNCT
he	PRON
strengthened	VERB
defenses	NOUN
between	ADP
Egypt	PROPN
and	CCONJ
Asia	PROPN
,	PUNCT
building	VERB
the	DET
Walls	NOUN
of	ADP
the	DET
Ruler	NOUN
in	ADP
the	DET
East	PROPN
Delta	PROPN
region	NOUN
.	PUNCT

He	PRON
reigned	VERB
only	ADV
fifteen	NUM
years	NOUN
,	PUNCT
which	PRON
is	AUX
evidenced	VERB
by	ADP
the	DET
incomplete	ADJ
nature	NOUN
of	ADP
many	ADJ
of	ADP
his	PRON
constructions	NOUN
.	PUNCT

Despite	ADP
this	PRON
,	PUNCT
they	PRON
both	DET
seem	VERB
to	PART
have	AUX
held	VERB
at	ADP
least	ADJ
parts	NOUN
of	ADP
lower	ADJ
Egypt	PROPN
.	PUNCT

On	ADP
September	PROPN
9	NUM
,	PUNCT
2002	NUM
,	PUNCT
Aldrin	PROPN
was	AUX
lured	VERB
to	ADP
a	DET
Beverly	PROPN
Hills	PROPN
hotel	NOUN
on	ADP
the	DET
pretext	NOUN
of	SCONJ
being	AUX
interviewed	VERB
for	ADP
a	DET
Japanese	ADJ
children	NOUN
's	PART
television	NOUN
show	NOUN
on	ADP
the	DET
subject	NOUN
of	ADP
space	NOUN
.	PUNCT

Aldrin	PROPN
has	AUX
been	AUX
married	VERB
three	NUM
times	NOUN
.	PUNCT

In	ADP
1519	NUM
,	PUNCT
he	PRON
became	VERB
ruler	NOUN
of	ADP
the	DET
Habsburg	PROPN
empire	NOUN
,	PUNCT
and	CCONJ
he	PRON
gained	VERB
the	DET
title	NOUN
Holy	ADJ
Roman	ADJ
Emperor	PROPN
in	ADP
1530	NUM
.	PUNCT

Charles	PROPN
,	PUNCT
despite	ADP
his	PRON
harsh	ADJ
actions	NOUN
,	PUNCT
had	AUX
been	AUX
seen	VERB
as	ADP
a	DET
ruler	NOUN
empathetic	ADJ
to	ADP
the	DET
needs	NOUN
of	ADP
the	DET
Netherlands	PROPN
.	PUNCT

In	ADP
1566	NUM
,	PUNCT
a	DET
league	NOUN
of	ADP
about	ADV
400	NUM
members	NOUN
of	ADP
the	DET
nobility	NOUN
presented	VERB
a	DET
petition	NOUN
to	ADP
the	DET
governor	NOUN
Margaret	PROPN
of	ADP
Parma	PROPN
,	PUNCT
to	PART
suspend	VERB
persecution	NOUN
until	SCONJ
the	DET
rest	NOUN
had	AUX
returned	VERB
.	PUNCT

Its	PRON
struggle	NOUN
against	ADP
the	DET
Ottoman	PROPN
Empire	NOUN
in	ADP
the	DET
Mediterranean	PROPN
Sea	PROPN
put	VERB
serious	ADJ
limits	NOUN
on	ADP
the	DET
military	ADJ
power	NOUN
it	PRON
could	AUX
deploy	VERB
against	ADP
the	DET
rebels	NOUN
in	ADP
the	DET
Netherlands	PROPN
.	PUNCT

A	DET
Bronze	PROPN
Age	PROPN
astronomical	ADJ
observatory	NOUN
was	AUX
constructed	VERB
there	ADV
around	ADV
1900	NUM
BC	NOUN
and	CCONJ
continuously	ADV
served	VERB
the	DET
nearby	ADJ
community	NOUN
that	PRON
lived	VERB
there	ADV
until	ADP
about	ADV
700	NUM
BC	NOUN
.	PUNCT

The	DET
central	ADJ
space	NOUN
was	AUX
used	VERB
to	PART
observe	VERB
the	DET
rising	NOUN
of	ADP
the	DET
sun	NOUN
and	CCONJ
full	ADJ
moon	NOUN
.	PUNCT

Three	NUM
markings	NOUN
locate	VERB
sunrise	NOUN
at	ADP
the	DET
summer	NOUN
and	CCONJ
winter	NOUN
solstices	NOUN
and	CCONJ
at	ADP
the	DET
two	NUM
equinoxes	NOUN
.	PUNCT

Four	NUM
more	ADJ
give	VERB
the	DET
minimum	ADJ
and	CCONJ
maximum	ADJ
declinations	NOUN
of	ADP
the	DET
full	ADJ
moon	NOUN
:	PUNCT
in	ADP
summer	NOUN
,	PUNCT
and	CCONJ
in	ADP
winter	NOUN
.	PUNCT

Two	NUM
measure	NOUN
the	DET
lengths	NOUN
of	ADP
lunar	ADJ
months	NOUN
.	PUNCT

Its	PRON
importance	NOUN
resides	VERB
in	ADP
two	NUM
facts	NOUN
.	PUNCT

During	ADP
the	DET
Post	NOUN
-	PUNCT
Classic	ADJ
period	NOUN
in	ADP
Yucatán	PROPN
a	DET
third	ADJ
system	NOUN
was	AUX
in	ADP
use	NOUN
.	PUNCT

The	DET
origin	NOUN
of	ADP
the	DET
word	NOUN
Hispania	PROPN
is	AUX
much	ADV
disputed	VERB
and	CCONJ
the	DET
evidence	NOUN
for	ADP
the	DET
various	ADJ
speculations	NOUN
are	AUX
based	VERB
merely	ADV
upon	ADP
what	PRON
are	AUX
at	ADP
best	ADV
mere	ADJ
resemblances	NOUN
,	PUNCT
likely	ADJ
to	PART
be	AUX
accidental	ADJ
,	PUNCT
and	CCONJ
suspect	ADJ
supporting	VERB
evidence	NOUN
.	PUNCT

But	CCONJ
the	DET
impact	NOUN
of	ADP
Hispania	PROPN
in	ADP
the	DET
newcomers	NOUN
was	AUX
also	ADV
big	ADJ
.	PUNCT

During	ADP
the	DET
first	ADJ
stages	NOUN
of	ADP
Romanization	PROPN
,	PUNCT
the	DET
peninsula	NOUN
was	AUX
divided	VERB
in	ADP
two	NUM
by	ADP
the	DET
Romans	PROPN
for	ADP
administrative	ADJ
purposes	NOUN
.	PUNCT

By	ADP
the	DET
3rd	ADJ
century	NOUN
the	DET
emperor	NOUN
Caracalla	PROPN
made	VERB
a	DET
new	ADJ
division	NOUN
which	PRON
lasted	VERB
only	ADV
a	DET
short	ADJ
time	NOUN
.	PUNCT

They	PRON
had	AUX
been	AUX
so	ADV
moved	VERB
by	ADP
the	DET
beauty	NOUN
of	ADP
the	DET
Rudyard	PROPN
Lake	PROPN
area	NOUN
that	SCONJ
when	ADV
their	PRON
first	ADJ
child	NOUN
was	AUX
born	VERB
they	PRON
referenced	VERB
it	PRON
when	ADV
naming	VERB
him	PRON
.	PUNCT

During	ADP
his	PRON
time	NOUN
there	ADV
,	PUNCT
Kipling	PROPN
also	ADV
met	VERB
and	CCONJ
fell	VERB
in	ADP
love	NOUN
with	ADP
Florence	PROPN
Garrard	PROPN
who	PRON
was	AUX
boarding	VERB
with	ADP
Trix	PROPN
at	ADP
Southsea	PROPN
(	PUNCT
to	ADP
which	PRON
Trix	PROPN
had	AUX
returned	VERB
)	PUNCT
.	PUNCT

Stephen	PROPN
Wheeler	PROPN
,	PUNCT
the	DET
editor	NOUN
,	PUNCT
worked	VERB
Kipling	PROPN
hard	ADV
,	PUNCT
but	CCONJ
Kipling	PROPN
's	PART
need	NOUN
to	PART
write	VERB
was	AUX
unstoppable	ADJ
.	PUNCT

Back	ADV
in	ADP
Lahore	PROPN
,	PUNCT
some	DET
thirty	NUM
-	PUNCT
nine	NUM
stories	NOUN
appeared	VERB
in	ADP
the	DET
Gazette	PROPN
between	ADP
November	PROPN
1886	NUM
and	CCONJ
June	PROPN
1887	NUM
.	PUNCT

By	ADP
this	DET
time	NOUN
,	PUNCT
he	PRON
had	AUX
been	AUX
increasingly	ADV
thinking	VERB
about	ADP
the	DET
future	NOUN
.	PUNCT

Jin	PROPN
Ping	PROPN
Mei	PROPN
,	PUNCT
published	VERB
in	ADP
1610	NUM
,	PUNCT
although	SCONJ
incorporating	VERB
earlier	ADJ
material	NOUN
,	PUNCT
marks	VERB
the	DET
trend	NOUN
toward	ADP
independent	ADJ
composition	NOUN
and	CCONJ
concern	NOUN
with	ADP
psychology	NOUN
.	PUNCT

Higher	ADJ
male	ADJ
secondary	ADJ
school	NOUN
enrollment	NOUN
,	PUNCT
per	ADP
capita	NOUN
income	NOUN
and	CCONJ
economic	ADJ
growth	NOUN
rate	NOUN
all	DET
had	VERB
significant	ADJ
effects	NOUN
on	SCONJ
reducing	VERB
the	DET
chance	NOUN
of	ADP
civil	ADJ
war	NOUN
.	PUNCT

Specifically	ADV
,	PUNCT
a	DET
male	ADJ
secondary	ADJ
school	NOUN
enrollment	NOUN
10	NUM
%	SYM
above	ADP
the	DET
average	NOUN
reduced	VERB
the	DET
chance	NOUN
of	ADP
a	DET
conflict	NOUN
by	ADP
about	ADV
3	NUM
%	SYM
,	PUNCT
while	SCONJ
a	DET
growth	NOUN
rate	NOUN
1	NUM
%	SYM
higher	ADJ
than	ADP
the	DET
study	NOUN
average	NOUN
resulted	VERB
in	ADP
a	DET
decline	NOUN
in	ADP
the	DET
chance	NOUN
of	ADP
a	DET
civil	ADJ
war	NOUN
of	ADP
about	ADV
1	NUM
%	SYM
.	PUNCT

The	DET
study	NOUN
interpreted	VERB
these	DET
three	NUM
factors	NOUN
as	ADP
proxies	NOUN
for	ADP
earnings	NOUN
forgone	VERB
by	ADP
rebellion	NOUN
,	PUNCT
and	CCONJ
therefore	ADV
that	SCONJ
lower	ADJ
forgone	VERB
earnings	NOUN
encourage	VERB
rebellion	NOUN
.	PUNCT

Phrased	VERB
another	DET
way	NOUN
:	PUNCT
young	ADJ
males	NOUN
(	PUNCT
who	PRON
make	VERB
up	ADP
the	DET
vast	ADJ
majority	NOUN
of	ADP
combatants	NOUN
in	ADP
civil	ADJ
wars	NOUN
)	PUNCT
are	AUX
less	ADV
likely	ADJ
to	PART
join	VERB
a	DET
rebellion	NOUN
if	SCONJ
they	PRON
are	AUX
getting	VERB
an	DET
education	NOUN
or	CCONJ
have	VERB
a	DET
comfortable	ADJ
salary	NOUN
,	PUNCT
and	CCONJ
can	AUX
reasonably	ADV
assume	VERB
that	SCONJ
they	PRON
will	AUX
prosper	VERB
in	ADP
the	DET
future	NOUN
.	PUNCT

Low	ADJ
per	ADP
capita	NOUN
income	NOUN
has	AUX
been	AUX
proposed	VERB
as	ADP
a	DET
cause	NOUN
for	ADP
grievance	NOUN
,	PUNCT
prompting	VERB
armed	ADJ
rebellion	NOUN
.	PUNCT

Its	PRON
guarantee	NOUN
of	ADP
liberties	NOUN
promised	VERB
to	PART
dissolve	VERB
inter-communal	ADJ
tensions	NOUN
and	CCONJ
transform	VERB
the	DET
empire	NOUN
into	ADP
a	DET
more	ADV
harmonious	ADJ
place	NOUN
.	PUNCT

The	DET
Arab	ADJ
Revolt	NOUN
which	PRON
began	VERB
in	ADP
1916	NUM
turned	VERB
the	DET
tide	NOUN
against	ADP
the	DET
Ottomans	PROPN
on	ADP
the	DET
Middle	PROPN
Eastern	ADJ
front	NOUN
,	PUNCT
where	ADV
they	PRON
initially	ADV
seemed	VERB
to	PART
have	VERB
the	DET
upper	ADJ
hand	NOUN
during	ADP
the	DET
first	ADJ
two	NUM
years	NOUN
of	ADP
the	DET
war	NOUN
.	PUNCT

It	PRON
specifically	ADV
discusses	VERB
in	ADP
several	ADJ
passages	NOUN
the	DET
socially	ADJ
and	CCONJ
culturally	ADV
degenerative	ADJ
effects	NOUN
of	ADP
war	NOUN
on	ADP
humanity	NOUN
itself	PRON
.	PUNCT

Dominican	ADJ
priest	NOUN
Heinrich	PROPN
Kramer	PROPN
was	AUX
assistant	NOUN
to	ADP
the	DET
Archbishop	NOUN
of	ADP
Salzburg	PROPN
.	PUNCT

In	ADP
1538	NUM
the	DET
Spanish	ADJ
Inquisition	PROPN
cautioned	VERB
its	PRON
members	NOUN
not	PART
to	PART
believe	VERB
everything	PRON
the	DET
Malleus	PROPN
said	VERB
.	PUNCT

Forced	ADJ
baptism	NOUN
was	AUX
contrary	ADJ
to	ADP
the	DET
law	NOUN
of	ADP
the	DET
Catholic	ADJ
Church	NOUN
,	PUNCT
and	CCONJ
theoretically	ADV
anybody	PRON
who	PRON
had	AUX
been	AUX
forcibly	ADV
baptized	VERB
could	AUX
legally	ADV
return	VERB
to	ADP
Judaism	PROPN
.	PUNCT

Spain	PROPN
had	AUX
expelled	VERB
its	PRON
Sephardic	ADJ
population	NOUN
in	ADP
1492	NUM
;	PUNCT
many	ADJ
of	ADP
these	DET
Spanish	ADJ
Jews	PROPN
left	VERB
Spain	PROPN
for	ADP
Portugal	PROPN
but	CCONJ
eventually	ADV
were	AUX
targeted	VERB
there	ADV
as	ADV
well	ADV
.	PUNCT

The	DET
Macedonian	ADJ
eastern	ADJ
border	NOUN
with	ADP
Thrace	PROPN
was	AUX
now	ADV
secured	VERB
at	ADP
the	DET
river	NOUN
Nestus	PROPN
(	PUNCT
Mesta	PROPN
)	PUNCT
.	PUNCT

Philip	PROPN
next	ADV
marched	VERB
against	ADP
his	PRON
southern	ADJ
enemies	NOUN
.	PUNCT

In	ADP
Thessaly	PROPN
he	PRON
defeated	VERB
his	PRON
enemies	NOUN
and	CCONJ
by	ADP
352	NUM
,	PUNCT
he	PRON
was	AUX
firmly	ADV
in	ADP
control	NOUN
of	ADP
this	DET
region	NOUN
.	PUNCT

The	DET
Macedonian	ADJ
army	NOUN
advanced	VERB
as	ADV
far	ADV
as	ADP
the	DET
pass	NOUN
of	ADP
Thermopylae	PROPN
which	PRON
divides	VERB
Greece	PROPN
in	ADP
two	NUM
parts	NOUN
,	PUNCT
but	CCONJ
it	PRON
did	AUX
not	PART
attempt	VERB
to	PART
take	VERB
it	PRON
because	SCONJ
it	PRON
was	AUX
strongly	ADV
guarded	VERB
by	ADP
a	DET
joint	ADJ
force	NOUN
of	ADP
Athenians	PROPN
,	PUNCT
Spartans	PROPN
,	PUNCT
and	CCONJ
Achaeans	PROPN
.	PUNCT

Having	AUX
secured	VERB
the	DET
bordering	VERB
regions	NOUN
of	ADP
Macedon	PROPN
,	PUNCT
Philip	PROPN
assembled	VERB
a	DET
large	ADJ
Macedonian	ADJ
army	NOUN
and	CCONJ
marched	VERB
deep	ADV
into	ADP
Thrace	PROPN
for	ADP
a	DET
long	ADJ
conquering	VERB
campaign	NOUN
.	PUNCT

Catherine	PROPN
of	ADP
Russia	PROPN
was	AUX
also	ADV
very	ADV
satisfied	ADJ
.	PUNCT

Throughout	ADP
the	DET
war	NOUN
,	PUNCT
Pearl	PROPN
Harbor	PROPN
was	AUX
frequently	ADV
used	VERB
in	ADP
American	ADJ
propaganda	NOUN
.	PUNCT

This	DET
idealized	VERB
vision	NOUN
of	ADP
the	DET
Romanov	PROPN
monarchy	NOUN
blinded	VERB
him	PRON
to	ADP
the	DET
actual	ADJ
state	NOUN
of	ADP
his	PRON
country	NOUN
.	PUNCT

The	DET
Russian	ADJ
Empire	PROPN
was	AUX
an	DET
agglomeration	NOUN
of	ADP
diverse	ADJ
ethnicities	NOUN
that	PRON
had	AUX
shown	VERB
significant	ADJ
signs	NOUN
of	ADP
disunity	NOUN
in	ADP
the	DET
years	NOUN
before	ADP
the	DET
First	ADJ
World	PROPN
War	PROPN
.	PUNCT

This	DET
city	NOUN
-	PUNCT
state	NOUN
emerged	VERB
in	ADP
the	DET
same	ADJ
period	NOUN
as	ADP
Sukhothai	PROPN
.	PUNCT

This	DET
contact	NOUN
with	ADP
the	DET
West	PROPN
during	ADP
the	DET
16th	ADJ
century	NOUN
lead	VERB
to	ADP
a	DET
period	NOUN
of	ADP
profound	ADJ
economic	ADJ
growth	NOUN
as	SCONJ
lucrative	ADJ
trade	NOUN
routes	NOUN
were	AUX
established	VERB
.	PUNCT

The	DET
Army	NOUN
performed	VERB
well	ADV
in	ADP
combat	NOUN
in	ADP
Cuba	PROPN
.	PUNCT

However	ADV
,	PUNCT
it	PRON
was	AUX
too	ADV
oriented	VERB
to	ADP
small	ADJ
posts	NOUN
in	ADP
the	DET
West	PROPN
and	CCONJ
not	PART
as	ADV
well	ADV
-	PUNCT
prepared	VERB
for	ADP
an	DET
overseas	ADJ
conflict	NOUN
.	PUNCT

It	PRON
relied	VERB
on	ADP
volunteers	NOUN
and	CCONJ
state	NOUN
militia	NOUN
units	NOUN
,	PUNCT
which	PRON
faced	VERB
logistical	ADJ
,	PUNCT
training	NOUN
and	CCONJ
food	NOUN
problems	NOUN
in	ADP
the	DET
staging	NOUN
areas	NOUN
in	ADP
Florida	PROPN
.	PUNCT

The	DET
United	ADJ
States	PROPN
freed	VERB
Cuba	PROPN
(	PUNCT
after	ADP
an	DET
occupation	NOUN
by	ADP
the	DET
U.S.	PROPN
Army	PROPN
)	PUNCT
.	PUNCT

By	ADP
the	DET
peace	NOUN
treaty	NOUN
Spain	PROPN
ceded	VERB
to	ADP
the	DET
United	ADJ
States	PROPN
its	PRON
colonies	NOUN
of	ADP
Puerto	PROPN
Rico	PROPN
,	PUNCT
Guam	PROPN
,	PUNCT
and	CCONJ
the	DET
Philippines	PROPN
.	PUNCT

The	DET
offensive	NOUN
against	ADP
the	DET
huge	ADJ
army	NOUN
enlisted	VERB
by	ADP
Venice	PROPN
was	AUX
launched	VERB
from	ADP
France	PROPN
.	PUNCT

By	ADP
1563	NUM
,	PUNCT
the	DET
population	NOUN
of	ADP
Venice	PROPN
had	AUX
dropped	VERB
to	ADP
about	ADV
168,000	NUM
people	NOUN
.	PUNCT

Education	NOUN
during	ADP
the	DET
Renaissance	PROPN
was	AUX
mainly	ADV
composed	VERB
of	ADP
ancient	ADJ
literature	NOUN
and	CCONJ
history	NOUN
as	SCONJ
it	PRON
was	AUX
thought	VERB
that	SCONJ
the	DET
classics	NOUN
provided	VERB
moral	ADJ
instruction	NOUN
and	CCONJ
an	DET
intensive	ADJ
understanding	NOUN
of	ADP
human	ADJ
behavior	NOUN
.	PUNCT

There	PRON
has	AUX
,	PUNCT
however	ADV
,	PUNCT
been	VERB
extensive	ADJ
statistical	ADJ
analysis	NOUN
of	ADP
demographic	ADJ
and	CCONJ
population	NOUN
data	NOUN
which	PRON
includes	VERB
women	NOUN
,	PUNCT
especially	ADV
in	ADP
their	PRON
childbearing	NOUN
roles	NOUN
.	PUNCT

Most	ADJ
of	ADP
the	DET
information	NOUN
about	ADP
the	DET
period	NOUN
comes	VERB
from	ADP
burial	NOUN
sites	NOUN
and	CCONJ
the	DET
grave	NOUN
goods	NOUN
contained	VERB
within	ADP
them	PRON
.	PUNCT

At	ADP
this	DET
time	NOUN
there	PRON
were	AUX
only	ADV
around	ADV
forty	NUM
families	NOUN
living	VERB
there	ADV
with	ADP
plenty	NOUN
of	ADP
good	ADJ
farming	NOUN
land	NOUN
and	CCONJ
grazing	NOUN
for	ADP
cattle	NOUN
.	PUNCT

As	SCONJ
Greece	PROPN
sent	VERB
out	ADP
colonies	NOUN
west	ADV
towards	ADP
Sicily	PROPN
and	CCONJ
Italy	PROPN
(	PUNCT
Pithekoussae	PROPN
,	PUNCT
Cumae	PROPN
)	PUNCT
,	PUNCT
the	DET
influence	NOUN
of	ADP
their	PRON
new	ADJ
alphabet	NOUN
extended	VERB
further	ADV
.	PUNCT

Bananas	NOUN
and	CCONJ
plantains	NOUN
,	PUNCT
which	PRON
were	AUX
first	ADV
domesticated	VERB
in	ADP
Southeast	PROPN
Asia	PROPN
,	PUNCT
most	ADV
likely	ADJ
Papua	PROPN
New	ADJ
Guinea	PROPN
,	PUNCT
were	AUX
re-domesticated	VERB
in	ADP
Africa	PROPN
possibly	ADV
as	ADV
early	ADV
as	ADP
5,000	NUM
years	NOUN
ago	ADV
.	PUNCT

Besides	SCONJ
being	AUX
a	DET
direct	ADJ
source	NOUN
of	ADP
food	NOUN
,	PUNCT
certain	ADJ
animals	NOUN
could	AUX
provide	VERB
leather	NOUN
,	PUNCT
wool	NOUN
,	PUNCT
hides	NOUN
,	PUNCT
and	CCONJ
fertilizer	NOUN
.	PUNCT

A	DET
fundamental	ADJ
change	NOUN
in	ADP
working	VERB
principles	NOUN
was	AUX
brought	VERB
about	ADP
by	ADP
Scotsman	PROPN
James	PROPN
Watt	PROPN
.	PUNCT

The	DET
Industrial	PROPN
Revolution	PROPN
created	VERB
a	DET
demand	NOUN
for	ADP
metal	NOUN
parts	NOUN
used	VERB
in	ADP
machinery	NOUN
.	PUNCT

In	ADP
the	DET
Second	ADJ
Messenian	PROPN
War	PROPN
,	PUNCT
Sparta	PROPN
established	VERB
itself	PRON
as	ADP
a	DET
local	ADJ
power	NOUN
in	ADP
Peloponnesus	PROPN
and	CCONJ
the	DET
rest	NOUN
of	ADP
Greece	PROPN
.	PUNCT

Ford	PROPN
T	PROPN
was	AUX
proclaimed	VERB
as	ADP
the	DET
most	ADV
influential	ADJ
car	NOUN
of	ADP
the	DET
20th	ADJ
century	NOUN
in	ADP
the	DET
international	ADJ
Car	NOUN
of	ADP
the	DET
Century	NOUN
awards	NOUN
.	PUNCT

The	DET
success	NOUN
American	ADJ
Motors	PROPN
'	PART
compact	ADJ
-	PUNCT
sized	VERB
Rambler	PROPN
models	NOUN
spurred	VERB
GM	PROPN
and	CCONJ
Ford	PROPN
to	PART
introduce	VERB
their	PRON
own	ADJ
downsized	VERB
cars	NOUN
in	ADP
1960	NUM
.	PUNCT

This	DET
convention	NOUN
is	AUX
only	ADV
slightly	ADV
relaxed	VERB
in	ADP
modern	ADJ
age	NOUN
and	CCONJ
now	ADV
it	PRON
is	AUX
still	ADV
unadvisable	ADJ
among	ADP
friends	NOUN
to	PART
use	VERB
the	DET
given	VERB
name	NOUN
,	PUNCT
but	CCONJ
use	NOUN
of	ADP
the	DET
family	NOUN
name	NOUN
is	AUX
still	ADV
common	ADJ
.	PUNCT

In	ADP
the	DET
case	NOUN
of	ADP
the	DET
imperial	ADJ
family	NOUN
,	PUNCT
it	PRON
is	AUX
considered	VERB
extremely	ADV
inappropriate	ADJ
to	PART
use	VERB
the	DET
given	VERB
name	NOUN
.	PUNCT

Since	ADP
Emperor	NOUN
Meiji	PROPN
,	PUNCT
it	PRON
has	AUX
been	AUX
customary	ADJ
to	PART
have	VERB
one	NUM
era	NOUN
per	ADP
Emperor	PROPN
and	CCONJ
to	PART
rename	VERB
each	DET
Emperor	NOUN
after	ADP
his	PRON
death	NOUN
using	VERB
the	DET
name	NOUN
of	ADP
the	DET
era	NOUN
over	ADP
which	PRON
he	PRON
presided	VERB
.	PUNCT

Prior	ADV
to	ADP
Emperor	NOUN
Meiji	PROPN
,	PUNCT
the	DET
names	NOUN
of	ADP
the	DET
eras	NOUN
were	AUX
changed	VERB
more	ADV
frequently	ADV
,	PUNCT
and	CCONJ
the	DET
posthumous	ADJ
names	NOUN
of	ADP
the	DET
Emperors	NOUN
were	AUX
chosen	VERB
in	ADP
a	DET
different	ADJ
manner	NOUN
.	PUNCT

Outside	ADP
Japan	PROPN
,	PUNCT
beginning	VERB
with	ADP
Emperor	NOUN
Shōwa	PROPN
,	PUNCT
the	DET
Emperors	NOUN
are	AUX
often	ADV
referred	VERB
to	ADP
by	ADP
their	PRON
given	VERB
names	NOUN
,	PUNCT
both	CCONJ
whilst	ADP
alive	ADJ
and	CCONJ
posthumously	ADV
.	PUNCT

In	ADP
Asia	PROPN
and	CCONJ
the	DET
Pacific	PROPN
,	PUNCT
between	ADV
3	NUM
million	NUM
and	CCONJ
more	ADJ
than	ADP
10	NUM
million	NUM
civilians	NOUN
,	PUNCT
mostly	ADV
Chinese	PROPN
(	PUNCT
estimated	VERB
at	ADP
7.5	NUM
million	NUM
)	PUNCT
,	PUNCT
were	AUX
killed	VERB
by	ADP
the	DET
Japanese	ADJ
occupation	NOUN
forces	NOUN
.	PUNCT

In	ADP
Europe	PROPN
,	PUNCT
before	ADP
the	DET
outbreak	NOUN
of	ADP
the	DET
war	NOUN
,	PUNCT
the	DET
Allies	PROPN
had	VERB
significant	ADJ
advantages	NOUN
in	ADP
both	CCONJ
population	NOUN
and	CCONJ
economics	NOUN
.	PUNCT

Land	NOUN
warfare	NOUN
changed	VERB
from	ADP
the	DET
static	ADJ
front	NOUN
lines	NOUN
of	ADP
World	PROPN
War	PROPN
I	NUM
to	ADP
increased	VERB
mobility	NOUN
and	CCONJ
combined	VERB
arms	NOUN
.	PUNCT

British	ADJ
cavalry	NOUN
troopers	NOUN
also	ADV
received	VERB
excellent	ADJ
mounted	VERB
swordsmanship	NOUN
training	NOUN
.	PUNCT

Some	DET
historians	NOUN
,	PUNCT
such	ADJ
as	ADP
Chandler	PROPN
and	CCONJ
Weller	PROPN
,	PUNCT
assert	VERB
that	SCONJ
the	DET
British	ADJ
heavy	ADJ
cavalry	NOUN
were	AUX
destroyed	VERB
as	ADP
a	DET
viable	ADJ
force	NOUN
following	VERB
their	PRON
first	ADJ
,	PUNCT
epic	ADJ
charge	NOUN
.	PUNCT

According	VERB
to	ADP
a	DET
genetic	ADJ
study	NOUN
on	ADP
autosomal	ADJ
data	NOUN
on	ADP
Roma	PROPN
the	DET
source	NOUN
of	ADP
Southasian	ADJ
Ancestry	NOUN
in	ADP
Roma	PROPN
is	AUX
North	PROPN
-	PUNCT
West	PROPN
India	PROPN
.	PUNCT

Explanations	NOUN
of	ADP
the	DET
origin	NOUN
of	ADP
music	NOUN
depend	VERB
on	SCONJ
how	ADV
music	NOUN
is	AUX
defined	VERB
.	PUNCT

Among	ADP
humans	NOUN
both	CCONJ
males	NOUN
and	CCONJ
females	NOUN
are	AUX
ardent	ADJ
singers	NOUN
,	PUNCT
and	CCONJ
making	VERB
music	NOUN
is	AUX
mostly	ADV
a	DET
communal	ADJ
activity	NOUN
.	PUNCT

In	ADP
1839	NUM
,	PUNCT
China	PROPN
found	VERB
itself	PRON
fighting	VERB
the	DET
First	ADJ
Opium	PROPN
War	PROPN
with	ADP
Great	PROPN
Britain	PROPN
after	SCONJ
the	DET
Governor	NOUN
-	PUNCT
General	NOUN
of	ADP
Hunan	PROPN
and	CCONJ
Hubei	PROPN
,	PUNCT
Lin	PROPN
Zexu	PROPN
,	PUNCT
banned	VERB
the	DET
foreign	ADJ
trade	NOUN
of	ADP
opium	NOUN
.	PUNCT

China	PROPN
was	AUX
defeated	VERB
,	PUNCT
and	CCONJ
in	ADP
1842	NUM
agreed	VERB
to	ADP
the	DET
provisions	NOUN
of	ADP
the	DET
Treaty	PROPN
of	ADP
Nanking	PROPN
.	PUNCT

Hong	PROPN
Kong	PROPN
Island	PROPN
was	AUX
ceded	VERB
to	ADP
Britain	PROPN
,	PUNCT
and	CCONJ
certain	ADJ
ports	NOUN
,	PUNCT
including	VERB
Shanghai	PROPN
and	CCONJ
Guangzhou	PROPN
,	PUNCT
were	AUX
opened	VERB
to	ADP
British	ADJ
trade	NOUN
and	CCONJ
residence	NOUN
.	PUNCT

In	ADP
1856	NUM
,	PUNCT
the	DET
Second	ADJ
Opium	PROPN
War	PROPN
broke	VERB
out	ADP
;	PUNCT
the	DET
Chinese	PROPN
were	AUX
again	ADV
defeated	VERB
and	CCONJ
forced	VERB
to	ADP
the	DET
terms	NOUN
of	ADP
the	DET
1858	NUM
Treaty	PROPN
of	ADP
Tientsin	PROPN
and	CCONJ
the	DET
1860	NUM
Convention	PROPN
of	ADP
Peking	PROPN
.	PUNCT

The	DET
treaty	NOUN
opened	VERB
new	ADJ
ports	NOUN
to	ADP
trade	NOUN
and	CCONJ
allowed	VERB
foreigners	NOUN
to	PART
travel	VERB
in	ADP
the	DET
interior	NOUN
.	PUNCT

Lamarr	PROPN
accompanied	VERB
Mandl	PROPN
to	ADP
business	NOUN
meetings	NOUN
where	ADV
he	PRON
conferred	VERB
with	ADP
scientists	NOUN
and	CCONJ
other	ADJ
professionals	NOUN
involved	VERB
in	ADP
military	NOUN
technology	NOUN
.	PUNCT

Lamarr	PROPN
's	PART
earliest	ADJ
inventions	NOUN
include	VERB
an	DET
improved	ADJ
traffic	NOUN
stoplight	NOUN
and	CCONJ
a	DET
tablet	NOUN
that	PRON
would	AUX
dissolve	VERB
in	ADP
water	NOUN
to	PART
create	VERB
a	DET
carbonated	ADJ
drink	NOUN
.	PUNCT

She	PRON
was	AUX
offered	VERB
several	ADJ
scripts	NOUN
,	PUNCT
television	NOUN
commercials	NOUN
,	PUNCT
and	CCONJ
stage	NOUN
projects	NOUN
,	PUNCT
but	CCONJ
none	PRON
piqued	VERB
her	PRON
interest	NOUN
.	PUNCT

Joseph	PROPN
Darnand	PROPN
,	PUNCT
who	PRON
became	VERB
an	DET
SS	PROPN
officer	NOUN
and	CCONJ
led	VERB
the	DET
Milice	PROPN
paramilitaries	NOUN
who	PRON
hunted	VERB
down	ADP
members	NOUN
of	ADP
the	DET
Resistance	PROPN
,	PUNCT
was	AUX
executed	VERB
in	ADP
October	PROPN
1945	NUM
.	PUNCT

De	PROPN
Gaulle	PROPN
had	AUX
instructed	VERB
that	SCONJ
there	PRON
be	AUX
no	DET
excessive	ADJ
displays	NOUN
of	ADP
public	ADJ
affection	NOUN
towards	ADP
Churchill	PROPN
and	CCONJ
no	DET
official	ADJ
awards	NOUN
without	ADP
his	PRON
prior	ADJ
agreement	NOUN
.	PUNCT

The	DET
film	NOUN
chronicles	VERB
the	DET
destruction	NOUN
of	ADP
Carangi	PROPN
's	PART
life	NOUN
and	CCONJ
career	NOUN
as	ADP
a	DET
result	NOUN
of	ADP
her	PRON
addiction	NOUN
to	ADP
heroin	NOUN
,	PUNCT
and	CCONJ
her	PRON
decline	NOUN
and	CCONJ
death	NOUN
from	ADP
AIDS	NOUN
in	ADP
the	DET
mid-1980s	NOUN
.	PUNCT

It	PRON
was	AUX
completed	VERB
rather	ADV
late	ADV
in	ADP
the	DET
war	NOUN
;	PUNCT
although	SCONJ
a	DET
number	NOUN
of	ADP
B-29s	PROPN
were	AUX
equipped	VERB
with	ADP
Eagle	PROPN
and	CCONJ
it	PRON
worked	VERB
well	ADV
,	PUNCT
it	PRON
came	VERB
too	ADV
late	ADV
to	PART
make	VERB
much	ADJ
difference	NOUN
.	PUNCT

The	DET
radar	NOUN
system	NOUN
for	ADP
which	PRON
Alvarez	PROPN
is	AUX
best	ADV
known	VERB
and	CCONJ
which	PRON
has	AUX
played	VERB
a	DET
major	ADJ
role	NOUN
in	ADP
aviation	NOUN
,	PUNCT
most	ADV
particularly	ADV
in	ADP
the	DET
post	ADJ
war	NOUN
Berlin	PROPN
airlift	NOUN
,	PUNCT
was	AUX
Ground	PROPN
Controlled	VERB
Approach	PROPN
(	PUNCT
GCA	PROPN
)	PUNCT
.	PUNCT

Using	VERB
Alvarez	PROPN
's	PART
dipole	NOUN
antenna	NOUN
to	PART
achieve	VERB
a	DET
very	ADV
high	ADJ
angular	ADJ
resolution	NOUN
,	PUNCT
GCA	PROPN
allows	VERB
ground	NOUN
-	PUNCT
based	VERB
radar	NOUN
operators	NOUN
watching	VERB
special	ADJ
precision	NOUN
displays	NOUN
to	PART
guide	VERB
a	DET
landing	VERB
airplane	NOUN
to	ADP
the	DET
runway	NOUN
by	SCONJ
transmitting	VERB
verbal	ADJ
commands	NOUN
to	ADP
the	DET
pilot	NOUN
.	PUNCT

The	DET
system	NOUN
was	AUX
simple	ADJ
,	PUNCT
direct	ADJ
,	PUNCT
and	CCONJ
worked	VERB
well	ADV
,	PUNCT
even	ADV
with	ADP
previously	ADV
untrained	ADJ
pilots	NOUN
.	PUNCT

It	PRON
was	AUX
so	ADV
successful	ADJ
that	SCONJ
the	DET
military	NOUN
continued	VERB
to	PART
use	VERB
it	PRON
for	ADP
many	ADJ
years	NOUN
after	ADP
the	DET
war	NOUN
,	PUNCT
and	CCONJ
it	PRON
was	AUX
still	ADV
in	ADP
use	NOUN
in	ADP
some	DET
countries	NOUN
in	ADP
the	DET
1980s	NOUN
.	PUNCT

With	ADP
population	NOUN
growth	NOUN
,	PUNCT
new	ADJ
indigenous	ADJ
quarters	NOUN
were	AUX
created	VERB
.	PUNCT

The	DET
Alliance	NOUN
of	ADP
Democratic	ADJ
Forces	NOUN
for	ADP
the	DET
Liberation	NOUN
of	ADP
Congo	PROPN
rebels	NOUN
captured	VERB
Lubumbashi	PROPN
in	ADP
April	PROPN
1997	NUM
.	PUNCT

The	DET
high	ADJ
altitude	NOUN
serves	VERB
to	PART
cool	VERB
the	DET
climate	NOUN
,	PUNCT
which	PRON
would	AUX
otherwise	ADV
be	AUX
very	ADV
hot	ADJ
.	PUNCT

Failing	VERB
health	NOUN
reduced	VERB
Hitchcock	PROPN
's	PART
output	NOUN
during	ADP
the	DET
last	ADJ
two	NUM
decades	NOUN
of	ADP
his	PRON
life	NOUN
.	PUNCT

Hitchcock	PROPN
's	PART
films	NOUN
sometimes	ADV
feature	VERB
characters	NOUN
struggling	VERB
in	ADP
their	PRON
relationships	NOUN
with	ADP
their	PRON
mothers	NOUN
.	PUNCT

Hitchcock	PROPN
preferred	VERB
to	PART
work	VERB
with	ADP
the	DET
best	ADJ
talent	NOUN
of	ADP
his	PRON
day	NOUN
—	PUNCT
film	NOUN
poster	NOUN
designers	NOUN
such	ADJ
as	ADP
Bill	PROPN
Gold	PROPN
and	CCONJ
Saul	PROPN
Bass	PROPN
—	PUNCT
who	PRON
would	AUX
produce	VERB
posters	NOUN
that	PRON
accurately	ADV
represented	VERB
his	PRON
films	NOUN
.	PUNCT

A	DET
mental	ADJ
clash	NOUN
gripped	VERB
Herzl	PROPN
,	PUNCT
between	ADP
the	DET
craving	NOUN
for	ADP
literary	ADJ
success	NOUN
and	CCONJ
a	DET
desire	NOUN
to	PART
act	VERB
as	ADP
a	DET
public	ADJ
figure	NOUN
.	PUNCT

On	ADP
March	PROPN
10	NUM
,	PUNCT
1896	NUM
,	PUNCT
Herzl	PROPN
was	AUX
visited	VERB
by	ADP
Reverend	PROPN
William	PROPN
Hechler	PROPN
,	PUNCT
the	DET
Anglican	ADJ
minister	NOUN
to	ADP
the	DET
British	ADJ
Embassy	NOUN
.	PUNCT

During	ADP
one	NUM
episode	NOUN
,	PUNCT
he	PRON
is	AUX
shown	VERB
to	PART
be	AUX
an	DET
adept	ADJ
guitar	NOUN
player	NOUN
.	PUNCT

Lenny	PROPN
is	AUX
a	DET
persistent	ADJ
bachelor	NOUN
who	PRON
has	VERB
poor	ADJ
luck	NOUN
with	ADP
women	NOUN
.	PUNCT

On	ADP
one	NUM
occasion	NOUN
,	PUNCT
it	PRON
is	AUX
implied	VERB
he	PRON
is	AUX
an	DET
undercover	ADJ
agent	NOUN
whose	PRON
target	NOUN
is	AUX
Homer	PROPN
.	PUNCT

Deciding	VERB
to	PART
pursue	VERB
drama	NOUN
,	PUNCT
Winstone	PROPN
enrolled	VERB
at	ADP
the	DET
Corona	PROPN
Stage	PROPN
Academy	PROPN
in	ADP
Hammersmith	PROPN
.	PUNCT

Winstone	PROPN
met	VERB
his	PRON
wife	NOUN
,	PUNCT
Elaine	PROPN
,	PUNCT
while	SCONJ
filming	VERB
That	DET
Summer	NOUN
in	ADP
1979	NUM
.	PUNCT

Winstone	PROPN
was	AUX
declared	VERB
bankrupt	ADJ
on	ADP
4	NUM
October	PROPN
1988	NUM
and	CCONJ
again	ADV
on	ADP
19	NUM
March	PROPN
1993	NUM
.	PUNCT

Disney	PROPN
also	ADV
found	VERB
out	ADP
that	SCONJ
Universal	PROPN
owned	VERB
the	DET
intellectual	ADJ
property	NOUN
rights	NOUN
to	ADP
Oswald	PROPN
.	PUNCT

Disney	PROPN
won	VERB
another	DET
Honorary	ADJ
Academy	PROPN
Award	PROPN
,	PUNCT
which	PRON
consisted	VERB
of	ADP
one	NUM
full	ADJ
-	PUNCT
sized	ADJ
and	CCONJ
seven	NUM
miniature	ADJ
Oscar	PROPN
statuettes	NOUN
.	PUNCT

This	DET
card	NOUN
gives	VERB
an	DET
allowance	NOUN
that	PRON
can	AUX
be	AUX
withdrawn	VERB
from	ADP
ATMs	NOUN
in	ADP
order	NOUN
to	PART
buy	VERB
school	NOUN
needs	NOUN
such	ADJ
as	ADP
books	NOUN
and	CCONJ
uniforms	NOUN
.	PUNCT

He	PRON
also	ADV
built	VERB
and	CCONJ
renovated	VERB
five	NUM
traditional	ADJ
markets	NOUN
in	ADP
2013	NUM
and	CCONJ
four	NUM
traditional	ADJ
markets	NOUN
in	ADP
2014	NUM
.	PUNCT

However	ADV
,	PUNCT
his	PRON
rival	NOUN
Prabowo	PROPN
Subianto	PROPN
also	ADV
declared	VERB
victory	NOUN
,	PUNCT
leaving	VERB
Indonesian	ADJ
citizens	NOUN
confused	ADJ
.	PUNCT

Prior	SCONJ
to	SCONJ
taking	VERB
office	NOUN
Jokowi	PROPN
sought	VERB
for	SCONJ
outgoing	ADJ
President	PROPN
Yudhoyono	PROPN
to	PART
take	VERB
responsibility	NOUN
for	ADP
the	DET
decision	NOUN
to	PART
further	ADV
increase	VERB
fuel	NOUN
prices	NOUN
by	SCONJ
further	ADV
removing	VERB
subsidies	NOUN
.	PUNCT

His	PRON
official	ADJ
biography	NOUN
also	ADV
claims	VERB
that	SCONJ
Kim	PROPN
composed	VERB
six	NUM
operas	NOUN
and	CCONJ
enjoys	VERB
staging	VERB
elaborate	ADJ
musicals	NOUN
.	PUNCT

With	ADP
advice	NOUN
from	ADP
Alexander	PROPN
,	PUNCT
he	PRON
was	AUX
able	ADJ
to	PART
work	VERB
out	ADP
a	DET
compromise	NOUN
:	PUNCT
he	PRON
would	AUX
attend	VERB
a	DET
university	NOUN
,	PUNCT
but	CCONJ
would	AUX
study	VERB
literature	NOUN
.	PUNCT

Barrie	PROPN
enrolled	VERB
at	ADP
the	DET
University	NOUN
of	ADP
Edinburgh	PROPN
where	ADV
he	PRON
wrote	VERB
drama	NOUN
reviews	NOUN
for	ADP
the	DET
Edinburgh	PROPN
Evening	PROPN
Courant	PROPN
.	PUNCT

He	PRON
graduated	VERB
and	CCONJ
obtained	VERB
an	DET
M.A.	NOUN
on	ADP
21	NUM
April	PROPN
1882	NUM
.	PUNCT

Following	VERB
a	DET
job	NOUN
advertisement	NOUN
found	VERB
by	ADP
his	PRON
sister	NOUN
in	ADP
The	DET
Scotsman	PROPN
,	PUNCT
he	PRON
worked	VERB
for	ADP
a	DET
year	NOUN
and	CCONJ
a	DET
half	NOUN
as	ADP
a	DET
staff	NOUN
journalist	NOUN
on	ADP
the	DET
Nottingham	PROPN
Journal	PROPN
.	PUNCT

He	PRON
then	ADV
returned	VERB
to	ADP
Kirriemuir	PROPN
.	PUNCT

Only	ADV
3000	NUM
copies	NOUN
were	AUX
published	VERB
of	ADP
the	DET
first	ADJ
edition	NOUN
.	PUNCT

By	ADP
2009	NUM
,	PUNCT
total	ADJ
sales	NOUN
of	ADP
The	DET
Power	NOUN
of	ADP
Now	ADV
and	CCONJ
A	DET
New	ADJ
Earth	PROPN
in	ADP
North	PROPN
America	PROPN
had	AUX
been	AUX
estimated	VERB
at	ADP
three	NUM
million	NUM
and	CCONJ
five	NUM
million	NUM
copies	NOUN
respectively	ADV
.	PUNCT

Some	DET
Christian	ADJ
scholars	NOUN
criticize	VERB
Tolle	PROPN
's	PART
teachings	NOUN
,	PUNCT
while	SCONJ
others	NOUN
praise	VERB
them	PRON
.	PUNCT

Between	ADP
1991	NUM
and	CCONJ
1997	NUM
,	PUNCT
she	PRON
ran	VERB
a	DET
school	NOUN
for	ADP
children	NOUN
with	ADP
learning	NOUN
disabilities	NOUN
.	PUNCT

Her	PRON
latest	ADJ
non-fiction	NOUN
is	AUX
about	ADP
Margaret	PROPN
Douglas	PROPN
,	PUNCT
Countess	PROPN
of	ADP
Lennox	PROPN
.	PUNCT

She	PRON
found	VERB
the	DET
transition	NOUN
to	ADP
fiction	NOUN
easy	ADJ
,	PUNCT
explaining	VERB
,	PUNCT
"	PUNCT
Every	DET
book	NOUN
is	AUX
a	DET
learning	NOUN
curve	NOUN
,	PUNCT
and	CCONJ
you	PRON
have	VERB
to	PART
keep	VERB
an	DET
open	ADJ
mind	NOUN
.	PUNCT
"	PUNCT

To	PART
avoid	VERB
experiencing	VERB
a	DET
similar	ADJ
dilemma	NOUN
with	ADP
Jasmine	PROPN
,	PUNCT
the	DET
filmmakers	NOUN
ultimately	ADV
decided	VERB
to	PART
have	VERB
the	DET
princess	NOUN
animated	VERB
entirely	ADV
at	ADP
one	NUM
studio	NOUN
.	PUNCT

With	ADP
her	PRON
appearance	NOUN
finalized	VERB
,	PUNCT
Jasmine	PROPN
became	VERB
Disney	PROPN
's	PART
first	ADJ
non-white	ADJ
princess	NOUN
as	SCONJ
opposed	VERB
to	ADP
being	AUX
of	ADP
European	ADJ
heritage	NOUN
.	PUNCT

Thematically	ADV
,	PUNCT
Jasmine	PROPN
also	ADV
represents	VERB
civil	ADJ
rights	NOUN
,	PUNCT
racial	ADJ
tolerance	NOUN
,	PUNCT
social	ADJ
hierarchy	NOUN
,	PUNCT
as	ADV
well	ADV
as	ADP
life	NOUN
,	PUNCT
liberty	NOUN
and	CCONJ
the	DET
pursuit	NOUN
of	ADP
happiness	NOUN
.	PUNCT

However	ADV
,	PUNCT
there	PRON
was	VERB
no	DET
further	ADJ
public	ADJ
recognition	NOUN
of	ADP
her	PRON
wartime	ADJ
resistance	NOUN
and	CCONJ
humanitarian	ADJ
work	NOUN
until	ADP
after	ADP
the	DET
end	NOUN
of	ADP
communist	ADJ
rule	NOUN
in	ADP
Poland	PROPN
.	PUNCT

Really	ADV
Really	ADV
Love	VERB
You	PRON
was	AUX
released	VERB
in	ADP
August	PROPN
and	CCONJ
reach	VERB
the	DET
top	ADJ
50	NUM
;	PUNCT
"	PUNCT
Shaky	ADJ
Ground	PROPN
"	PUNCT
,	PUNCT
the	DET
related	ADJ
single	ADJ
,	PUNCT
appeared	VERB
in	ADP
September	PROPN
but	CCONJ
Geyer	PROPN
was	AUX
already	ADV
in	ADP
the	DET
US	PROPN
.	PUNCT

Having	AUX
enjoyed	VERB
a	DET
career	NOUN
peak	NOUN
at	ADP
home	NOUN
in	ADP
Australia	PROPN
,	PUNCT
Geyer	PROPN
returned	VERB
to	PART
live	VERB
in	ADP
Los	PROPN
Angeles	PROPN
in	ADP
1984	NUM
to	PART
concentrate	VERB
on	SCONJ
breaking	VERB
into	ADP
the	DET
musical	ADJ
scene	NOUN
there	ADV
.	PUNCT

After	SCONJ
its	PRON
progress	NOUN
had	AUX
stalled	VERB
in	ADP
the	DET
Billboard	NOUN
200	NUM
at	ADP
No.	NOUN
96	NUM
,	PUNCT
Thought	VERB
'Ya	PRON
Knew	VERB
climbed	VERB
to	ADP
No.	NOUN
31	NUM
in	ADP
the	DET
UK	PROPN
,	PUNCT
but	CCONJ
the	DET
album	NOUN
charted	VERB
for	ADP
only	ADV
two	NUM
weeks	NOUN
in	ADP
the	DET
UK	PROPN
.	PUNCT

Following	VERB
her	PRON
dismissal	NOUN
,	PUNCT
Peniston	PROPN
took	VERB
playing	VERB
as	ADP
Glinda	PROPN
the	DET
Good	ADJ
Witch	NOUN
in	ADP
a	DET
theatrical	ADJ
production	NOUN
of	ADP
musical	ADJ
play	NOUN
The	DET
Wiz	PROPN
.	PUNCT

Wilkes	PROPN
was	AUX
re-elected	VERB
and	CCONJ
expelled	VERB
twice	ADV
more	ADV
,	PUNCT
before	SCONJ
the	DET
House	PROPN
of	ADP
Commons	PROPN
resolved	VERB
that	SCONJ
his	PRON
candidature	NOUN
was	AUX
invalid	ADJ
and	CCONJ
declared	VERB
the	DET
runner	NOUN
-	PUNCT
up	NOUN
as	ADP
the	DET
victor	NOUN
.	PUNCT

Grafton	PROPN
's	PART
government	NOUN
disintegrated	VERB
in	ADP
1770	NUM
,	PUNCT
allowing	VERB
the	DET
Tories	PROPN
led	VERB
by	ADP
Lord	NOUN
North	PROPN
to	PART
return	VERB
to	ADP
power	NOUN
.	PUNCT

George	PROPN
was	AUX
deeply	ADV
devout	ADJ
and	CCONJ
spent	VERB
hours	NOUN
in	ADP
prayer	NOUN
,	PUNCT
but	CCONJ
his	PRON
piety	NOUN
was	AUX
not	PART
shared	VERB
by	ADP
his	PRON
brothers	NOUN
.	PUNCT

George	PROPN
was	AUX
appalled	VERB
by	ADP
what	PRON
he	PRON
saw	VERB
as	ADP
their	PRON
loose	ADJ
morals	NOUN
.	PUNCT

In	ADP
1770	NUM
,	PUNCT
his	PRON
brother	NOUN
Prince	NOUN
Henry	PROPN
,	PUNCT
Duke	PROPN
of	ADP
Cumberland	PROPN
and	CCONJ
Strathearn	PROPN
,	PUNCT
was	AUX
exposed	VERB
as	ADP
an	DET
adulterer	NOUN
,	PUNCT
and	CCONJ
the	DET
following	VERB
year	NOUN
Cumberland	PROPN
married	VERB
a	DET
young	ADJ
widow	NOUN
,	PUNCT
Anne	PROPN
Horton	PROPN
.	PUNCT

Her	PRON
1981	NUM
album	NOUN
Wild	ADJ
West	PROPN
was	AUX
one	NUM
of	ADP
her	PRON
biggest	ADJ
sellers	NOUN
.	PUNCT

By	ADP
this	DET
time	NOUN
,	PUNCT
extravagant	ADJ
spending	NOUN
and	CCONJ
a	DET
string	NOUN
of	ADP
bad	ADJ
investments	NOUN
by	ADP
her	PRON
investors	NOUN
had	AUX
left	VERB
her	PRON
nearly	ADV
broke	ADJ
.	PUNCT

In	ADP
June	PROPN
2012	NUM
,	PUNCT
the	DET
Icelandic	ADJ
band	NOUN
Sigur	PROPN
Rós	PROPN
released	VERB
a	DET
video	NOUN
for	ADP
the	DET
song	NOUN
"	PUNCT
Fjögur	PROPN
Píanó	PROPN
"	PUNCT
,	PUNCT
starring	VERB
LaBeouf	PROPN
,	PUNCT
in	ADP
which	PRON
he	PRON
appears	VERB
nude	ADJ
.	PUNCT

Louis	PROPN
Post	PROPN
Dispatch	PROPN
called	VERB
it	PRON
one	NUM
of	ADP
LaBeouf	PROPN
's	PART
best	ADJ
performances	NOUN
.	PUNCT

The	DET
car	NOUN
burst	VERB
into	ADP
flames	NOUN
,	PUNCT
and	CCONJ
Kenseth	PROPN
walked	VERB
away	ADV
.	PUNCT

Elliott	PROPN
was	AUX
attending	VERB
his	PRON
father	NOUN
's	PART
funeral	NOUN
on	ADP
the	DET
day	NOUN
of	ADP
the	DET
race	NOUN
.	PUNCT

In	ADP
2003	NUM
,	PUNCT
he	PRON
dominated	VERB
in	ADP
the	DET
points	NOUN
standings	NOUN
and	CCONJ
leading	VERB
the	DET
last	ADJ
33	NUM
of	ADP
36	NUM
races	NOUN
and	CCONJ
became	VERB
the	DET
2003	NUM
NASCAR	PROPN
Winston	PROPN
Cup	NOUN
champion	NOUN
,	PUNCT
the	DET
last	ADJ
driver	NOUN
to	PART
ever	ADV
hold	VERB
that	DET
title	NOUN
.	PUNCT

Rafferty	PROPN
released	VERB
two	NUM
further	ADJ
albums	NOUN
in	ADP
the	DET
1990s	NOUN
in	ADP
what	PRON
musician	NOUN
Tom	PROPN
Robinson	PROPN
later	ADV
described	VERB
as	ADP
"	PUNCT
a	DET
major	ADJ
return	NOUN
to	ADP
form	NOUN
"	PUNCT
.	PUNCT

On	ADP
a	DET
Wing	NOUN
and	CCONJ
a	DET
Prayer	NOUN
(	PUNCT
1992	NUM
)	PUNCT
reunited	VERB
him	PRON
with	ADP
his	PRON
Stealers	PROPN
Wheel	PROPN
partner	NOUN
Egan	PROPN
on	ADP
several	ADJ
tracks	NOUN
.	PUNCT

It	PRON
included	VERB
three	NUM
tracks	NOUN
cowritten	VERB
with	ADP
Rafferty	PROPN
's	PART
brother	NOUN
Jim	PROPN
,	PUNCT
also	ADV
a	DET
singer	NOUN
-	PUNCT
songwriter	NOUN
,	PUNCT
who	PRON
had	AUX
been	AUX
signed	VERB
to	ADP
Decca	PROPN
Records	PROPN
in	ADP
the	DET
1970s	NOUN
.	PUNCT

Rafferty	PROPN
recorded	VERB
a	DET
new	ADJ
version	NOUN
of	ADP
his	PRON
Humblebums	PROPN
song	NOUN
"	PUNCT
Her	PRON
Father	NOUN
Did	AUX
n't	PART
Like	VERB
Me	PRON
Anyway	ADV
"	PUNCT
on	ADP
the	DET
album	NOUN
Over	ADP
My	PRON
Head	NOUN
(	PUNCT
1994	NUM
)	PUNCT
.	PUNCT

These	PRON
were	AUX
the	DET
last	ADJ
two	NUM
records	NOUN
Rafferty	PROPN
produced	VERB
with	ADP
Hugh	PROPN
Murphy	PROPN
,	PUNCT
who	PRON
died	VERB
in	ADP
1998	NUM
.	PUNCT

At	ADP
least	ADJ
330,000	NUM
people	NOUN
,	PUNCT
including	VERB
10,000	NUM
technicians	NOUN
,	PUNCT
were	AUX
involved	VERB
.	PUNCT

Stalin	PROPN
had	AUX
begun	VERB
to	PART
encourage	VERB
Abakumov	PROPN
to	PART
form	VERB
his	PRON
own	ADJ
network	NOUN
inside	ADP
the	DET
MGB	PROPN
to	PART
counter	VERB
Beria	PROPN
's	PART
dominance	NOUN
of	ADP
the	DET
power	NOUN
ministries	NOUN
.	PUNCT

The	DET
patterns	NOUN
presented	VERB
by	ADP
the	DET
data	NOUN
from	ADP
the	DET
Petén	PROPN
region	NOUN
and	CCONJ
Uaxactun	PROPN
allowed	VERB
for	SCONJ
these	DET
sites	NOUN
to	PART
fit	VERB
within	ADP
the	DET
cultural	ADJ
development	NOUN
of	ADP
the	DET
Maya	PROPN
lowlands	NOUN
.	PUNCT

The	DET
article	NOUN
by	ADP
Thompson	PROPN
assumes	VERB
that	SCONJ
the	DET
Maya	PROPN
were	AUX
ultimately	ADV
“	PUNCT
peaceful	ADJ
”	PUNCT
people	NOUN
since	SCONJ
they	PRON
lacked	VERB
apparent	ADJ
defenses	NOUN
.	PUNCT

Sails	NOUN
are	AUX
not	PART
represented	VERB
in	ADP
prehistoric	ADJ
Mesoamerican	ADJ
iconography	NOUN
or	CCONJ
texts	NOUN
,	PUNCT
instead	ADV
,	PUNCT
it	PRON
is	AUX
theorized	VERB
that	SCONJ
canoes	NOUN
were	AUX
used	VERB
as	ADP
a	DET
primary	ADJ
mode	NOUN
of	ADP
water	NOUN
transportation	NOUN
for	ADP
the	DET
ancient	ADJ
Maya	PROPN
.	PUNCT

Starlin	PROPN
took	VERB
over	ADP
as	ADP
plotter	NOUN
the	DET
following	VERB
issue	NOUN
,	PUNCT
and	CCONJ
began	VERB
developing	VERB
an	DET
elaborate	ADJ
story	NOUN
arc	NOUN
centered	VERB
on	ADP
the	DET
villainous	ADJ
Thanos	PROPN
,	PUNCT
and	CCONJ
spread	VERB
across	ADP
a	DET
number	NOUN
of	ADP
Marvel	PROPN
titles	NOUN
.	PUNCT

Concurrently	ADV
in	ADP
the	DET
mid-1970s	NOUN
,	PUNCT
Starlin	PROPN
contributed	VERB
a	DET
cache	NOUN
of	ADP
stories	NOUN
to	ADP
the	DET
independently	ADV
published	VERB
science	NOUN
-	PUNCT
fiction	NOUN
anthology	NOUN
Star	NOUN
Reach	NOUN
.	PUNCT

Through	ADP
his	PRON
grandmother	NOUN
,	PUNCT
Mishima	PROPN
was	AUX
a	DET
direct	ADJ
descendant	NOUN
of	ADP
Tokugawa	PROPN
Ieyasu	PROPN
.	PUNCT

In	ADP
1955	NUM
,	PUNCT
Mishima	PROPN
took	VERB
up	ADP
weight	NOUN
training	NOUN
and	CCONJ
his	PRON
workout	NOUN
regimen	NOUN
of	ADP
three	NUM
sessions	NOUN
per	ADP
week	NOUN
was	AUX
not	PART
disrupted	VERB
for	ADP
the	DET
final	ADJ
15	NUM
years	NOUN
of	ADP
his	PRON
life	NOUN
.	PUNCT

Mishima	PROPN
espoused	VERB
a	DET
very	ADV
individual	ADJ
brand	NOUN
of	ADP
nationalism	NOUN
towards	ADP
the	DET
end	NOUN
of	ADP
his	PRON
life	NOUN
.	PUNCT

In	ADP
2011	NUM
,	PUNCT
Blunt	PROPN
was	AUX
named	VERB
the	DET
ambassadress	NOUN
of	ADP
the	DET
new	ADJ
Yves	PROPN
Saint	PROPN
Laurent	PROPN
fragrance	NOUN
,	PUNCT
Opium	PROPN
.	PUNCT

Blunt	PROPN
starred	VERB
in	ADP
the	DET
2011	NUM
British	ADJ
comedy	NOUN
film	NOUN
Salmon	NOUN
Fishing	NOUN
in	ADP
the	DET
Yemen	PROPN
,	PUNCT
directed	VERB
by	ADP
Lasse	PROPN
Hallström	PROPN
and	CCONJ
co-starring	VERB
Ewan	PROPN
McGregor	PROPN
and	CCONJ
Kristin	PROPN
Scott	PROPN
Thomas	PROPN
.	PUNCT

Also	ADV
that	DET
year	NOUN
,	PUNCT
she	PRON
briefly	ADV
appeared	VERB
in	ADP
Disney	PROPN
's	PART
The	DET
Muppets	PROPN
,	PUNCT
as	ADP
Miss	PROPN
Piggy	PROPN
's	PART
receptionist	NOUN
.	PUNCT

She	PRON
starred	VERB
in	ADP
the	DET
2012	NUM
film	NOUN
The	DET
Five	NUM
-	PUNCT
Year	NOUN
Engagement	NOUN
,	PUNCT
directed	VERB
by	ADP
Nicholas	PROPN
Stoller	PROPN
and	CCONJ
co-starring	VERB
Jason	PROPN
Segel	PROPN
.	PUNCT

In	ADP
January	PROPN
2011	NUM
,	PUNCT
Blunt	PROPN
began	VERB
filming	VERB
an	DET
American	ADJ
science	NOUN
-	PUNCT
fiction	NOUN
film	NOUN
,	PUNCT
Looper	PROPN
,	PUNCT
directed	VERB
by	ADP
Rian	PROPN
Johnson	PROPN
and	CCONJ
co-starring	VERB
Bruce	PROPN
Willis	PROPN
and	CCONJ
Joseph	PROPN
Gordon	PROPN
-	PUNCT
Levitt	PROPN
;	PUNCT
the	DET
film	NOUN
was	AUX
released	VERB
in	ADP
September	PROPN
2012	NUM
.	PUNCT

Valentino	PROPN
tried	VERB
to	PART
distance	VERB
the	DET
character	NOUN
from	ADP
a	DET
stereotypical	ADJ
portrayal	NOUN
of	ADP
an	DET
Arab	ADJ
man	NOUN
.	PUNCT

Joseph	PROPN
Schenck	PROPN
was	AUX
interested	ADJ
in	SCONJ
casting	VERB
his	PRON
wife	NOUN
,	PUNCT
Norma	PROPN
Talmadge	PROPN
,	PUNCT
opposite	ADP
Valentino	PROPN
in	ADP
a	DET
version	NOUN
of	ADP
Romeo	PROPN
and	CCONJ
Juliet	PROPN
.	PUNCT

Lord	PROPN
Halifax	PROPN
,	PUNCT
the	DET
Lord	NOUN
President	NOUN
of	ADP
the	DET
Council	NOUN
,	PUNCT
visited	VERB
Germany	PROPN
privately	ADV
in	ADP
November	PROPN
and	CCONJ
met	VERB
Hitler	PROPN
and	CCONJ
other	ADJ
German	ADJ
officials	NOUN
.	PUNCT

In	SCONJ
addressing	VERB
the	DET
Cabinet	NOUN
shortly	ADV
after	SCONJ
German	ADJ
forces	NOUN
crossed	VERB
the	DET
border	NOUN
,	PUNCT
Chamberlain	PROPN
placed	VERB
blame	NOUN
on	ADP
both	CCONJ
Germany	PROPN
and	CCONJ
Austria	PROPN
.	PUNCT

In	ADP
May	PROPN
,	PUNCT
Czech	ADJ
border	NOUN
guards	NOUN
shot	VERB
two	NUM
Sudeten	ADJ
German	ADJ
farmers	NOUN
who	PRON
were	AUX
trying	VERB
to	PART
cross	VERB
the	DET
border	NOUN
into	ADP
Czechoslovakia	PROPN
without	SCONJ
stopping	VERB
for	ADP
border	NOUN
controls	NOUN
.	PUNCT

During	ADP
this	DET
time	NOUN
,	PUNCT
Marcelle	PROPN
was	AUX
often	ADV
left	VERB
alone	ADV
in	ADP
the	DET
room	NOUN
while	SCONJ
Piaf	PROPN
and	CCONJ
Mômone	PROPN
were	AUX
out	ADV
on	ADP
the	DET
streets	NOUN
or	CCONJ
at	ADP
the	DET
club	NOUN
singing	VERB
.	PUNCT

These	PRON
were	AUX
almost	ADV
completely	ADV
forgotten	VERB
until	ADP
after	ADP
Smith	PROPN
's	PART
death	NOUN
.	PUNCT

Another	DET
theme	NOUN
of	ADP
the	DET
Skylark	PROPN
novels	NOUN
involves	VERB
precursors	NOUN
of	ADP
modern	ADJ
information	NOUN
technology	NOUN
.	PUNCT

As	ADV
early	ADV
as	ADP
1926	NUM
,	PUNCT
Meyer	PROPN
had	AUX
written	VERB
to	ADP
Irène	PROPN
Joliot	PROPN
-	PUNCT
Curie	PROPN
suggesting	VERB
that	SCONJ
Rona	PROPN
work	VERB
with	ADP
her	PRON
to	PART
learn	VERB
how	ADV
his	PRON
laboratory	NOUN
could	AUX
make	VERB
their	PRON
own	ADJ
polonium	NOUN
samples	NOUN
.	PUNCT

Once	SCONJ
Hans	PROPN
Pettersson	PROPN
was	AUX
able	ADJ
to	PART
secure	VERB
funds	NOUN
to	PART
pay	VERB
Rona	PROPN
's	PART
expenses	NOUN
,	PUNCT
Joliot	PROPN
-	PUNCT
Curie	PROPN
allowed	VERB
her	PRON
to	PART
come	VERB
and	CCONJ
study	VERB
polonium	NOUN
separation	NOUN
at	ADP
the	DET
Curie	PROPN
Institute	PROPN
in	ADP
Paris	PROPN
.	PUNCT

Rona	PROPN
developed	VERB
an	DET
enhanced	VERB
method	NOUN
of	SCONJ
preparing	VERB
polonium	NOUN
sources	NOUN
and	CCONJ
producing	VERB
alpha	NOUN
-	PUNCT
emissions	NOUN
.	PUNCT

Gaining	VERB
recognition	NOUN
as	ADP
an	DET
expert	NOUN
in	ADP
the	DET
field	NOUN
,	PUNCT
she	PRON
took	VERB
those	DET
skills	NOUN
back	ADV
to	ADP
the	DET
Radium	PROPN
Institute	PROPN
along	ADP
with	ADP
a	DET
small	ADJ
disc	NOUN
of	ADP
polonium	NOUN
.	PUNCT

This	DET
disc	NOUN
allowed	VERB
Rona	PROPN
to	PART
create	VERB
lab	NOUN
specimens	NOUN
of	ADP
polonium	NOUN
,	PUNCT
which	PRON
were	AUX
used	VERB
in	ADP
much	ADJ
of	ADP
the	DET
Institute	PROPN
's	PART
subsequent	ADJ
research	NOUN
.	PUNCT

During	ADP
the	DET
2013	NUM
off	ADJ
-	PUNCT
season	NOUN
she	PRON
appeared	VERB
on	ADP
CTV	PROPN
Montreal	PROPN
as	ADP
a	DET
guest	NOUN
weather	NOUN
anchor	NOUN
.	PUNCT

She	PRON
next	ADV
faced	VERB
defending	VERB
champion	NOUN
and	CCONJ
top	ADJ
seed	NOUN
Sara	PROPN
Errani	PROPN
,	PUNCT
but	CCONJ
was	AUX
defeated	VERB
.	PUNCT

Bouchard	PROPN
suffered	VERB
a	DET
shocking	ADJ
three	NUM
-	PUNCT
set	NOUN
loss	NOUN
.	PUNCT

When	ADV
their	PRON
daughter	NOUN
Cecily	PROPN
married	VERB
Richard	PROPN
Plantagenet	PROPN
,	PUNCT
the	DET
3rd	ADJ
Duke	PROPN
of	ADP
York	PROPN
,	PUNCT
and	CCONJ
had	VERB
several	ADJ
offspring	NOUN
,	PUNCT
including	VERB
Edward	PROPN
IV	NUM
and	CCONJ
Richard	PROPN
III	NUM
,	PUNCT
Joan	PROPN
became	VERB
the	DET
grandmother	NOUN
of	ADP
two	NUM
York	PROPN
kings	NOUN
of	ADP
England	PROPN
.	PUNCT

John	PROPN
of	ADP
Gaunt	PROPN
died	VERB
in	ADP
1399	NUM
.	PUNCT

The	DET
knight	NOUN
Lyvet	PROPN
was	AUX
released	VERB
and	CCONJ
his	PRON
follower	NOUN
thrown	VERB
into	ADP
the	DET
Tower	PROPN
.	PUNCT

Not	PART
long	ADV
ago	ADV
he	PRON
was	AUX
divorced	VERB
from	ADP
the	DET
actress	NOUN
,	PUNCT
Gloria	PROPN
Holden	PROPN
,	PUNCT
but	CCONJ
carried	VERB
the	DET
torch	NOUN
after	ADP
the	DET
marital	ADJ
rift	NOUN
.	PUNCT

He	PRON
co-starred	VERB
as	ADP
Humphrey	PROPN
Bogart	PROPN
's	PART
younger	ADJ
brother	NOUN
,	PUNCT
a	DET
carefree	ADJ
playboy	NOUN
,	PUNCT
in	ADP
Sabrina	PROPN
(	PUNCT
1954	NUM
)	PUNCT
,	PUNCT
played	VERB
by	ADP
Audrey	PROPN
Hepburn	PROPN
.	PUNCT

He	PRON
chose	VERB
not	PART
to	PART
seek	VERB
a	DET
third	ADJ
term	NOUN
in	ADP
the	DET
following	VERB
election	NOUN
cycle	NOUN
.	PUNCT

The	DET
1980	NUM
presidential	ADJ
campaign	NOUN
between	ADP
Reagan	PROPN
and	CCONJ
incumbent	ADJ
President	NOUN
Jimmy	PROPN
Carter	PROPN
was	AUX
conducted	VERB
during	ADP
domestic	ADJ
concerns	NOUN
and	CCONJ
the	DET
ongoing	ADJ
Iran	PROPN
hostage	NOUN
crisis	NOUN
.	PUNCT

Republicans	PROPN
captured	VERB
the	DET
Senate	PROPN
for	ADP
the	DET
first	ADJ
time	NOUN
since	ADP
1952	NUM
,	PUNCT
and	CCONJ
gained	VERB
34	NUM
House	PROPN
seats	NOUN
,	PUNCT
but	CCONJ
the	DET
Democrats	PROPN
retained	VERB
a	DET
majority	NOUN
.	PUNCT

He	PRON
recovered	VERB
and	CCONJ
was	AUX
released	VERB
from	ADP
the	DET
hospital	NOUN
on	ADP
April	PROPN
11	NUM
,	PUNCT
becoming	VERB
the	DET
first	ADJ
serving	VERB
U.S.	PROPN
president	NOUN
to	PART
survive	VERB
being	AUX
shot	VERB
in	ADP
an	DET
assassination	NOUN
attempt	NOUN
.	PUNCT

Reagan	PROPN
believed	VERB
that	SCONJ
God	PROPN
had	AUX
spared	VERB
his	PRON
life	NOUN
so	SCONJ
that	SCONJ
he	PRON
might	AUX
go	VERB
on	ADV
to	PART
fulfill	VERB
a	DET
greater	ADJ
purpose	NOUN
.	PUNCT

Bloch	PROPN
is	AUX
concerned	VERB
to	PART
establish	VERB
hope	NOUN
as	ADP
the	DET
guiding	VERB
principle	NOUN
of	ADP
his	PRON
Marxism	PROPN
and	CCONJ
stresses	VERB
the	DET
implied	VERB
humanism	NOUN
inherent	ADJ
in	ADP
mystical	ADJ
tradition	NOUN
.	PUNCT

A	DET
proper	ADJ
theology	NOUN
would	AUX
therefore	ADV
have	VERB
to	PART
be	AUX
constructed	VERB
in	ADP
the	DET
light	NOUN
of	ADP
its	PRON
future	ADJ
goal	NOUN
.	PUNCT

Pebe	PROPN
moved	VERB
the	DET
family	NOUN
to	ADP
Nashville	PROPN
,	PUNCT
Tennessee	PROPN
,	PUNCT
in	ADP
1991	NUM
after	SCONJ
securing	VERB
a	DET
new	ADJ
publishing	NOUN
deal	NOUN
for	ADP
her	PRON
songwriting	NOUN
.	PUNCT

Kesha	PROPN
and	CCONJ
Pebe	PROPN
co-wrote	VERB
the	DET
song	NOUN
"	PUNCT
Stephen	PROPN
"	PUNCT
together	ADV
when	ADV
Kesha	PROPN
was	AUX
16	NUM
,	PUNCT
Kesha	PROPN
then	ADV
tracked	VERB
down	ADP
David	PROPN
Gamson	PROPN
,	PUNCT
a	DET
producer	NOUN
that	PRON
she	PRON
admired	VERB
,	PUNCT
from	ADP
Scritti	PROPN
Politti	PROPN
who	PRON
agreed	VERB
to	PART
produce	VERB
the	DET
song	NOUN
.	PUNCT

As	ADP
of	ADP
August	PROPN
2015	NUM
,	PUNCT
Kesha	PROPN
has	AUX
released	VERB
little	ADJ
information	NOUN
about	ADP
her	PRON
upcoming	ADJ
third	ADJ
studio	NOUN
album	NOUN
.	PUNCT

This	DET
time	NOUN
it	PRON
reached	VERB
him	PRON
,	PUNCT
but	CCONJ
he	PRON
refused	VERB
to	PART
believe	VERB
that	SCONJ
she	PRON
no	ADV
longer	ADV
wanted	VERB
to	PART
be	AUX
married	VERB
to	ADP
him	PRON
.	PUNCT

Wright	PROPN
was	AUX
born	VERB
in	ADP
Poole	PROPN
,	PUNCT
Dorset	PROPN
,	PUNCT
but	CCONJ
grew	VERB
up	ADP
predominantly	ADV
in	ADP
Wells	PROPN
,	PUNCT
Somerset	PROPN
.	PUNCT

Wright	PROPN
has	VERB
a	DET
brother	NOUN
,	PUNCT
Oscar	PROPN
,	PUNCT
who	PRON
is	AUX
a	DET
comic	ADJ
book	NOUN
artist	NOUN
,	PUNCT
contributing	VERB
storyboards	NOUN
,	PUNCT
conceptual	ADJ
art	NOUN
and	CCONJ
promotional	ADJ
pictures	NOUN
for	ADP
Edgar	PROPN
's	PART
films	NOUN
.	PUNCT

Wright	PROPN
is	AUX
a	DET
friend	NOUN
of	ADP
fellow	ADJ
director	NOUN
Garth	PROPN
Jennings	PROPN
,	PUNCT
and	CCONJ
made	VERB
cameos	NOUN
in	ADP
his	PRON
films	NOUN
The	DET
Hitchhiker	NOUN
's	PART
Guide	NOUN
to	ADP
the	DET
Galaxy	NOUN
and	CCONJ
Son	NOUN
of	ADP
Rambow	PROPN
.	PUNCT

The	DET
Great	ADJ
Powers	PROPN
did	AUX
not	PART
fulfill	VERB
the	DET
requests	NOUN
for	ADP
recognition	NOUN
of	ADP
Albania	PROPN
.	PUNCT

At	ADP
the	DET
beginning	NOUN
of	ADP
the	DET
London	PROPN
conference	NOUN
in	ADP
December	PROPN
1912	NUM
the	DET
ambassadors	NOUN
of	ADP
all	DET
six	NUM
Great	ADJ
Powers	PROPN
rejected	VERB
the	DET
plan	NOUN
for	SCONJ
establishing	VERB
an	DET
independent	ADJ
Albania	PROPN
.	PUNCT

Instead	ADV
,	PUNCT
they	PRON
decided	VERB
that	SCONJ
Albania	PROPN
would	AUX
be	AUX
under	ADP
Ottoman	PROPN
suzerainty	NOUN
but	CCONJ
with	ADP
an	DET
autonomous	ADJ
government	NOUN
.	PUNCT

After	SCONJ
it	PRON
became	VERB
obvious	ADJ
that	SCONJ
Ottoman	PROPN
Empire	PROPN
would	AUX
lose	VERB
all	DET
of	ADP
Macedonia	PROPN
and	CCONJ
its	PRON
territorial	ADJ
connection	NOUN
with	ADP
Albania	PROPN
,	PUNCT
the	DET
Great	ADJ
Powers	PROPN
realized	VERB
they	PRON
had	VERB
to	PART
change	VERB
their	PRON
decision	NOUN
.	PUNCT

The	DET
Treaty	PROPN
of	ADP
London	PROPN
,	PUNCT
signed	VERB
on	ADP
30	NUM
May	PROPN
1913	NUM
,	PUNCT
partitioned	VERB
significant	ADJ
part	NOUN
of	ADP
territory	NOUN
claimed	VERB
by	ADP
Albania	PROPN
,	PUNCT
regardless	ADP
its	PRON
ethnic	ADJ
composition	NOUN
,	PUNCT
between	ADP
the	DET
Balkan	ADJ
allies	NOUN
reducing	VERB
the	DET
territory	NOUN
of	ADP
Albania	PROPN
to	ADP
its	PRON
central	ADJ
regions	NOUN
.	PUNCT

The	DET
officers	NOUN
were	AUX
able	ADJ
to	PART
subdue	VERB
the	DET
53	NUM
year	NOUN
old	ADJ
during	ADP
the	DET
act	NOUN
on	ADP
Sunday	PROPN
morning	NOUN
.	PUNCT

King	PROPN
Salaman	PROPN
replaced	VERB
the	DET
political	ADJ
veteran	NOUN
with	ADP
the	DET
head	NOUN
of	ADP
financial	ADJ
oversight	NOUN
,	PUNCT
Mohammed	PROPN
al	PROPN
-	PUNCT
Jadaan	PROPN
.	PUNCT

Oil	NOUN
,	PUNCT
gold	NOUN
or	CCONJ
food	NOUN
products	NOUN
,	PUNCT
such	ADJ
as	ADP
wheat	NOUN
,	PUNCT
are	AUX
natural	ADJ
resources	NOUN
,	PUNCT
in	ADP
which	PRON
investors	NOUN
invest	VERB
billions	NOUN
worldwide	ADV
.	PUNCT

With	ADP
71	NUM
goals	NOUN
in	ADP
137	NUM
international	ADJ
matches	NOUN
,	PUNCT
he	PRON
has	AUX
shot	VERB
a	DET
record	NOUN
number	NOUN
of	ADP
goals	NOUN
for	ADP
the	DET
DFB	PROPN
.	PUNCT

With	ADP
the	DET
help	NOUN
of	ADP
debit	NOUN
card	NOUN
data	NOUN
,	PUNCT
the	DET
Essen	PROPN
police	NOUN
are	AUX
investigating	VERB
four	NUM
people	NOUN
who	PRON
stood	VERB
by	ADV
and	CCONJ
watched	VERB
while	SCONJ
a	DET
retiree	NOUN
died	VERB
in	ADP
a	DET
bank	NOUN
.	PUNCT

The	DET
spokesman	NOUN
did	AUX
not	PART
rule	VERB
out	ADP
the	DET
possibility	NOUN
that	SCONJ
others	NOUN
would	AUX
also	ADV
be	AUX
investigated	VERB
.	PUNCT

Because	SCONJ
series	NOUN
1	NUM
is	AUX
no	ADV
longer	ADV
the	DET
old	ADJ
one	NOUN
,	PUNCT
many	ADJ
users	NOUN
can	AUX
save	VERB
100	NUM
euros	NOUN
.	PUNCT

The	DET
photo	NOUN
clearly	ADV
shows	VERB
the	DET
narrow	ADJ
touch	NOUN
display	NOUN
bar	NOUN
above	ADP
the	DET
keyboard	NOUN
that	PRON
has	AUX
been	AUX
anticipated	VERB
in	ADP
rumors	NOUN
.	PUNCT

One	NOUN
does	AUX
n't	PART
know	VERB
in	ADP
which	DET
way	NOUN
both	DET
dramatists	NOUN
would	AUX
have	AUX
worked	VERB
together	ADV
.	PUNCT

A	DET
Swedish	ADJ
study	NOUN
has	AUX
shown	VERB
that	SCONJ
animals	NOUN
seldom	ADV
,	PUNCT
if	SCONJ
at	ADV
all	ADV
,	PUNCT
land	VERB
after	ADP
the	DET
2	NUM
month	NOUN
breeding	NOUN
period	NOUN
.	PUNCT

According	VERB
to	ADP
Parker	PROPN
,	PUNCT
Russian	ADJ
Secret	ADJ
Service	PROPN
agents	NOUN
are	AUX
active	ADJ
in	ADP
large	ADJ
numbers	NOUN
in	ADP
Great	ADJ
Britain	PROPN
.	PUNCT

Russia	PROPN
announced	VERB
a	DET
suspension	NOUN
of	ADP
the	DET
contract	NOUN
at	ADP
the	DET
beginning	NOUN
of	ADP
October	PROPN
.	PUNCT

The	DET
law	NOUN
delineates	VERB
a	DET
number	NOUN
of	ADP
conditions	NOUN
whose	PRON
fulfillment	NOUN
could	AUX
bring	VERB
the	DET
agreement	NOUN
back	ADV
into	ADP
effect	NOUN
:	PUNCT
the	DET
USA	PROPN
would	AUX
have	VERB
to	PART
withdraw	VERB
all	DET
of	ADP
its	PRON
troops	NOUN
from	ADP
countries	NOUN
who	PRON
joined	VERB
NATO	PROPN
after	ADP
2000	NUM
,	PUNCT
rescind	VERB
all	DET
of	ADP
the	DET
sanctions	NOUN
against	ADP
Russia	PROPN
as	ADV
well	ADV
as	ADP
reimburse	VERB
the	DET
costs	NOUN
that	PRON
have	AUX
been	AUX
incurred	VERB
as	ADP
a	DET
result	NOUN
of	ADP
the	DET
sanctions	NOUN
.	PUNCT

It	PRON
is	AUX
a	DET
political	ADJ
process	NOUN
and	CCONJ
I	PRON
have	AUX
decided	VERB
not	PART
to	PART
be	AUX
present	ADJ
,	PUNCT
so	ADV
it	PRON
was	AUX
said	VERB
.	PUNCT

If	SCONJ
a	DET
Turkish	ADJ
employee	NOUN
quits	VERB
,	PUNCT
then	ADV
the	DET
Turkish	ADJ
work	NOUN
councils	NOUN
come	VERB
.	PUNCT

From	ADP
this	DET
point	NOUN
of	ADP
view	NOUN
,	PUNCT
stale	ADJ
structures	NOUN
and	CCONJ
a	DET
self	NOUN
-	PUNCT
satisfied	ADJ
elite	NOUN
are	AUX
the	DET
reason	NOUN
why	ADV
the	DET
health	NOUN
system	NOUN
,	PUNCT
education	NOUN
and	CCONJ
foreign	ADJ
trade	NOUN
in	ADP
the	DET
USA	PROPN
is	AUX
in	ADP
such	ADJ
bad	ADJ
shape	NOUN
.	PUNCT

Kühn	PROPN
can	AUX
only	ADV
shake	VERB
his	PRON
head	NOUN
.	PUNCT

The	DET
newspaper	NOUN
"	PUNCT
Die	PROPN
ZEIT	PROPN
"	PUNCT
first	ADV
inquired	VERB
with	ADP
the	DET
real	ADJ
estate	NOUN
business	NOUN
about	ADP
its	PRON
dubious	ADJ
cash	NOUN
flows	NOUN
and	CCONJ
the	DET
threat	NOUN
of	ADP
insolvency	NOUN
in	ADP
July	PROPN
.	PUNCT

The	DET
witching	NOUN
hour	NOUN
starts	VERB
up	ADP
at	ADP
least	ADJ
by	ADP
the	DET
time	NOUN
the	DET
scary	ADJ
organ	NOUN
is	AUX
played	VERB
,	PUNCT
such	ADJ
as	ADP
in	ADP
the	DET
60s	NOUN
hit	NOUN
Monster	PROPN
Mash	PROPN
.	PUNCT

Von	PROPN
Beust	PROPN
justified	VERB
the	DET
cost	NOUN
increases	NOUN
as	ADP
lack	NOUN
of	ADP
detailed	ADJ
planning	NOUN
.	PUNCT

Simon	PROPN
Krätschmer	PROPN
gropes	VERB
around	ADV
alone	ADV
through	ADP
the	DET
dilapidated	ADJ
,	PUNCT
sinister	ADJ
barrack	NOUN
.	PUNCT

That	PRON
is	VERB
because	SCONJ
each	DET
and	CCONJ
every	DET
miracle	NOUN
and	CCONJ
each	DET
specialized	ADJ
district	NOUN
occupies	VERB
an	DET
entire	ADJ
field	NOUN
.	PUNCT

Production	NOUN
of	ADP
the	DET
smartphone	NOUN
model	NOUN
was	AUX
completely	ADV
discontinued	VERB
.	PUNCT

It	PRON
was	AUX
August	PROPN
30	NUM
,	PUNCT
2015	NUM
,	PUNCT
as	SCONJ
an	DET
army	NOUN
of	ADP
ducks	NOUN
conquered	VERB
the	DET
internet	NOUN
.	PUNCT

The	DET
smartphone	NOUN
generation	NOUN
received	VERB
an	DET
app	NOUN
it	PRON
deserved	VERB
,	PUNCT
where	ADV
,	PUNCT
in	ADP
the	DET
best	ADJ
case	NOUN
scenario	NOUN
,	PUNCT
the	DET
most	ADV
idiotic	ADJ
situation	NOUN
received	VERB
an	DET
audience	NOUN
of	ADP
millions	NOUN
.	PUNCT

On	ADP
the	DET
other	ADJ
hand	NOUN
,	PUNCT
Vine	PROPN
was	AUX
art	NOUN
in	ADP
six	NUM
seconds	NOUN
.	PUNCT

And	CCONJ
now	ADV
he	PRON
is	AUX
also	ADV
world	NOUN
champion	NOUN
.	PUNCT

For	ADP
Kerber	PROPN
,	PUNCT
the	DET
season	NOUN
finale	NOUN
nevertheless	ADV
marks	VERB
the	DET
end	NOUN
of	ADP
an	DET
unbelievable	ADJ
year	NOUN
.	PUNCT

After	ADP
the	DET
sensation	NOUN
at	ADP
the	DET
Australian	PROPN
Open	PROPN
,	PUNCT
the	DET
28	NUM
year	NOUN
-	PUNCT
old	ADJ
lost	VERB
for	ADP
the	DET
first	ADJ
time	NOUN
in	ADP
the	DET
final	ADJ
game	NOUN
against	ADP
Serena	PROPN
Williams	PROPN
.	PUNCT

It	PRON
is	AUX
now	ADV
only	ADV
unclear	ADJ
,	PUNCT
in	ADP
which	DET
one	NOUN
.	PUNCT

Do	AUX
you	PRON
argue	VERB
with	ADP
your	PRON
alarm	NOUN
clock	NOUN
?	PUNCT

It	PRON
's	AUX
clear	ADJ
:	PUNCT
Men	NOUN
could	AUX
have	VERB
more	ADJ
responsibility	NOUN
in	ADP
matters	NOUN
of	ADP
contraception	NOUN
.	PUNCT

According	VERB
to	ADP
Christian	ADJ
belief	NOUN
,	PUNCT
a	DET
grave	NOUN
which	PRON
had	AUX
been	AUX
embedded	VERB
in	ADP
the	DET
chalkstone	NOUN
was	AUX
the	DET
last	ADJ
resting	VERB
place	NOUN
of	ADP
Jesus	PROPN
.	PUNCT

The	DET
reason	NOUN
for	SCONJ
advertising	VERB
the	DET
video	NOUN
in	ADP
Germany	PROPN
is	AUX
unclear	ADJ
.	PUNCT

I	PRON
was	AUX
asked	VERB
by	ADP
the	DET
officers	NOUN
,	PUNCT
in	ADP
their	PRON
inimitably	ADV
dumb	ADJ
way	NOUN
,	PUNCT
whether	SCONJ
I	PRON
knew	VERB
the	DET
writer	NOUN
Günter	PROPN
de	PROPN
Bruyn	PROPN
and	CCONJ
whether	SCONJ
we	PRON
are	AUX
intellectual	ADJ
relatives	NOUN
.	PUNCT

The	DET
Canadian	ADJ
investigator	NOUN
of	ADP
the	DET
plane	NOUN
crash	NOUN
Larry	PROPN
Vance	PROPN
told	VERB
SPIEGEL	PROPN
that	SCONJ
he	PRON
is	AUX
convinced	ADJ
that	SCONJ
one	NUM
of	ADP
the	DET
pilots	NOUN
had	AUX
intended	VERB
to	PART
land	VERB
the	DET
machine	NOUN
on	ADP
the	DET
ocean	NOUN
surface	NOUN
-	PUNCT
so	SCONJ
that	SCONJ
it	PRON
would	AUX
sink	VERB
.	PUNCT

The	DET
Australian	ADJ
experts	NOUN
drew	VERB
new	ADJ
conclusions	NOUN
from	ADP
the	DET
investigation	NOUN
of	ADP
a	DET
landing	NOUN
flap	NOUN
from	ADP
Boeing	PROPN
that	PRON
had	AUX
washed	VERB
up	ADP
in	ADP
Tanzania	PROPN
in	ADP
East	PROPN
Africa	PROPN
.	PUNCT

The	DET
issue	NOUN
might	AUX
not	PART
be	AUX
over	ADJ
for	ADP
Barroso	PROPN
.	PUNCT

The	DET
exchange	NOUN
of	ADP
Barrosos	PROPN
caused	VERB
a	DET
big	ADJ
stir	NOUN
.	PUNCT

The	DET
current	ADJ
arrests	NOUN
are	AUX
"	PUNCT
a	DET
continuation	NOUN
of	ADP
the	DET
shenanigans	NOUN
against	ADP
us	PRON
,	PUNCT
"	PUNCT
said	VERB
Dündar	PROPN
.	PUNCT

For	ADP
the	DET
time	NOUN
being	VERB
,	PUNCT
the	DET
deal	NOUN
between	ADP
Aoun	PROPN
and	CCONJ
Hariri	PROPN
has	AUX
brought	VERB
the	DET
two	NUM
enemy	NOUN
factions	NOUN
closer	ADV
together	ADV
.	PUNCT

The	DET
husband	NOUN
of	ADP
the	DET
current	ADJ
candidate	NOUN
for	ADP
the	DET
White	PROPN
House	PROPN
,	PUNCT
Hillary	PROPN
Clinton	PROPN
,	PUNCT
pardoned	VERB
a	DET
number	NOUN
of	ADP
people	NOUN
,	PUNCT
also	ADV
including	VERB
Rich	PROPN
,	PUNCT
on	ADP
the	DET
last	ADJ
day	NOUN
of	ADP
his	PRON
presidency	NOUN
,	PUNCT
January	PROPN
20	NUM
,	PUNCT
2001	NUM
.	PUNCT

Dündar	PROPN
warned	VERB
Europe	PROPN
about	SCONJ
having	VERB
too	ADV
much	ADJ
understanding	NOUN
for	ADP
Erdogan	PROPN
's	PART
course	NOUN
.	PUNCT

Adnan	PROPN
Z.	PROPN
Amin	PROPN
,	PUNCT
General	ADJ
Director	NOUN
of	ADP
the	DET
International	ADJ
Organization	PROPN
for	ADP
Renewable	ADJ
Energies	PROPN
(	PUNCT
IRENA	PROPN
)	PUNCT
is	AUX
certain	ADJ
:	PUNCT
"	PUNCT
Offshore	ADJ
wind	NOUN
power	NOUN
can	AUX
become	VERB
the	DET
top	ADJ
power	NOUN
generator	NOUN
in	ADP
a	DET
global	ADJ
economy	NOUN
that	PRON
is	AUX
free	ADJ
of	ADP
coal	NOUN
-	PUNCT
based	VERB
energy	NOUN
.	PUNCT
"	PUNCT

The	DET
good	ADJ
numbers	NOUN
in	ADP
Asia	PROPN
promptly	ADV
pushed	VERB
the	DET
stock	NOUN
markets	NOUN
up	ADP
.	PUNCT

One	PRON
expects	VERB
a	DET
bump	NOUN
from	ADP
the	DET
booming	ADJ
real	ADJ
estate	NOUN
market	NOUN
and	CCONJ
increasing	VERB
federal	ADJ
expenditures	NOUN
.	PUNCT

The	DET
two	NUM
paintings	NOUN
by	ADP
Lucas	PROPN
Cranach	PROPN
the	DET
Elder	ADJ
on	ADP
display	NOUN
are	AUX
especially	ADV
eye	NOUN
-	PUNCT
catching	ADJ
.	PUNCT

Therefore	ADV
the	DET
irksome	ADJ
signs	NOUN
will	AUX
not	PART
completely	ADV
disappear	VERB
:	PUNCT
According	VERB
to	ADP
information	NOUN
from	ADP
the	DET
news	NOUN
agency	NOUN
dpa	PROPN
,	PUNCT
they	PRON
will	AUX
only	ADV
be	AUX
activated	VERB
if	SCONJ
,	PUNCT
for	ADP
instance	NOUN
,	PUNCT
the	DET
artist	NOUN
or	CCONJ
record	NOUN
label	NOUN
is	AUX
not	PART
a	DET
member	NOUN
of	ADP
GEMA	PROPN
and	CCONJ
does	AUX
not	PART
have	VERB
an	DET
agreement	NOUN
with	ADP
YouTube	PROPN
.	PUNCT

The	DET
contaminants	NOUN
not	PART
only	ADV
attack	VERB
the	DET
undeveloped	ADJ
lungs	NOUN
of	ADP
the	DET
little	ADJ
ones	NOUN
;	PUNCT
they	PRON
can	AUX
also	ADV
lead	VERB
to	ADP
long	ADJ
-	PUNCT
term	NOUN
impairment	NOUN
in	ADP
the	DET
development	NOUN
of	ADP
the	DET
adolescent	ADJ
brain	NOUN
.	PUNCT

It	PRON
is	AUX
no	DET
surprise	NOUN
that	SCONJ
the	DET
federal	ADJ
and	CCONJ
state	NOUN
governments	NOUN
have	AUX
classified	VERB
the	DET
National	ADJ
Natural	ADJ
Heritage	NOUN
as	ADP
a	DET
nation	NOUN
-	PUNCT
wide	ADJ
endeavor	NOUN
of	ADP
the	DET
highest	ADJ
priority	NOUN
and	CCONJ
have	AUX
documented	VERB
it	PRON
starting	VERB
in	ADP
2005	NUM
in	ADP
a	DET
coalition	NOUN
contract	NOUN
.	PUNCT

Unlike	ADP
that	PRON
of	ADP
the	DET
28th	NOUN
of	ADP
October	PROPN
,	PUNCT
Mr.	PROPN
Comey	PROPN
's	PART
letter	NOUN
has	AUX
hardly	ADV
been	AUX
commented	VERB
upon	ADP
.	PUNCT

If	SCONJ
his	PRON
Democrat	PROPN
opponent	NOUN
were	VERB
to	PART
be	AUX
elected	VERB
,	PUNCT
he	PRON
assured	VERB
that	SCONJ
she	PRON
would	AUX
be	VERB
'	PUNCT
under	ADP
investigation	NOUN
for	ADP
years	NOUN
'	PUNCT
.	PUNCT

"	PUNCT
If	SCONJ
somebody	PRON
ca	AUX
n't	PART
handle	VERB
a	DET
Twitter	PROPN
account	NOUN
,	PUNCT
they	PRON
ca	AUX
n't	PART
handle	VERB
the	DET
nuclear	ADJ
codes	NOUN
,	PUNCT
"	PUNCT
Obama	PROPN
mocked	VERB
.	PUNCT

According	VERB
to	ADP
the	DET
programme	NOUN
,	PUNCT
she	PRON
will	AUX
speak	VERB
at	ADP
23.45	NUM
.	PUNCT

On	ADP
Tuesday	PROPN
,	PUNCT
the	DET
United	ADJ
States	PROPN
of	ADP
America	PROPN
could	AUX
elect	VERB
the	DET
first	ADJ
female	ADJ
president	NOUN
in	ADP
its	PRON
history	NOUN
.	PUNCT

On	ADP
the	DET
other	ADJ
hand	NOUN
,	PUNCT
Ms.	PROPN
Clinton	PROPN
's	PART
relations	NOUN
with	ADP
the	DET
continent	NOUN
over	ADP
the	DET
past	ADJ
twenty	NUM
years	NOUN
leave	VERB
much	ADJ
to	PART
be	AUX
desired	VERB
.	PUNCT

The	DET
AKP	PROPN
's	PART
Islamic	ADJ
conservatives	NOUN
have	AUX
taken	VERB
this	DET
refusal	NOUN
as	ADP
justification	NOUN
for	ADP
the	DET
questionings	NOUN
.	PUNCT

A	DET
third	ADJ
-	PUNCT
party	NOUN
majority	NOUN
is	AUX
needed	VERB
,	PUNCT
specifically	ADV
the	DET
votes	NOUN
of	ADP
367	NUM
MPs	NOUN
(	PUNCT
out	ADP
of	ADP
550	NUM
)	PUNCT
,	PUNCT
whereas	SCONJ
330	NUM
votes	NOUN
are	AUX
required	VERB
in	ADP
order	NOUN
to	PART
trigger	VERB
a	DET
referendum	NOUN
.	PUNCT

On	ADP
Thursday	PROPN
,	PUNCT
the	DET
3rd	NOUN
of	ADP
November	PROPN
,	PUNCT
the	DET
mayor	NOUN
of	ADP
Saint	PROPN
-	PUNCT
Gaudens	PROPN
(	PUNCT
in	ADP
the	DET
Haute	PROPN
-	PUNCT
Garonne	PROPN
region	NOUN
)	PUNCT
decided	VERB
to	PART
suspend	VERB
the	DET
urban	ADJ
development	NOUN
agreement	NOUN
with	ADP
the	DET
government	NOUN
formed	VERB
in	ADP
2014	NUM
.	PUNCT

The	DET
latter	NOUN
is	AUX
overseeing	VERB
the	DET
Republican	ADJ
primaries	NOUN
,	PUNCT
in	ADP
which	PRON
Rachida	PROPN
Dati	PROPN
supports	VERB
Nicolas	PROPN
Sarkozy	PROPN
's	PART
candidacy	NOUN
.	PUNCT

In	ADP
the	DET
message	NOUN
,	PUNCT
the	DET
former	ADJ
Minister	NOUN
for	ADP
Justice	NOUN
accused	VERB
Brice	PROPN
Hortefeux	PROPN
of	ADP
being	AUX
a	DET
'	PUNCT
fascist	NOUN
'	PUNCT
,	PUNCT
'	PUNCT
Minister	NOUN
(	PUNCT
moron	NOUN
)	PUNCT
of	ADP
the	DET
Interior	NOUN
'	PUNCT
and	CCONJ
a	DET
'	PUNCT
thug	NOUN
'	PUNCT
.	PUNCT

What	PRON
are	AUX
the	DET
limits	NOUN
that	PRON
could	AUX
inhibit	VERB
the	DET
expression	NOUN
of	ADP
religious	ADJ
beliefs	NOUN
in	ADP
private	ADJ
companies	NOUN
?	PUNCT

Even	ADV
if	SCONJ
the	DET
majority	NOUN
of	ADP
situations	NOUN
that	PRON
arise	VERB
in	ADP
the	DET
workplace	NOUN
can	AUX
be	AUX
resolved	VERB
without	ADP
conflict	NOUN
.	PUNCT

Are	AUX
workers	NOUN
allowed	VERB
to	PART
keep	VERB
religious	ADJ
objects	NOUN
on	ADP
their	PRON
desks	NOUN
?	PUNCT

The	DET
Force	X
Ouvrière	X
union	NOUN
regrets	VERB
that	SCONJ
its	PRON
remarks	NOUN
on	ADP
the	DET
content	NOUN
of	ADP
the	DET
guide	NOUN
were	AUX
not	PART
included	VERB
:	PUNCT
"	PUNCT
There	PRON
was	AUX
n't	PART
really	ADV
any	DET
consultation	NOUN
,	PUNCT
"	PUNCT
said	VERB
Ms.	PROPN
Gillard	PROPN
.	PUNCT

The	DET
guide	NOUN
is	AUX
problematic	ADJ
,	PUNCT
firstly	ADV
because	SCONJ
it	PRON
has	AUX
been	AUX
developed	VERB
"	PUNCT
in	ADP
the	DET
context	NOUN
of	ADP
a	DET
state	NOUN
of	ADP
emergency	NOUN
"	PUNCT
.	PUNCT

This	DET
clause	NOUN
included	VERB
the	DET
time	NOUN
taken	VERB
to	PART
travel	VERB
to	ADP
clients	NOUN
'	PART
homes	NOUN
in	ADP
working	VERB
hours	NOUN
.	PUNCT

The	DET
two	NUM
organisations	NOUN
launched	VERB
an	DET
appeal	NOUN
which	PRON
was	AUX
thrown	VERB
out	ADV
by	ADP
the	DET
Court	NOUN
of	ADP
Cassation	NOUN
on	ADP
the	DET
12th	NOUN
of	ADP
October	PROPN
.	PUNCT

It	PRON
aims	VERB
to	PART
take	VERB
the	DET
journey	NOUN
time	NOUN
into	ADP
account	NOUN
after	SCONJ
deducting	VERB
this	PRON
from	ADP
the	DET
working	VERB
hours	NOUN
actually	ADV
completed	VERB
,	PUNCT
without	SCONJ
being	AUX
able	ADJ
to	PART
measure	VERB
the	DET
real	ADJ
journey	NOUN
time	NOUN
.	PUNCT

The	DET
working	VERB
time	NOUN
undertaken	VERB
in	ADP
this	DET
first	ADJ
hour	NOUN
is	AUX
more	ADV
or	CCONJ
less	ADV
equal	ADJ
to	ADP
45	NUM
minutes	NOUN
.	PUNCT

"	PUNCT
ETA	PROPN
is	VERB
on	ADP
its	PRON
way	NOUN
out	ADV
,	PUNCT
"	PUNCT
the	DET
French	ADJ
contingent	NOUN
revealed	VERB
.	PUNCT

He	PRON
also	ADV
remarked	VERB
that	SCONJ
"	PUNCT
the	DET
existence	NOUN
of	ADP
such	DET
a	DET
document	NOUN
could	AUX
lead	VERB
to	ADP
consequences	NOUN
that	PRON
are	AUX
as	ADV
likely	ADJ
as	SCONJ
they	PRON
are	AUX
unacceptable	ADJ
"	PUNCT
.	PUNCT

The	DET
French	ADJ
Digital	ADJ
Council	PROPN
,	PUNCT
which	PRON
advises	VERB
on	ADP
bills	NOUN
in	ADP
line	NOUN
with	ADP
questions	NOUN
of	ADP
digital	ADJ
technology	NOUN
,	PUNCT
could	AUX
also	ADV
scrutinise	VERB
it	PRON
.	PUNCT

According	VERB
to	ADP
Le	PROPN
Figaro	PROPN
,	PUNCT
this	DET
government	NOUN
plan	NOUN
could	AUX
free	VERB
up	ADP
42	NUM
million	NUM
euros	NOUN
,	PUNCT
of	ADP
which	PRON
15.5	NUM
million	NUM
would	AUX
go	VERB
towards	ADP
security	NOUN
.	PUNCT

France	PROPN
does	AUX
n't	PART
have	VERB
a	DET
good	ADJ
reputation	NOUN
.	PUNCT

Tina	PROPN
Anselmi	PROPN
was	AUX
born	VERB
on	ADP
the	DET
25th	NOUN
of	ADP
March	PROPN
,	PUNCT
1927	NUM
in	ADP
Castelfranco	PROPN
Veneto	PROPN
;	PUNCT
she	PRON
grew	VERB
up	ADP
in	ADP
an	DET
anti-fascist	ADJ
Catholic	ADJ
family	NOUN
,	PUNCT
which	PRON
was	AUX
marked	VERB
by	ADP
the	DET
persecution	NOUN
of	ADP
her	PRON
militant	ADJ
socialist	ADJ
father	NOUN
.	PUNCT

Having	AUX
always	ADV
been	AUX
close	ADV
to	ADP
the	DET
Catholic	PROPN
Union	PROPN
,	PUNCT
Tina	PROPN
Anselmi	PROPN
attended	VERB
particularly	ADV
to	ADP
the	DET
rights	NOUN
of	ADP
textile	NOUN
workers	NOUN
and	CCONJ
teachers	NOUN
.	PUNCT

It	PRON
is	AUX
difficult	ADJ
to	PART
think	VERB
that	SCONJ
Italy	PROPN
has	VERB
fewer	ADJ
km	NOUN
of	ADP
underground	ADJ
line	NOUN
than	ADP
Madrid	PROPN
.	PUNCT

It	PRON
has	AUX
been	AUX
emphasised	VERB
that	SCONJ
we	PRON
absolutely	ADV
can	AUX
not	PART
continue	VERB
with	ADP
those	PRON
who	PRON
are	AUX
completely	ADV
against	ADP
Italy	PROPN
.	PUNCT

We	PRON
will	AUX
evaluate	VERB
whether	SCONJ
and	CCONJ
how	ADV
to	PART
continue	VERB
onto	ADP
the	DET
next	ADJ
section	NOUN
.	PUNCT

The	DET
hit	NOUN
song	NOUN
is	AUX
"	PUNCT
Geronimo	PROPN
"	PUNCT
by	ADP
Sheppard	PROPN
.	PUNCT

Those	PRON
of	ADP
age	NOUN
will	AUX
be	AUX
offered	VERB
500	NUM
euros	NOUN
by	ADP
the	DET
state	NOUN
,	PUNCT
to	PART
be	AUX
spent	VERB
by	ADP
31st	NOUN
December	PROPN
2017	NUM
.	PUNCT

A	DET
voucher	NOUN
is	AUX
generated	VERB
that	PRON
can	AUX
be	AUX
saved	VERB
on	ADP
your	PRON
smartphone	NOUN
,	PUNCT
or	CCONJ
presented	VERB
at	ADP
the	DET
till	NOUN
.	PUNCT

From	ADP
the	DET
1st	NOUN
of	ADP
January	PROPN
there	PRON
will	AUX
be	AUX
an	DET
increase	NOUN
in	ADP
petrol	NOUN
and	CCONJ
diesel	NOUN
.	PUNCT

The	DET
CGI	PROPN
Mestre	PROPN
have	AUX
stated	VERB
in	ADP
a	DET
note	NOUN
,	PUNCT
that	SCONJ
there	PRON
will	AUX
be	AUX
no	DET
rise	NOUN
in	ADP
VAT	NOUN
,	PUNCT
for	ADP
2017	NUM
at	ADP
least	ADJ
.	PUNCT

A	DET
level	NOUN
that	PRON
in	ADP
both	DET
cases	NOUN
is	VERB
at	ADP
the	DET
top	NOUN
of	ADP
the	DET
EU	PROPN
.	PUNCT

The	DET
latest	ADJ
figures	NOUN
relate	VERB
to	ADP
the	DET
24th	NOUN
of	ADP
October	PROPN
last	ADJ
year	NOUN
,	PUNCT
and	CCONJ
tell	VERB
us	PRON
that	SCONJ
our	PRON
diesel	NOUN
costs	VERB
1,335	NUM
euros	NOUN
per	ADP
litre	NOUN
,	PUNCT
compared	VERB
with	ADP
the	DET
eurozone	PROPN
average	NOUN
of	ADP
1,165	NUM
euros	NOUN
.	PUNCT

A	DET
significantly	ADV
higher	ADJ
cost	NOUN
which	PRON
clearly	ADV
exceeds	VERB
the	DET
average	NOUN
of	ADP
the	DET
countries	NOUN
that	PRON
adopt	VERB
the	DET
single	ADJ
currency	NOUN
,	PUNCT
which	PRON
is	AUX
equal	ADJ
to	ADP
1,365	NUM
euros	NOUN
per	ADP
litre	NOUN
.	PUNCT

Corrado	PROPN
Passera	PROPN
withdraws	VERB
the	DET
offer	NOUN
for	ADP
Mps	PROPN
due	ADJ
to	ADP
"	PUNCT
the	DET
attitude	NOUN
of	ADP
total	ADJ
closure	NOUN
that	PRON
the	DET
Bank	NOUN
has	AUX
shown	VERB
to	ADP
us	PRON
"	PUNCT
.	PUNCT

As	SCONJ
stated	VERB
,	PUNCT
the	DET
decision	NOUN
is	AUX
the	DET
prerogative	NOUN
of	ADP
the	DET
ECB	PROPN
and	CCONJ
would	AUX
appear	VERB
inappropriate	ADJ
for	ADP
the	DET
Bank	NOUN
to	PART
speak	VERB
on	ADP
its	PRON
behalf	NOUN
by	SCONJ
excluding	VERB
the	DET
possibility	NOUN
of	SCONJ
looking	VERB
at	ADP
other	ADJ
alternatives	NOUN
.	PUNCT

This	PRON
is	AUX
what	PRON
has	AUX
been	AUX
written	VERB
in	ADP
a	DET
note	NOUN
to	ADP
Mps	PROPN
after	ADP
the	DET
decision	NOUN
of	ADP
the	DET
ex-minister	NOUN
to	PART
leave	VERB
the	DET
party	NOUN
.	PUNCT

It	PRON
will	AUX
go	VERB
for	ADP
assessment	NOUN
.	PUNCT

Students	NOUN
at	ADP
LUISS	PROPN
University	PROPN
were	AUX
told	VERB
during	ADP
the	DET
course	NOUN
of	ADP
a	DET
meeting	NOUN
which	PRON
took	VERB
place	NOUN
in	ADP
Rome	PROPN
.	PUNCT

This	DET
morning	NOUN
,	PUNCT
Pope	PROPN
Francis	PROPN
met	VERB
Mark	PROPN
Zuckerberg	PROPN
and	CCONJ
his	PRON
wife	NOUN
at	ADP
Casa	PROPN
Santa	PROPN
Marta	PROPN
.	PUNCT

Four	NUM
students	NOUN
at	ADP
Roma	PROPN
Tre	PROPN
University	PROPN
have	AUX
developed	VERB
a	DET
motorcycle	NOUN
helmet	NOUN
that	PRON
can	AUX
'	PUNCT
read	VERB
thoughts	NOUN
'	PUNCT
by	SCONJ
helping	VERB
to	PART
anticipate	VERB
drivers	NOUN
'	PART
actions	NOUN
.	PUNCT

One	NUM
of	ADP
the	DET
examples	NOUN
of	ADP
research	NOUN
applied	VERB
under	ADP
safety	NOUN
measures	NOUN
has	AUX
also	ADV
produced	VERB
a	DET
humanoid	ADJ
robot	NOUN
to	SCONJ
compete	VERB
with	ADP
Valentino	PROPN
Rossi	PROPN
.	PUNCT

In	ADP
return	NOUN
,	PUNCT
Uber	PROPN
will	AUX
receive	VERB
a	DET
billion	NUM
dollar	NOUN
investment	NOUN
and	CCONJ
a	DET
seat	NOUN
on	ADP
the	DET
board	NOUN
of	ADP
directors	NOUN
of	ADP
the	DET
Chinese	ADJ
company	NOUN
.	PUNCT

More	ADJ
and	CCONJ
more	ADJ
tech	NOUN
companies	NOUN
are	AUX
calling	VERB
the	DET
shots	NOUN
more	ADV
than	SCONJ
ever	ADV
before	ADV
on	ADP
Wall	PROPN
Street	PROPN
,	PUNCT
even	ADV
more	ADV
than	SCONJ
in	ADP
Silicon	PROPN
Valley	PROPN
.	PUNCT

Amazon	PROPN
has	AUX
become	VERB
the	DET
fourth	ADJ
American	ADJ
company	NOUN
with	ADP
the	DET
largest	ADJ
market	NOUN
capitalisation	NOUN
,	PUNCT
surpassing	VERB
ExxonMobil	PROPN
.	PUNCT

Leaders	NOUN
of	ADP
companies	NOUN
such	ADJ
as	ADP
Spotify	PROPN
,	PUNCT
Tesla	PROPN
,	PUNCT
Uber	PROPN
and	CCONJ
Snapchat	PROPN
will	AUX
attend	VERB
a	DET
private	ADJ
event	NOUN
in	ADP
addition	NOUN
to	ADP
the	DET
Mountain	PROPN
View	PROPN
Summit	PROPN
.	PUNCT

The	DET
president	NOUN
of	ADP
the	DET
Community	NOUN
of	ADP
Madrid	PROPN
,	PUNCT
Cristina	PROPN
Cifuentes	PROPN
,	PUNCT
represents	VERB
the	DET
most	ADV
conservative	ADJ
,	PUNCT
while	SCONJ
leaders	NOUN
of	ADP
the	DET
party	NOUN
,	PUNCT
such	ADJ
as	ADP
the	DET
Sectorial	ADJ
Under	ADP
-	PUNCT
Secretary	NOUN
,	PUNCT
Javier	PROPN
Maroto	PROPN
,	PUNCT
represent	VERB
the	DET
most	ADV
progressive	ADJ
.	PUNCT

Durán	PROPN
acts	VERB
as	ADP
spokesman	NOUN
and	CCONJ
Ángel	PROPN
Pintado	PROPN
as	ADP
treasurer	NOUN
.	PUNCT

For	ADP
the	DET
first	ADJ
time	NOUN
in	ADP
the	DET
last	ADJ
six	NUM
years	NOUN
the	DET
rate	NOUN
of	ADP
unemployment	NOUN
has	AUX
dropped	VERB
below	ADP
20	NUM
%	SYM
,	PUNCT
and	CCONJ
there	PRON
are	VERB
already	ADV
600,000	NUM
more	ADJ
people	NOUN
employed	VERB
than	SCONJ
there	PRON
were	VERB
a	DET
year	NOUN
ago	ADV
.	PUNCT

Its	PRON
management	NOUN
,	PUNCT
however	ADV
,	PUNCT
has	AUX
n't	PART
been	AUX
devoid	ADJ
of	ADP
criticism	NOUN
.	PUNCT

The	DET
unions	NOUN
have	AUX
been	AUX
very	ADV
combative	ADJ
and	CCONJ
on	ADP
several	ADJ
occasions	NOUN
have	AUX
called	VERB
for	ADP
the	DET
repeal	NOUN
of	ADP
the	DET
legislation	NOUN
that	PRON
Fátima	PROPN
Báñez	PROPN
is	AUX
proudest	ADJ
of	ADP
.	PUNCT

This	DET
department	NOUN
now	ADV
faces	VERB
new	ADJ
challenges	NOUN
.	PUNCT

Furthermore	ADV
,	PUNCT
the	DET
Government	NOUN
will	AUX
have	VERB
to	PART
deal	VERB
with	ADP
another	DET
"	PUNCT
hot	ADJ
potato	NOUN
"	PUNCT
.	PUNCT

The	DET
Minister	NOUN
of	ADP
Defense	NOUN
has	AUX
allowed	VERB
her	PRON
to	PART
remain	VERB
General	ADJ
Secretary	NOUN
of	ADP
the	DET
party	NOUN
for	ADP
now	ADV
.	PUNCT

The	DET
consulted	VERB
sources	NOUN
have	AUX
said	VERB
that	SCONJ
it	PRON
is	AUX
"	PUNCT
100	NUM
%	SYM
Cospedal	PROPN
"	PUNCT
.	PUNCT

In	ADP
spite	NOUN
of	ADP
them	PRON
,	PUNCT
not	PART
everyone	PRON
in	ADP
the	DET
party	NOUN
understood	VERB
the	DET
messages	NOUN
that	PRON
the	DET
president	NOUN
tried	VERB
to	PART
send	VERB
to	ADP
them	PRON
yesterday	NOUN
.	PUNCT

Barón	PROPN
de	PROPN
Claret	PROPN
,	PUNCT
the	DET
only	ADJ
one	NOUN
in	ADP
Government	NOUN
with	ADP
a	DET
noble	ADJ
title	NOUN
.	PUNCT

Pedro	PROPN
Sánchez	PROPN
,	PUNCT
like	ADP
many	ADJ
other	ADJ
socialists	NOUN
,	PUNCT
said	VERB
in	ADP
the	DET
programme	NOUN
Évole	PROPN
that	SCONJ
Spain	PROPN
is	AUX
a	DET
nation	NOUN
of	ADP
nations	NOUN
.	PUNCT

And	CCONJ
what	PRON
about	ADP
the	DET
parties	NOUN
in	ADP
what	PRON
,	PUNCT
in	ADP
historical	ADJ
rights	NOUN
?	PUNCT

Federico	PROPN
Fellini	PROPN
once	ADV
said	VERB
:	PUNCT
"	PUNCT
The	DET
clown	NOUN
is	AUX
to	ADP
humanity	NOUN
as	SCONJ
the	DET
shadow	NOUN
is	AUX
to	ADP
man	NOUN
"	PUNCT
.	PUNCT

He	PRON
stands	VERB
alone	ADV
in	ADP
front	NOUN
of	ADP
the	DET
audience	NOUN
and	CCONJ
,	PUNCT
ultimately	ADV
,	PUNCT
he	PRON
has	VERB
to	PART
bring	VERB
out	ADV
the	DET
best	ADJ
of	ADP
himself	PRON
in	ADP
order	NOUN
to	PART
make	VERB
the	DET
audience	NOUN
laugh	VERB
.	PUNCT

In	ADP
the	DET
war	NOUN
films	NOUN
or	CCONJ
cowboy	NOUN
and	CCONJ
Indian	PROPN
films	NOUN
the	DET
battles	NOUN
,	PUNCT
fights	NOUN
and	CCONJ
beatings	NOUN
were	AUX
out	ADP
of	ADP
this	DET
world	NOUN
.	PUNCT

Emphasis	NOUN
,	PUNCT
fine	ADJ
irony	NOUN
,	PUNCT
blunt	ADJ
innuendos	NOUN
and	CCONJ
other	ADJ
well	ADV
used	VERB
verbal	ADJ
devices	NOUN
fit	VERB
into	ADP
parliamentary	ADJ
oratory	NOUN
,	PUNCT
but	CCONJ
flicking	VERB
at	ADP
each	DET
other	ADJ
and	CCONJ
slapstick	NOUN
comedy	NOUN
do	VERB
not	PART
.	PUNCT

He	PRON
believes	VERB
that	SCONJ
nobody	NOUN
waiting	VERB
for	ADP
us	PRON
waits	VERB
for	ADP
us	PRON
.	PUNCT

Perhaps	ADV
that	PRON
's	AUX
why	ADV
a	DET
surge	NOUN
of	ADP
tears	NOUN
clouds	VERB
his	PRON
pupils	NOUN
while	SCONJ
the	DET
syllable	NOUN
of	ADP
time	NOUN
unearths	VERB
his	PRON
crop	NOUN
and	CCONJ
surrenders	VERB
his	PRON
mystery	NOUN
to	ADP
the	DET
bound	VERB
waters	NOUN
.	PUNCT

And	CCONJ
they	PRON
must	AUX
be	AUX
greeted	VERB
with	ADP
an	DET
open	ADJ
spirit	NOUN
and	CCONJ
clear	ADJ
mind	NOUN
because	SCONJ
they	PRON
form	VERB
the	DET
new	ADJ
generation	NOUN
of	ADP
beauty	NOUN
and	CCONJ
hope	NOUN
.	PUNCT

As	ADP
a	DET
result	NOUN
,	PUNCT
Trump	PROPN
is	AUX
n't	PART
very	ADV
worried	ADJ
about	ADP
the	DET
Latin	PROPN
American	ADJ
vote	NOUN
at	ADP
a	DET
national	ADJ
level	NOUN
.	PUNCT

The	DET
early	ADJ
voting	NOUN
suggests	VERB
that	SCONJ
this	DET
time	NOUN
the	DET
Latin	PROPN
Americans	PROPN
will	AUX
come	VERB
out	ADV
to	PART
vote	VERB
in	ADP
greater	ADJ
numbers	NOUN
,	PUNCT
but	CCONJ
it	PRON
is	AUX
unclear	ADJ
whether	SCONJ
the	DET
increase	NOUN
will	AUX
have	VERB
an	DET
impact	NOUN
.	PUNCT

"	PUNCT
There	PRON
will	AUX
be	AUX
protests	NOUN
and	CCONJ
other	ADJ
things	NOUN
,	PUNCT
it	PRON
's	AUX
all	ADV
already	ADV
planned	VERB
,	PUNCT
"	PUNCT
the	DET
opposition	NOUN
told	VERB
El	PROPN
Mundo	PROPN
.	PUNCT

Dozens	NOUN
of	ADP
FSLN	PROPN
followers	NOUN
are	AUX
already	ADV
celebrating	VERB
the	DET
victory	NOUN
in	ADP
the	DET
Plaza	PROPN
de	PROPN
las	PROPN
Victorias	PROPN
.	PUNCT

May	PROPN
has	AUX
received	VERB
great	ADJ
criticism	NOUN
for	SCONJ
avoiding	VERB
and	CCONJ
not	PART
responding	VERB
openly	ADV
to	ADP
the	DET
media	NOUN
after	ADP
the	DET
judicial	ADJ
ruling	NOUN
on	ADP
Brexit	PROPN
.	PUNCT

Founded	VERB
in	ADP
1925	NUM
as	ADP
games	NOUN
for	ADP
everyman	NOUN
,	PUNCT
the	DET
open	ADJ
air	NOUN
theater	NOUN
on	ADP
the	DET
great	ADJ
steps	NOUN
in	ADP
front	NOUN
of	ADP
St.	PROPN
Michael	PROPN
still	ADV
attracts	VERB
a	DET
diverse	ADJ
public	NOUN
.	PUNCT

The	DET
festive	ADJ
dedication	NOUN
took	VERB
place	NOUN
on	ADP
April	PROPN
30	NUM
,	PUNCT
1955	NUM
.	PUNCT

In	ADP
1882	NUM
,	PUNCT
a	DET
telegraphic	ADJ
system	NOUN
equipped	VERB
with	ADP
34	NUM
fire	NOUN
alarm	NOUN
signals	NOUN
was	AUX
put	VERB
in	ADP
operation	NOUN
.	PUNCT

In	ADP
1992	NUM
,	PUNCT
grounds	NOUN
of	ADP
the	DET
former	ADJ
puppet	NOUN
theater	NOUN
,	PUNCT
which	PRON
had	AUX
been	AUX
left	VERB
to	ADP
the	DET
commune	NOUN
,	PUNCT
were	AUX
taken	VERB
over	ADP
by	ADP
players	NOUN
and	CCONJ
employees	NOUN
.	PUNCT

This	PRON
has	VERB
to	PART
do	VERB
with	ADP
one	NUM
of	ADP
the	DET
few	ADJ
buildings	NOUN
in	ADP
the	DET
city	NOUN
center	NOUN
that	PRON
was	AUX
spared	VERB
from	ADP
destruction	NOUN
by	ADP
the	DET
end	NOUN
of	ADP
the	DET
Second	ADJ
World	PROPN
War	PROPN
.	PUNCT

In	ADP
1832	NUM
,	PUNCT
the	DET
former	ADJ
cloister	NOUN
was	AUX
sold	VERB
to	ADP
the	DET
manufacturer	NOUN
Georg	PROPN
Reichenbach	PROPN
by	ADP
the	DET
state	NOUN
of	ADP
Württemberg	PROPN
with	ADP
the	DET
stipulation	NOUN
to	PART
establish	VERB
a	DET
cotton	NOUN
factory	NOUN
there	ADV
.	PUNCT

The	DET
Islamic	ADJ
citizens	NOUN
who	PRON
have	AUX
settled	VERB
since	ADP
the	DET
beginning	NOUN
of	ADP
the	DET
1960s	NOUN
emigrated	VERB
primarily	ADV
from	ADP
Turkey	PROPN
.	PUNCT

Among	ADP
them	PRON
is	VERB
the	DET
former	ADJ
cloister	NOUN
from	ADP
the	DET
abbey	NOUN
church	NOUN
of	ADP
St.	PROPN
Peter	PROPN
and	CCONJ
Paul	PROPN
.	PUNCT

The	DET
historical	ADJ
city	NOUN
hall	NOUN
in	ADP
Obermarsberg	PROPN
originates	VERB
from	ADP
the	DET
13th	ADJ
century	NOUN
and	CCONJ
was	AUX
refurbished	VERB
after	ADP
the	DET
Thirty	NUM
Years	NOUN
'	PART
War	PROPN
.	PUNCT

There	PRON
are	VERB
different	ADJ
theories	NOUN
about	ADP
the	DET
reasons	NOUN
for	SCONJ
leaving	VERB
the	DET
place	NOUN
.	PUNCT

Golden	ADJ
Gate	PROPN
Park	PROPN
,	PUNCT
which	PRON
is	AUX
over	ADV
four	NUM
kilometers	NOUN
in	ADP
length	NOUN
,	PUNCT
offers	VERB
a	DET
botanical	ADJ
garden	NOUN
,	PUNCT
planetarium	NOUN
,	PUNCT
Japanese	ADJ
garden	NOUN
and	CCONJ
an	DET
aquarium	NOUN
.	PUNCT

It	PRON
serves	VERB
as	ADP
a	DET
local	ADJ
place	NOUN
of	ADP
rest	NOUN
and	CCONJ
relaxation	NOUN
for	ADP
San	PROPN
Franciscans	PROPN
.	PUNCT

The	DET
Yerba	PROPN
Buena	PROPN
Garden	PROPN
was	AUX
built	VERB
at	ADP
the	DET
beginning	NOUN
of	ADP
the	DET
1990s	NOUN
on	ADP
the	DET
roof	NOUN
of	ADP
the	DET
Moscone	PROPN
North	PROPN
Convention	PROPN
Center	PROPN
.	PUNCT

It	PRON
contains	VERB
a	DET
monument	NOUN
to	ADP
Martin	PROPN
Luther	PROPN
King	PROPN
,	PUNCT
Jr.	PROPN

Since	ADP
the	DET
1960s	NOUN
,	PUNCT
the	DET
city	NOUN
's	PART
economy	NOUN
has	AUX
been	VERB
in	ADP
steep	ADJ
decline	NOUN
.	PUNCT

During	ADP
the	DET
2010	NUM
general	ADJ
election	NOUN
,	PUNCT
the	DET
Labor	PROPN
Party	PROPN
was	AUX
able	ADJ
to	PART
win	VERB
all	DET
seven	NUM
voting	NOUN
districts	NOUN
.	PUNCT

Both	CCONJ
the	DET
time	NOUN
and	CCONJ
the	DET
sequence	NOUN
of	ADP
events	NOUN
of	ADP
this	DET
incident	NOUN
were	AUX
vigorously	ADV
discussed	VERB
.	PUNCT

In	ADP
April	PROPN
2012	NUM
,	PUNCT
the	DET
Turkish	ADJ
Minister	NOUN
President	PROPN
Erdogan	PROPN
announced	VERB
his	PRON
government	NOUN
's	PART
plans	NOUN
to	PART
free	VERB
Bosphorus	PROPN
by	SCONJ
building	VERB
the	DET
Istanbul	PROPN
Canal	PROPN
parallel	ADJ
to	ADP
it	PRON
.	PUNCT

The	DET
Ottomans	PROPN
wanted	VERB
to	PART
prevent	VERB
grain	NOUN
from	SCONJ
being	AUX
further	ADV
transported	VERB
because	SCONJ
they	PRON
had	VERB
a	DET
great	ADJ
need	NOUN
for	ADP
it	PRON
.	PUNCT

The	DET
Ottoman	PROPN
Empire	PROPN
and	CCONJ
Russia	PROPN
were	AUX
denied	VERB
permission	NOUN
to	PART
keep	VERB
their	PRON
war	NOUN
fleet	NOUN
in	ADP
the	DET
Black	PROPN
Sea	PROPN
.	PUNCT

In	ADP
its	PRON
scope	NOUN
it	PRON
belongs	VERB
to	ADP
the	DET
most	ADV
far	ADV
-	PUNCT
reaching	VERB
cultures	NOUN
of	ADP
the	DET
time	NOUN
,	PUNCT
in	ADP
which	PRON
many	ADJ
sites	NOUN
are	AUX
known	VERB
.	PUNCT

Like	ADP
the	DET
majority	NOUN
of	ADP
sites	NOUN
in	ADP
southern	ADJ
Europe	PROPN
,	PUNCT
the	DET
finding	NOUN
dates	VERB
back	ADV
to	ADP
the	DET
early	ADJ
5th	ADJ
century	NOUN
BC	NOUN
.	PUNCT

Likely	ADV
the	DET
most	ADV
well	ADV
-	PUNCT
known	ADJ
person	NOUN
from	ADP
the	DET
Copper	PROPN
Age	PROPN
is	AUX
Ötzi	PROPN
,	PUNCT
the	DET
frozen	ADJ
mummy	NOUN
who	PRON
lived	VERB
during	ADP
3300	NUM
BC	NOUN
.	PUNCT

They	PRON
were	VERB
primarily	ADV
on	ADP
hills	NOUN
.	PUNCT

In	ADP
addition	NOUN
,	PUNCT
its	PRON
process	NOUN
of	SCONJ
gilding	VERB
copper	NOUN
is	AUX
technologically	ADV
noteworthy	ADJ
.	PUNCT

The	DET
severity	NOUN
and	CCONJ
the	DET
presence	NOUN
of	ADP
the	DET
revolution	NOUN
in	ADP
the	DET
countryside	NOUN
alarmed	VERB
the	DET
Court	NOUN
and	CCONJ
National	ADJ
Assembly	NOUN
in	ADP
Versailles	PROPN
.	PUNCT

The	DET
event	NOUN
was	AUX
known	VERB
about	ADP
in	ADP
Paris	PROPN
and	CCONJ
caused	VERB
more	ADJ
upset	NOUN
in	ADP
a	DET
mood	NOUN
which	PRON
was	AUX
already	ADV
charged	VERB
by	ADP
the	DET
persistently	ADV
high	ADJ
price	NOUN
of	ADP
bread	NOUN
and	CCONJ
lack	NOUN
of	ADP
provisions	NOUN
.	PUNCT

The	DET
king	NOUN
did	AUX
not	PART
take	VERB
special	ADJ
precautions	NOUN
during	ADP
his	PRON
escape	NOUN
and	CCONJ
was	AUX
recognized	VERB
multiple	ADJ
times	NOUN
during	ADP
his	PRON
stays	NOUN
.	PUNCT

The	DET
hymn	NOUN
was	AUX
well	ADV
received	VERB
and	CCONJ
the	DET
audience	NOUN
demanded	VERB
an	DET
encore	NOUN
.	PUNCT

I	PRON
declare	VERB
the	DET
first	ADJ
international	ADJ
Olympic	ADJ
games	NOUN
over	ADV
.	PUNCT

The	DET
First	ADJ
World	PROPN
War	PROPN
brought	VERB
about	ADP
shifts	NOUN
and	CCONJ
new	ADJ
developments	NOUN
in	ADP
colonial	ADJ
politics	NOUN
.	PUNCT

The	DET
Industrial	PROPN
Revolution	PROPN
took	VERB
place	NOUN
in	ADP
Great	PROPN
Britain	PROPN
earlier	ADV
than	ADP
in	ADP
any	DET
other	ADJ
country	NOUN
.	PUNCT

The	DET
Suez	PROPN
Crisis	PROPN
showed	VERB
the	DET
limits	NOUN
of	ADP
the	DET
old	ADJ
colonial	ADJ
powers	NOUN
such	ADJ
as	ADP
Great	ADJ
Britain	PROPN
and	CCONJ
France	PROPN
in	ADP
a	DET
changing	VERB
world	NOUN
.	PUNCT

After	ADP
the	DET
seizure	NOUN
of	ADP
power	NOUN
by	ADP
the	DET
National	PROPN
Socialists	PROPN
in	ADP
1933	NUM
there	PRON
were	VERB
dispersed	VERB
attempts	NOUN
to	PART
win	VERB
back	ADV
the	DET
old	ADJ
colonies	NOUN
.	PUNCT

After	ADP
the	DET
Russian	ADJ
Revolution	PROPN
in	ADP
1917	NUM
,	PUNCT
some	DET
countries	NOUN
,	PUNCT
such	ADJ
as	ADP
Finland	PROPN
,	PUNCT
Poland	PROPN
and	CCONJ
the	DET
Baltic	PROPN
States	NOUN
,	PUNCT
won	VERB
their	PRON
independence	NOUN
.	PUNCT

One	NUM
of	ADP
his	PRON
last	ADJ
means	NOUN
of	SCONJ
placing	VERB
pressure	NOUN
on	ADP
Hungary	PROPN
was	AUX
the	DET
threat	NOUN
of	SCONJ
imposing	VERB
general	ADJ
and	CCONJ
free	ADJ
elections	NOUN
.	PUNCT

After	ADP
the	DET
Compromise	NOUN
,	PUNCT
Emperor	PROPN
and	CCONJ
King	PROPN
Franz	PROPN
Joseph	PROPN
I	NUM
took	VERB
great	ADJ
care	NOUN
to	PART
treat	VERB
both	DET
of	ADP
his	PRON
monarchies	NOUN
equally	ADV
.	PUNCT

The	DET
Disibodenberg	PROPN
cloister	NOUN
was	AUX
disbanded	VERB
and	CCONJ
fell	VERB
into	ADP
ruin	NOUN
as	ADP
a	DET
result	NOUN
of	ADP
the	DET
Reformation	PROPN
.	PUNCT

Today	NOUN
,	PUNCT
expansive	ADJ
ruins	NOUN
can	AUX
be	AUX
viewed	VERB
there	ADV
.	PUNCT

The	DET
Rupertsberg	PROPN
cloister	NOUN
was	AUX
destroyed	VERB
during	ADP
the	DET
Thirty	NUM
Years	NOUN
'	PART
War	NOUN
in	ADP
1632	NUM
by	ADP
Swedish	ADJ
troops	NOUN
.	PUNCT

The	DET
displaced	VERB
nuns	NOUN
were	AUX
moved	VERB
to	ADP
the	DET
Eibingen	PROPN
cloister	NOUN
.	PUNCT

The	DET
ruins	NOUN
were	AUX
later	ADV
built	VERB
over	ADP
.	PUNCT

After	ADP
these	DET
successes	NOUN
,	PUNCT
he	PRON
signed	VERB
a	DET
contract	NOUN
with	ADP
Team	NOUN
Telekom	PROPN
and	CCONJ
moved	VERB
in	ADV
with	ADP
his	PRON
girlfriend	NOUN
in	ADP
Merdingen	PROPN
in	ADP
Südbaden	PROPN
,	PUNCT
where	ADV
he	PRON
lived	VERB
until	ADP
2002	NUM
.	PUNCT

At	ADP
the	DET
Olympic	PROPN
Games	NOUN
in	ADP
2004	NUM
in	ADP
Athens	PROPN
,	PUNCT
Ulrich	PROPN
,	PUNCT
as	ADP
winner	NOUN
of	ADP
the	DET
street	NOUN
race	NOUN
,	PUNCT
pursued	VERB
the	DET
goal	NOUN
of	SCONJ
winning	VERB
his	PRON
second	ADJ
gold	NOUN
medal	NOUN
.	PUNCT

The	DET
censorship	NOUN
disposed	VERB
of	ADP
all	DET
undesirable	ADJ
opinions	NOUN
;	PUNCT
participation	NOUN
in	ADP
public	ADJ
life	NOUN
had	AUX
become	VERB
practically	ADV
impossible	ADJ
.	PUNCT

The	DET
traces	NOUN
of	ADP
blood	NOUN
on	ADP
the	DET
clothes	NOUN
were	VERB
in	ADP
the	DET
shape	NOUN
that	PRON
they	PRON
were	AUX
reported	VERB
to	PART
have	VERB
by	ADP
the	DET
news	NOUN
reports	NOUN
on	ADP
the	DET
day	NOUN
of	ADP
the	DET
murder	NOUN
.	PUNCT

Weiss	PROPN
was	AUX
honored	VERB
with	ADP
the	DET
literature	NOUN
prizes	NOUN
from	ADP
the	DET
cities	NOUN
of	ADP
Cologne	PROPN
and	CCONJ
Bremen	PROPN
.	PUNCT

Privately	ADV
as	ADV
well	ADV
as	ADP
publicly	ADV
,	PUNCT
Springer	PROPN
vigorously	ADV
pursued	VERB
reconciliation	NOUN
with	ADP
the	DET
Jewish	ADJ
people	NOUN
and	CCONJ
took	VERB
many	ADJ
trips	NOUN
to	ADP
Israel	PROPN
.	PUNCT

The	DET
chalet	NOUN
burned	VERB
completely	ADV
down	ADP
.	PUNCT

In	ADP
the	DET
following	VERB
year	NOUN
,	PUNCT
1977	NUM
,	PUNCT
he	PRON
received	VERB
the	DET
distinction	NOUN
of	ADP
the	DET
American	ADJ
Friendship	PROPN
Medal	PROPN
for	ADP
the	DET
friendly	ADJ
position	NOUN
of	ADP
his	PRON
press	NOUN
toward	ADP
the	DET
USA	PROPN
.	PUNCT

The	DET
Viguier	PROPN
and	CCONJ
La	PROPN
Conte	PROPN
districts	NOUN
contain	VERB
the	DET
majority	NOUN
of	ADP
the	DET
city	NOUN
's	PART
social	ADJ
housing	NOUN
,	PUNCT
where	ADV
the	DET
population	NOUN
is	AUX
mainly	ADV
made	VERB
up	ADP
of	ADP
immigrants	NOUN
or	CCONJ
those	DET
of	ADP
immigrant	ADJ
origin	NOUN
.	PUNCT

The	DET
history	NOUN
of	ADP
Carcassonne	PROPN
is	AUX
directly	ADV
linked	VERB
to	ADP
that	PRON
of	ADP
its	PRON
fortified	VERB
city	NOUN
.	PUNCT

In	ADP
the	DET
early	ADJ
2000s	NOUN
,	PUNCT
there	PRON
were	VERB
five	NUM
doctors	NOUN
per	ADP
100,000	NUM
inhabitants	NOUN
.	PUNCT

Amnesty	PROPN
International	PROPN
cites	VERB
newspaper	NOUN
articles	NOUN
from	ADP
2008	NUM
describing	VERB
the	DET
murder	NOUN
of	ADP
fifty	NUM
people	NOUN
accused	VERB
of	ADP
witchcraft	NOUN
.	PUNCT

Von	PROPN
Bellingshausen	PROPN
sighted	VERB
Antarctica	PROPN
on	ADP
the	DET
27th	NOUN
of	ADP
January	PROPN
1820	NUM
,	PUNCT
three	NUM
days	NOUN
before	SCONJ
Bransfield	PROPN
sighted	VERB
land	NOUN
,	PUNCT
and	CCONJ
ten	NUM
months	NOUN
before	ADP
Palmer	PROPN
did	VERB
so	ADV
in	ADP
November	PROPN
1820	NUM
.	PUNCT

In	ADP
the	DET
Endurance	PROPN
expedition	NOUN
in	ADP
1914	NUM
,	PUNCT
the	DET
British	ADJ
ship	NOUN
Endurance	PROPN
,	PUNCT
captained	VERB
by	ADP
Sir	PROPN
Ernest	PROPN
Shackleton	PROPN
,	PUNCT
set	VERB
sail	NOUN
with	ADP
twenty	NUM
eight	NUM
men	NOUN
to	PART
cross	VERB
the	DET
Antarctic	PROPN
.	PUNCT

This	PRON
drawing	VERB
up	ADP
was	AUX
the	DET
founding	ADJ
act	NOUN
of	ADP
Roman	ADJ
law	NOUN
,	PUNCT
the	DET
institutions	NOUN
of	ADP
the	DET
Roman	PROPN
Republic	PROPN
and	CCONJ
the	DET
mos	X
maiorum	X
.	PUNCT

However	ADV
,	PUNCT
Pyrrhus	PROPN
was	AUX
forced	VERB
to	PART
leave	VERB
Sicily	PROPN
in	ADP
order	NOUN
to	PART
attend	VERB
to	ADP
business	NOUN
in	ADP
southern	ADJ
Italy	PROPN
.	PUNCT

In	ADP
the	DET
8th	ADJ
century	NOUN
BC	NOUN
,	PUNCT
Greece	PROPN
began	VERB
to	PART
emerge	VERB
from	ADP
the	DET
Dark	ADJ
Ages	PROPN
which	PRON
followed	VERB
the	DET
fall	NOUN
of	ADP
the	DET
Mycenaean	ADJ
civilization	NOUN
.	PUNCT

Literacy	NOUN
had	AUX
been	AUX
lost	VERB
and	CCONJ
Mycenaean	ADJ
script	NOUN
forgotten	VERB
,	PUNCT
but	CCONJ
the	DET
Greeks	PROPN
adopted	VERB
the	DET
Phoenician	ADJ
alphabet	NOUN
,	PUNCT
modifying	VERB
it	PRON
to	PART
create	VERB
the	DET
Greek	ADJ
alphabet	NOUN
.	PUNCT

From	ADP
the	DET
9th	ADJ
century	NOUN
BC	NOUN
,	PUNCT
the	DET
first	ADJ
Greek	ADJ
texts	NOUN
began	VERB
to	PART
appear	VERB
.	PUNCT

Greece	PROPN
was	AUX
divided	VERB
into	ADP
many	ADJ
small	ADJ
,	PUNCT
self	NOUN
-	PUNCT
governing	VERB
communities	NOUN
,	PUNCT
a	DET
pattern	NOUN
largely	ADV
dictated	VERB
by	ADP
Greek	ADJ
geography	NOUN
:	PUNCT
every	DET
island	NOUN
,	PUNCT
valley	NOUN
and	CCONJ
plain	NOUN
is	AUX
cut	VERB
off	ADV
from	ADP
its	PRON
neighbours	NOUN
by	ADP
the	DET
sea	NOUN
or	CCONJ
mountain	NOUN
ranges	NOUN
.	PUNCT

From	ADP
about	ADV
the	DET
8th	ADJ
century	NOUN
BC	NOUN
city	NOUN
states	NOUN
began	VERB
to	PART
appear	VERB
:	PUNCT
small	ADJ
,	PUNCT
self	NOUN
-	PUNCT
governing	VERB
territories	NOUN
with	ADP
their	PRON
own	ADJ
political	ADJ
systems	NOUN
.	PUNCT

In	ADP
the	DET
Middle	ADJ
Ages	PROPN
,	PUNCT
most	ADJ
Christians	PROPN
did	AUX
not	PART
have	VERB
access	NOUN
to	ADP
the	DET
Bible	PROPN
in	ADP
their	PRON
mother	NOUN
tongue	NOUN
.	PUNCT

However	ADV
,	PUNCT
they	PRON
did	AUX
not	PART
expand	VERB
until	SCONJ
ships	NOUN
big	ADJ
enough	ADJ
to	PART
cross	VERB
seas	NOUN
were	AUX
built	VERB
.	PUNCT

Trade	NOUN
was	AUX
developed	VERB
by	SCONJ
establishing	VERB
commercial	ADJ
outposts	NOUN
throughout	ADP
the	DET
Mediterranean	PROPN
,	PUNCT
a	DET
technique	NOUN
that	PRON
had	AUX
not	PART
been	AUX
used	VERB
until	ADP
then	ADV
.	PUNCT

This	DET
affair	NOUN
can	AUX
be	AUX
seen	VERB
as	ADP
the	DET
starting	ADJ
point	NOUN
for	ADP
his	PRON
career	NOUN
as	ADP
a	DET
radical	ADJ
revolutionary	NOUN
.	PUNCT

In	ADP
Pluviose	PROPN
year	NOUN
III	NUM
(	PUNCT
January	PROPN
-	SYM
February	PROPN
1794	NUM
)	PUNCT
,	PUNCT
easing	VERB
off	ADV
the	DET
pressure	NOUN
of	ADP
the	DET
Reign	NOUN
of	ADP
Terror	NOUN
,	PUNCT
he	PRON
took	VERB
various	ADJ
measures	NOUN
to	PART
liberate	VERB
the	DET
suspects	NOUN
.	PUNCT

Financed	VERB
entirely	ADV
with	ADP
Bernard	PROPN
Tapie	PROPN
's	PART
own	ADJ
money	NOUN
,	PUNCT
these	DET
schools	NOUN
were	AUX
closed	VERB
in	ADP
1994	NUM
when	ADV
he	PRON
was	AUX
declared	VERB
bankrupt	ADJ
.	PUNCT

Despite	SCONJ
being	AUX
the	DET
number	NOUN
one	NUM
distributor	NOUN
of	ADP
equipment	NOUN
and	CCONJ
textiles	NOUN
worldwide	ADV
,	PUNCT
the	DET
German	ADJ
company	NOUN
was	VERB
in	ADP
financial	ADJ
trouble	NOUN
.	PUNCT

To	PART
get	VERB
away	ADV
from	ADP
it	PRON
all	DET
,	PUNCT
the	DET
Remis	PROPN
resided	VERB
in	ADP
Switzerland	PROPN
for	ADP
most	ADJ
of	ADP
summer	NOUN
1947	NUM
.	PUNCT

On	ADP
their	PRON
return	NOUN
,	PUNCT
they	PRON
entertained	VERB
the	DET
idea	NOUN
of	SCONJ
living	VERB
in	ADP
South	PROPN
America	PROPN
,	PUNCT
far	ADV
away	ADV
from	ADP
the	DET
problems	NOUN
of	ADP
postwar	ADJ
Belgium	PROPN
.	PUNCT

In	ADP
spring	NOUN
1948	NUM
,	PUNCT
in	ADP
hopes	NOUN
of	SCONJ
adapting	VERB
Tintin	PROPN
for	ADP
the	DET
cinema	NOUN
,	PUNCT
the	DET
Belgian	ADJ
artist	NOUN
wrote	VERB
a	DET
letter	NOUN
to	ADP
Walt	PROPN
Disney	PROPN
,	PUNCT
asking	VERB
in	ADP
vain	NOUN
for	ADP
his	PRON
support	NOUN
.	PUNCT

In	ADP
the	DET
summer	NOUN
,	PUNCT
Georges	PROPN
and	CCONJ
his	PRON
wife	NOUN
returned	VERB
to	ADP
Switzerland	PROPN
,	PUNCT
accompanied	VERB
by	ADP
Rosane	PROPN
,	PUNCT
an	DET
18	NUM
year	NOUN
old	ADJ
who	PRON
was	AUX
the	DET
daughter	NOUN
of	ADP
one	NUM
of	ADP
Germaine	PROPN
's	PART
friends	NOUN
.	PUNCT

During	ADP
the	DET
holiday	NOUN
,	PUNCT
he	PRON
began	VERB
an	DET
extra-marital	ADJ
affair	NOUN
with	ADP
the	DET
young	ADJ
girl	NOUN
,	PUNCT
which	PRON
he	PRON
admitted	VERB
shortly	ADV
after	ADV
.	PUNCT

In	ADP
the	DET
lower	ADJ
part	NOUN
,	PUNCT
there	PRON
are	VERB
three	NUM
palm	NOUN
trees	NOUN
overlooking	VERB
the	DET
sea	NOUN
,	PUNCT
which	PRON
represent	VERB
the	DET
love	NOUN
that	PRON
the	DET
people	NOUN
of	ADP
this	DET
Island	NOUN
have	AUX
for	ADP
their	PRON
land	NOUN
.	PUNCT

Furthermore	ADV
,	PUNCT
the	DET
occurrence	NOUN
of	ADP
hurricanes	NOUN
on	ADP
the	DET
island	NOUN
is	AUX
possible	ADJ
during	ADP
the	DET
summer	NOUN
.	PUNCT

The	DET
islands	NOUN
are	AUX
located	ADJ
at	ADP
the	DET
Indo	PROPN
-	PUNCT
Australian	ADJ
Fault	PROPN
;	PUNCT
the	DET
Fault	NOUN
arose	VERB
due	ADJ
to	ADP
the	DET
collision	NOUN
of	ADP
the	DET
Indian	ADJ
and	CCONJ
Australian	ADJ
plates	NOUN
.	PUNCT

An	DET
element	NOUN
supporting	VERB
this	DET
hypothesis	NOUN
would	AUX
be	AUX
the	DET
intense	ADJ
royal	ADJ
livestock	NOUN
of	ADP
horses	NOUN
that	PRON
took	VERB
place	NOUN
at	ADP
Villa	PROPN
Pelucca	PROPN
,	PUNCT
in	ADP
Sesto	PROPN
San	PROPN
Giovanni	PROPN
.	PUNCT

In	ADP
1928	NUM
,	PUNCT
a	DET
90	NUM
-	PUNCT
hectare	NOUN
golf	NOUN
course	NOUN
was	AUX
built	VERB
in	ADP
the	DET
north	ADJ
-	PUNCT
eastern	ADJ
part	NOUN
of	ADP
the	DET
park	NOUN
,	PUNCT
next	ADP
to	ADP
the	DET
racetrack	NOUN
.	PUNCT

In	ADP
1976	NUM
,	PUNCT
the	DET
racecourse	NOUN
was	AUX
no	ADV
longer	ADV
used	VERB
;	PUNCT
in	ADP
1990	NUM
,	PUNCT
a	DET
fire	NOUN
destroyed	VERB
what	PRON
remained	VERB
of	ADP
the	DET
wooden	ADJ
grandstands	NOUN
,	PUNCT
which	PRON
were	AUX
later	ADV
demolished	VERB
along	ADP
with	ADP
the	DET
stables	NOUN
.	PUNCT

In	ADP
August	PROPN
1969	NUM
,	PUNCT
Pope	PROPN
Paul	PROPN
VI	NUM
removed	VERB
the	DET
death	NOUN
penalty	NOUN
from	ADP
the	DET
Vatican	PROPN
law	NOUN
and	CCONJ
revoked	VERB
it	PRON
from	ADP
all	DET
offences	NOUN
.	PUNCT

The	DET
issuing	NOUN
of	ADP
coinage	NOUN
is	AUX
predominantly	ADV
numismatic	ADJ
in	ADP
nature	NOUN
,	PUNCT
with	ADP
the	DET
intention	NOUN
of	SCONJ
being	AUX
sold	VERB
mainly	ADV
to	ADP
collectors	NOUN
.	PUNCT

The	DET
inner	ADJ
part	NOUN
of	ADP
the	DET
region	NOUN
is	AUX
flat	ADJ
and	CCONJ
hilly	ADJ
,	PUNCT
with	ADP
no	DET
clear	ADJ
distinction	NOUN
between	ADP
one	NUM
area	NOUN
to	ADP
the	DET
next	ADJ
.	PUNCT

There	PRON
are	VERB
many	ADJ
prehistoric	ADJ
artifacts	NOUN
,	PUNCT
including	VERB
several	ADJ
different	ADJ
menhirs	NOUN
and	CCONJ
dolmens	NOUN
.	PUNCT

The	DET
second	ADJ
Apulian	PROPN
and	CCONJ
Calabrian	PROPN
Royal	PROPN
Region	PROPN
was	AUX
then	ADV
established	VERB
,	PUNCT
also	ADV
including	VERB
Samnium	PROPN
,	PUNCT
parts	NOUN
of	ADP
Molise	PROPN
and	CCONJ
the	DET
oriental	ADJ
Basilicata	PROPN
.	PUNCT

During	ADP
the	DET
thirteenth	ADJ
century	NOUN
,	PUNCT
the	DET
name	NOUN
Apulia	PROPN
was	AUX
used	VERB
by	ADP
some	DET
authors	NOUN
to	PART
signify	VERB
the	DET
southern	ADJ
part	NOUN
of	ADP
the	DET
Italian	ADJ
peninsula	NOUN
.	PUNCT

Historian	NOUN
David	PROPN
Crouch	PROPN
suggests	VERB
that	SCONJ
Stephen	PROPN
abandoned	VERB
from	ADP
the	DET
challenge	NOUN
around	ADP
this	DET
time	NOUN
to	PART
focus	VERB
on	ADP
other	ADJ
issues	NOUN
.	PUNCT

Only	ADV
a	DET
handful	NOUN
of	ADP
them	PRON
(	PUNCT
earldoms	NOUN
)	PUNCT
had	AUX
existed	VERB
under	ADP
Henry	PROPN
I	NUM
and	CCONJ
these	PRON
had	AUX
been	AUX
largely	ADV
symbolic	ADJ
.	PUNCT

During	ADP
the	DET
War	PROPN
of	ADP
the	DET
First	ADJ
Coalition	PROPN
,	PUNCT
light	NOUN
quickly	ADV
began	VERB
to	SCONJ
be	AUX
shed	VERB
upon	ADP
a	DET
young	ADJ
Corsican	ADJ
artillery	NOUN
officer	NOUN
,	PUNCT
following	VERB
the	DET
French	ADJ
Revolution	PROPN
:	PUNCT
Napoleon	PROPN
Bonaparte	PROPN
.	PUNCT

Although	SCONJ
not	PART
a	DET
resolver	NOUN
of	ADP
the	DET
conflict	NOUN
,	PUNCT
the	DET
French	ADJ
victory	NOUN
at	ADP
the	DET
Battle	PROPN
of	ADP
Marengo	PROPN
forced	VERB
the	DET
Austrians	PROPN
to	PART
give	VERB
Italy	PROPN
up	ADP
for	ADP
the	DET
second	ADJ
time	NOUN
.	PUNCT

The	DET
blockage	NOUN
of	ADP
Villeneuve	PROPN
's	PART
fleet	NOUN
resulted	VERB
in	SCONJ
giving	VERB
up	ADP
the	DET
invasion	NOUN
plan	NOUN
of	ADP
the	DET
British	PROPN
Isles	PROPN
,	PUNCT
also	ADV
because	SCONJ
new	ADJ
developments	NOUN
were	AUX
taking	VERB
place	NOUN
in	ADP
the	DET
continent	NOUN
.	PUNCT

Napoleon	PROPN
was	AUX
confident	ADJ
that	SCONJ
the	DET
clear	ADJ
success	NOUN
of	ADP
Austerlitz	PROPN
could	AUX
lead	VERB
to	ADP
a	DET
general	ADJ
peace	NOUN
treaty	NOUN
,	PUNCT
but	CCONJ
his	PRON
hopes	NOUN
were	AUX
soon	ADV
dashed	VERB
:	PUNCT
the	DET
new	ADJ
British	ADJ
Prime	PROPN
Minister	PROPN
Lord	PROPN
Grenville	PROPN
refused	VERB
any	DET
agreement	NOUN
,	PUNCT
and	CCONJ
so	ADV
did	VERB
Tsar	PROPN
Alexander	PROPN
.	PUNCT

With	ADP
regards	NOUN
to	ADP
religious	ADJ
practices	NOUN
,	PUNCT
Fiorello	PROPN
was	AUX
educated	VERB
within	ADP
the	DET
Episcopal	PROPN
Church	PROPN
,	PUNCT
and	CCONJ
remained	VERB
a	DET
member	NOUN
of	ADP
the	DET
Protestant	PROPN
Church	PROPN
throughout	ADP
his	PRON
life	NOUN
.	PUNCT

The	DET
man	NOUN
told	VERB
him	PRON
that	SCONJ
a	DET
war	NOUN
between	ADP
the	DET
two	NUM
universes	NOUN
is	AUX
coming	VERB
,	PUNCT
as	SCONJ
he	PRON
and	CCONJ
Walter	PROPN
had	AUX
predicted	VERB
;	PUNCT
it	PRON
is	VERB
for	ADP
this	DET
reason	NOUN
that	SCONJ
Olivia	PROPN
,	PUNCT
among	ADP
others	NOUN
,	PUNCT
was	AUX
trained	VERB
as	ADP
a	DET
child	NOUN
.	PUNCT

Both	DET
students	NOUN
of	ADP
Goffredo	PROPN
Petrassi	PROPN
,	PUNCT
Ennio	PROPN
Morricone	PROPN
and	CCONJ
Bruno	PROPN
Nicolai	PROPN
met	VERB
at	ADP
the	DET
Santa	PROPN
(	PUNCT
Saint	PROPN
)	PUNCT
Cecelia	PROPN
conservatory	NOUN
.	PUNCT

Between	ADP
them	PRON
bloomed	VERB
a	DET
long	ADJ
professional	ADJ
and	CCONJ
amicable	ADJ
relationship	NOUN
that	PRON
lasted	VERB
for	ADP
years	NOUN
.	PUNCT

Nicolai	PROPN
collaborates	VERB
on	ADP
various	ADJ
cinematic	ADJ
scores	NOUN
by	ADP
Morricone	PROPN
as	ADP
Metti	PROPN
,	PUNCT
one	NUM
night	NOUN
at	ADP
dinner	NOUN
;	PUNCT
some	DET
of	ADP
them	PRON
were	AUX
written	VERB
by	ADP
both	DET
together	ADV
.	PUNCT

However	ADV
,	PUNCT
the	DET
friendship	NOUN
has	AUX
fallen	VERB
apart	ADV
due	ADJ
to	ADP
unofficial	ADJ
collaborations	NOUN
between	ADP
the	DET
two	NUM
,	PUNCT
which	PRON
has	AUX
given	VERB
rise	NOUN
to	ADP
legal	ADJ
disputes	NOUN
.	PUNCT

During	ADP
their	PRON
various	ADJ
collaborations	NOUN
,	PUNCT
it	PRON
is	AUX
not	PART
clear	ADJ
who	PRON
between	ADP
the	DET
two	NUM
conceived	VERB
of	ADP
some	DET
stylistic	ADJ
solutions	NOUN
in	ADP
the	DET
arrangements	NOUN
that	PRON
later	ADV
on	ADV
characterised	VERB
both	DET
artists	NOUN
'	PART
style	NOUN
.	PUNCT

In	ADP
the	DET
20th	ADJ
century	NOUN
,	PUNCT
between	ADP
1904	NUM
and	CCONJ
1914	NUM
,	PUNCT
Antonio	PROPN
Gaudí	PROPN
brought	VERB
about	ADP
a	DET
reform	NOUN
that	PRON
lasted	VERB
ten	NUM
years	NOUN
.	PUNCT

It	PRON
has	VERB
three	NUM
parallel	ADJ
chapels	NOUN
at	ADP
the	DET
apse	NOUN
and	CCONJ
many	ADJ
lateral	ADJ
chapels	NOUN
between	ADP
the	DET
buttresses	NOUN
.	PUNCT

Tradition	NOUN
has	VERB
it	PRON
that	SCONJ
the	DET
theme	NOUN
was	AUX
selected	VERB
intentionally	ADV
because	ADP
of	ADP
the	DET
great	ADJ
number	NOUN
of	ADP
converted	ADJ
Jews	PROPN
who	PRON
lived	VERB
in	ADP
Palma	PROPN
.	PUNCT

Before	SCONJ
the	DET
Andes	PROPN
were	AUX
formed	VERB
,	PUNCT
the	DET
western	ADJ
margin	NOUN
of	ADP
South	PROPN
America	PROPN
had	AUX
already	ADV
been	AUX
the	DET
site	NOUN
of	ADP
several	ADJ
orogenies	NOUN
.	PUNCT

The	DET
central	ADJ
Andes	PROPN
belong	VERB
to	ADP
the	DET
so	ADV
-	PUNCT
called	ADJ
'	PUNCT
Andes	X
de	X
tipo	X
andino	X
'	PUNCT
which	PRON
were	AUX
formed	VERB
by	ADP
the	DET
subduction	NOUN
of	ADP
the	DET
oceanic	ADJ
crust	NOUN
.	PUNCT

However	ADV
,	PUNCT
the	DET
breakdown	NOUN
between	ADP
him	PRON
and	CCONJ
Linares	PROPN
and	CCONJ
the	DET
discontinuation	NOUN
of	ADP
the	DET
progressive	ADJ
line	NOUN
provoked	VERB
the	DET
Revolution	PROPN
of	ADP
Vindication	PROPN
which	PRON
overthrew	VERB
him	PRON
in	ADP
1879	NUM
.	PUNCT

Under	ADP
his	PRON
administration	NOUN
,	PUNCT
the	DET
female	ADJ
vote	NOUN
was	AUX
approved	VERB
,	PUNCT
political	ADJ
parties	NOUN
were	AUX
legalised	VERB
,	PUNCT
all	DET
of	ADP
the	DET
exiled	ADJ
were	AUX
allowed	VERB
to	PART
return	VERB
and	CCONJ
the	DET
remaining	VERB
political	ADJ
prisoners	NOUN
were	AUX
freed	VERB
.	PUNCT

The	DET
collapse	NOUN
of	ADP
and	CCONJ
intervention	NOUN
in	ADP
dozens	NOUN
of	ADP
banks	NOUN
lead	VERB
to	ADP
a	DET
flight	NOUN
of	ADP
capital	NOUN
,	PUNCT
causing	VERB
businesses	NOUN
to	PART
go	VERB
bankrupt	ADJ
.	PUNCT

It	PRON
is	AUX
the	DET
portion	NOUN
from	ADP
this	DET
second	ADJ
boundary	NOUN
up	ADP
to	ADP
the	DET
outer	ADJ
boundary	NOUN
,	PUNCT
the	DET
imaginary	ADJ
line	NOUN
that	PRON
connects	VERB
the	DET
lighthouse	NOUN
landmark	NOUN
at	ADP
Punta	PROPN
del	PROPN
Este	PROPN
to	ADP
the	DET
lighthouse	NOUN
landmark	NOUN
at	ADP
Punta	PROPN
Rasa	PROPN
.	PUNCT

Things	NOUN
started	VERB
to	PART
change	VERB
in	ADP
October	PROPN
1777	NUM
when	ADV
British	ADJ
forces	NOUN
under	ADP
the	DET
command	NOUN
of	ADP
General	PROPN
John	PROPN
Burgoyne	PROPN
surrendered	VERB
in	ADP
Saratoga	PROPN
in	ADP
the	DET
north	NOUN
of	ADP
the	DET
state	NOUN
of	ADP
New	ADJ
York	PROPN
.	PUNCT

This	PRON
was	AUX
the	DET
coup	X
de	X
grâce	X
and	CCONJ
encouragement	NOUN
the	DET
settlers	NOUN
needed	VERB
to	PART
get	VERB
their	PRON
independence	NOUN
.	PUNCT

Indians	PROPN
arrived	VERB
from	ADP
Canada	PROPN
,	PUNCT
led	VERB
by	ADP
Joseph	PROPN
Brant	PROPN
;	PUNCT
they	PRON
supported	VERB
the	DET
British	PROPN
because	SCONJ
the	DET
colonists	NOUN
were	AUX
expropriating	VERB
more	ADJ
and	CCONJ
more	ADJ
of	ADP
their	PRON
lands	NOUN
.	PUNCT

The	DET
expedition	NOUN
was	AUX
led	VERB
by	ADP
General	PROPN
Joseph	PROPN
Burgoyne	PROPN
who	PRON
intended	VERB
to	PART
reach	VERB
Albany	PROPN
.	PUNCT

However	ADV
,	PUNCT
they	PRON
were	AUX
intercepted	VERB
and	CCONJ
had	VERB
to	PART
do	VERB
battle	NOUN
in	ADP
Freeman	PROPN
,	PUNCT
close	ADV
to	ADP
the	DET
Hudson	PROPN
River	PROPN
.	PUNCT

Golden	ADJ
Age	NOUN
Spanish	PROPN
or	CCONJ
Early	ADJ
Modern	ADJ
Spanish	PROPN
is	AUX
the	DET
variant	NOUN
of	ADP
the	DET
language	NOUN
that	PRON
constitutes	VERB
the	DET
transition	NOUN
from	ADP
Medieval	ADJ
Spanish	PROPN
to	ADP
Modern	ADJ
Spanish	PROPN
.	PUNCT

On	ADP
the	DET
other	ADJ
hand	NOUN
,	PUNCT
external	ADJ
history	NOUN
contains	VERB
references	NOUN
to	ADP
the	DET
history	NOUN
of	ADP
Spanish	PROPN
speakers	NOUN
,	PUNCT
their	PRON
historical	ADJ
vicissitudes	NOUN
and	CCONJ
the	DET
social	ADJ
use	NOUN
of	ADP
the	DET
language	NOUN
.	PUNCT

Nonetheless	ADV
,	PUNCT
if	SCONJ
the	DET
English	ADJ
law	NOUN
had	AUX
been	AUX
accepted	VERB
,	PUNCT
the	DET
daughters	NOUN
of	ADP
Luis	PROPN
X	NUM
,	PUNCT
Felipe	PROPN
V	NUM
and	CCONJ
Carlos	PROPN
IV	NUM
would	AUX
have	AUX
had	VERB
more	ADV
of	ADP
a	DET
claim	NOUN
to	ADP
the	DET
throne	NOUN
,	PUNCT
above	ADP
their	PRON
aunt	NOUN
Isabella	PROPN
of	ADP
France	PROPN
.	PUNCT

The	DET
attempts	NOUN
at	SCONJ
making	VERB
peace	NOUN
finally	ADV
ended	VERB
in	ADP
spring	NOUN
of	ADP
1415	NUM
and	CCONJ
Enrique	PROPN
decided	VERB
to	PART
execute	VERB
his	PRON
plan	NOUN
:	PUNCT
an	DET
invasion	NOUN
of	ADP
the	DET
entire	ADJ
Kingdom	PROPN
of	ADP
France	PROPN
.	PUNCT

He	PRON
also	ADV
discussed	VERB
the	DET
federalization	NOUN
of	ADP
the	DET
City	PROPN
of	ADP
Buenos	PROPN
Aires	PROPN
,	PUNCT
the	DET
extension	NOUN
of	ADP
the	DET
commercial	ADJ
code	NOUN
and	CCONJ
the	DET
appointment	NOUN
of	ADP
new	ADJ
generals	NOUN
to	ADP
the	DET
army	NOUN
.	PUNCT

In	ADP
1976	NUM
he	PRON
met	VERB
with	ADP
a	DET
friend	NOUN
who	PRON
worked	VERB
with	ADP
his	PRON
record	NOUN
label	NOUN
The	DET
Rocket	PROPN
Record	PROPN
Company	PROPN
,	PUNCT
Kiki	PROPN
Dee	PROPN
,	PUNCT
to	PART
record	VERB
what	PRON
would	AUX
be	AUX
another	DET
remarkable	ADJ
success	NOUN
for	ADP
him	PRON
:	PUNCT
"	PUNCT
Do	AUX
n't	PART
Go	VERB
Breaking	VERB
My	PRON
Heart	NOUN
"	PUNCT
.	PUNCT

Pompey	PROPN
took	VERB
command	NOUN
of	ADP
two	NUM
legions	NOUN
in	ADP
Capua	PROPN
and	CCONJ
began	VERB
to	PART
raise	VERB
levies	NOUN
illegally	ADV
,	PUNCT
an	DET
act	NOUN
that	PRON
,	PUNCT
as	SCONJ
was	AUX
predictable	ADJ
,	PUNCT
took	VERB
advantage	NOUN
of	ADP
the	DET
Caesarians	PROPN
who	PRON
were	VERB
in	ADP
his	PRON
favor	NOUN
.	PUNCT

César	PROPN
was	AUX
personally	ADV
informed	VERB
of	ADP
Pompey	PROPN
's	PART
actions	NOUN
by	ADP
Curio	PROPN
,	PUNCT
who	PRON
at	ADP
that	DET
time	NOUN
had	AUX
finished	VERB
his	PRON
term	NOUN
in	ADP
office	NOUN
.	PUNCT

Meanwhile	ADV
,	PUNCT
his	PRON
place	NOUN
in	ADP
tribune	NOUN
was	AUX
occupied	VERB
by	ADP
Marco	PROPN
Antonio	PROPN
,	PUNCT
who	PRON
held	VERB
the	DET
position	NOUN
until	ADP
December	PROPN
.	PUNCT

But	CCONJ
when	ADV
the	DET
Senate	PROPN
answered	VERB
him	PRON
definitively	ADV
by	SCONJ
prohibiting	VERB
him	PRON
from	SCONJ
competing	VERB
at	ADP
the	DET
consolate	NOUN
and	CCONJ
giving	VERB
him	PRON
the	DET
option	NOUN
of	SCONJ
either	CCONJ
withdrawing	VERB
his	PRON
troops	NOUN
or	CCONJ
becoming	VERB
a	DET
public	ADJ
enemy	NOUN
,	PUNCT
he	PRON
understood	VERB
that	SCONJ
,	PUNCT
whatever	DET
alternative	NOUN
he	PRON
chose	VERB
,	PUNCT
he	PRON
would	AUX
surrender	VERB
unarmed	ADJ
into	ADP
the	DET
hands	NOUN
of	ADP
his	PRON
political	ADJ
enemies	NOUN
.	PUNCT

On	ADP
the	DET
1st	ADJ
January	PROPN
49	NUM
BC	NOUN
,	PUNCT
Marco	PROPN
Antonio	PROPN
read	VERB
a	DET
declaration	NOUN
from	ADP
Caesar	PROPN
in	ADP
which	PRON
the	DET
proconsul	NOUN
declared	VERB
himself	PRON
a	DET
friend	NOUN
of	ADP
peace	NOUN
.	PUNCT

